Bar_ET,ticker,Open,High,Low,Close,Volume
2026-05-18 09:30:00,SPY,739.83,741.415,734.225,737.36,21998258
2026-05-18 13:30:00,SPY,737.35,738.75,733.39,738.56,18933590
2026-05-19 09:30:00,SPY,734.78,737.65,731.53,736.98,25578640
2026-05-19 13:30:00,SPY,736.97,737.57,732.575,733.79,22284024
2026-05-20 09:30:00,SPY,735.71,741.87,733.89,740.155,24184535
2026-05-20 13:30:00,SPY,740.16,741.61,739.3,741.25,14448498
2026-05-21 09:30:00,SPY,738.64,743.05,737.03,742.15,21622046
2026-05-21 13:30:00,SPY,742.16,744.87,740.08,742.75,17573969
2026-05-22 09:30:00,SPY,746.24,748.77,744.48,748.735,16057615
2026-05-22 13:30:00,SPY,748.78,748.94,744.955,745.59,15123673
2026-05-26 09:30:00,SPY,750.01,752.13,748.37,748.65,20612413
2026-05-26 13:30:00,SPY,748.65,750.87,748.5,750.47,15360023
2026-05-27 09:30:00,SPY,750.88,751.38,748.22,749.16,21039834
2026-05-27 13:30:00,SPY,749.16,751.13,749.145,750.47,13967046
2026-05-28 09:30:00,SPY,750.25,754.87,749.23,754.265,19481877
2026-05-28 13:30:00,SPY,754.27,755.15,754.1,754.64,15859945
2026-05-29 09:30:00,SPY,755.9,758.08,754.69,756.61,23175790
2026-05-29 13:30:00,SPY,756.6,757.63,755.13,756.4,19577066
2026-06-01 09:30:00,SPY,755.36,758.55,754.69,758.51,23028506
2026-06-01 13:30:00,SPY,758.54,760.27,757.73,758.44,15405084
2026-06-02 09:30:00,SPY,757.03,760.4,756.75,759.025,15647290
2026-06-02 13:30:00,SPY,759.0112,759.69,758.625,759.47,11286599
2026-06-03 09:30:00,SPY,758.15,758.8,753.57,754.6325,20575427
2026-06-03 13:30:00,SPY,754.6325,756.05,753.9,754.19,21958796
2026-06-04 09:30:00,SPY,752.1,757.18,751.47,757.11,23602783
2026-06-04 13:30:00,SPY,757.11,758.31,756.8,757.05,20038047
2026-06-05 09:30:00,SPY,752.31,752.82,742.46,744.03,35197650
2026-06-05 13:30:00,SPY,744.02,745.295,735.525,737.4,41253546
2026-06-08 09:30:00,SPY,743.36,745.34,740.08,742.03,26089816
2026-06-08 13:30:00,SPY,742.01,742.45,738.19,739.31,15726460
2026-06-09 09:30:00,SPY,743.63,746.9,722.59,730.76,48075104
2026-06-09 13:30:00,SPY,730.78,737.69,730.21,737.06,26516509
2026-06-10 09:30:00,SPY,733.39,738.38,728.49,729.59,28167068
2026-06-10 13:30:00,SPY,729.59,731.77,725.33,725.43,23577866
2026-06-11 09:30:00,SPY,728.76,732.68,724.405,732.52,34744623
2026-06-11 13:30:00,SPY,732.54,740.0,732.225,737.64,38499512
2026-06-12 09:30:00,SPY,740.71,744.44,735.03,742.09,30208969
2026-06-12 13:30:00,SPY,742.12,742.335,740.07,741.66,16364557
2026-06-15 09:30:00,SPY,751.85,756.68,751.76,756.13,23125048
2026-06-15 13:30:00,SPY,756.12,756.3,753.4,754.66,21971361
2026-06-16 09:30:00,SPY,754.55,755.44,751.71,752.19,23435777
2026-06-16 13:30:00,SPY,752.18,752.68,749.88,750.35,22525251
2026-06-17 09:30:00,SPY,751.29,752.15,747.87,749.66,22474847
2026-06-17 13:30:00,SPY,749.66,750.91,739.23,740.93,47037710
2026-06-18 09:30:00,SPY,747.76,748.2,743.86,747.55,45968679
2026-06-18 13:30:00,SPY,747.57,748.23,745.2,746.59,21897633
2026-06-22 09:30:00,SPY,747.7,750.18,743.15,744.7,20714020
2026-06-22 13:30:00,SPY,744.73,745.74,743.13,744.38,19879476
2026-06-23 09:30:00,SPY,733.81,739.63,732.3,737.53,25259155
2026-06-23 13:30:00,SPY,737.56,738.03,733.32,733.67,30187585
2026-06-24 09:30:00,SPY,735.17,739.945,732.06,732.16,22193859
2026-06-24 13:30:00,SPY,732.16,734.66,730.84,733.08,22007999
2026-06-25 09:30:00,SPY,738.91,739.37,729.6,733.26,26454696
2026-06-25 13:30:00,SPY,733.27,736.06,731.33,733.27,19002839
2026-06-26 09:30:00,SPY,728.945,736.53,726.86,734.72,25572515
2026-06-26 13:30:00,SPY,734.72,735.39,716.58,729.08,24834320
2026-06-29 09:30:00,SPY,736.525,740.375,732.09,740.14,27421121
2026-06-29 13:30:00,SPY,740.135,741.56,739.98,740.85,19662840
2026-06-30 09:30:00,SPY,741.29,747.14,740.89,746.49,21408856
2026-06-30 13:30:00,SPY,746.51,748.02,746.15,746.48,22007984
2026-07-01 09:30:00,SPY,745.0,749.435,742.375,747.93,22747706
2026-07-01 13:30:00,SPY,747.94,748.18,745.16,745.7,15226016
2026-07-02 09:30:00,SPY,747.4,751.31,740.37,741.53,25504987
2026-07-02 13:30:00,SPY,741.54,745.58,740.03,744.84,19627235
2026-07-06 09:30:00,SPY,748.74,751.53,747.41,750.7,22374495
2026-07-06 13:30:00,SPY,750.7,752.41,749.63,751.31,20188328
2026-07-07 09:30:00,SPY,750.22,750.96,745.21,748.84,22096938
2026-07-07 13:30:00,SPY,748.85,749.3,746.0,747.7,17004233
2026-07-08 09:30:00,SPY,743.16,745.78,739.51,745.72,25091201
2026-07-08 13:30:00,SPY,745.73,746.15,743.95,745.29,12647317
2026-07-09 09:30:00,SPY,747.35,751.79,745.59,751.755,20527052
2026-07-09 13:30:00,SPY,751.76,751.97,750.6601,751.65,13794402
2026-07-10 09:30:00,SPY,752.05,754.14,748.1,754.01,19788760
2026-07-10 13:30:00,SPY,754.02,755.42,753.875,754.9,15743830
2026-07-13 09:30:00,SPY,752.47,753.9105,748.93,749.81,19532597
2026-07-13 13:30:00,SPY,749.81,750.26,748.0,749.1,19714923
2026-07-14 09:30:00,SPY,750.91,753.31,748.66,752.3,19321596
2026-07-14 13:30:00,SPY,752.32,752.77,751.66,751.87,12427654
2026-07-15 09:30:00,SPY,754.24,755.58,750.2,752.81,21405560
2026-07-15 13:30:00,SPY,752.81,754.92,752.81,754.73,15308081
2026-07-16 09:30:00,SPY,752.76,754.57,750.67,752.705,19139489
2026-07-16 13:30:00,SPY,752.71,752.81,747.88,750.76,20849228
2026-07-17 09:30:00,SPY,742.08,747.29,740.8,746.87,33528345
2026-07-17 13:30:00,SPY,746.88,746.99,742.13,743.155,19391722
2026-07-20 09:30:00,SPY,747.06,748.73,743.56,744.12,21263385
2026-07-20 13:30:00,SPY,744.14,745.38,741.5103,742.14,19696917
2026-07-21 09:30:00,SPY,745.75,749.04,744.18,748.36,15668747
2026-07-21 13:30:00,SPY,748.36,748.93,747.94,748.33,10702337
2026-07-22 09:30:00,SPY,746.62,750.02,746.37,749.0445,15241802
2026-07-22 13:30:00,SPY,749.05,749.41,747.295,747.33,12261852
2026-07-23 09:30:00,SPY,739.02,742.56,735.21,738.75,30472782
2026-07-23 13:30:00,SPY,738.74,738.8,735.72,738.17,19214322
2026-07-24 09:30:00,SPY,738.51,743.72,737.333,741.71,21392545
2026-07-24 13:30:00,SPY,741.75,742.1692,737.29,738.86,19329419
2026-07-27 09:30:00,SPY,744.91,745.53,735.87,736.2,22368750
2026-07-27 13:30:00,SPY,736.22,739.85,736.18,739.02,14942138
2026-07-28 09:30:00,SPY,738.83,742.7901,735.98,741.31,23119699
2026-07-28 13:30:00,SPY,741.3,741.96,740.42,740.76,16885656
2026-07-29 09:30:00,SPY,739.97,740.39,731.73,735.73,21861225
2026-07-29 13:30:00,SPY,735.75,742.68,729.1,729.54,36636724
2026-07-30 09:30:00,SPY,736.05,740.24,734.59,739.76,31441882
2026-07-30 13:30:00,SPY,739.765,742.45,739.19,741.73,22538425
2026-07-31 09:30:00,SPY,744.68,746.4,737.68,746.29,28136216
2026-07-31 13:30:00,SPY,746.3,748.895,745.19,746.81,23474550
2026-08-03 09:30:00,SPY,749.44,757.155,749.1,757.085,31192371
2026-08-03 13:30:00,SPY,757.084,758.58,757.01,757.67,20747088
2026-08-04 09:30:00,SPY,760.63,771.605,760.52,771.28,32966053
2026-08-04 13:30:00,SPY,771.29,773.41,770.96,771.28,25678526
2026-08-05 09:30:00,SPY,775.85,776.85,769.91,771.34,25857897
2026-08-05 13:30:00,SPY,771.33,772.25,769.51,769.74,13499076
2026-08-06 09:30:00,SPY,770.21,771.82,767.46,767.83,18971313
2026-08-06 13:30:00,SPY,767.83,769.79,767.7,768.53,14065151
2026-08-07 09:30:00,SPY,771.02,773.915,769.62,772.09,20842034
2026-08-07 13:30:00,SPY,772.11,773.83,770.89,773.12,14237520
2026-08-10 09:30:00,SPY,772.62,775.05,771.62,773.1095,19171903
2026-08-10 13:30:00,SPY,773.11,773.44,772.315,773.07,12780719
2026-08-11 09:30:00,SPY,774.53,774.54,770.26,770.85,17386977
2026-08-11 13:30:00,SPY,770.85,771.355,769.2,770.48,12025441
2026-08-12 09:30:00,SPY,774.71,774.9,771.29,772.78,16876483
2026-08-12 13:30:00,SPY,772.83,773.63,772.0,772.52,9524346
2026-08-13 09:30:00,SPY,774.87,779.37,774.12,777.11,17427816
2026-08-13 13:30:00,SPY,777.1,778.43,776.62,777.78,12827170
2026-08-14 09:30:00,SPY,778.54,778.8,775.63,775.77,14616031
2026-08-14 13:30:00,SPY,775.78,776.4919,775.4301,776.3,9647765
2026-08-17 09:30:00,SPY,776.18,776.775,773.47,773.58,13446435
2026-08-17 13:30:00,SPY,773.57,773.86,772.51,772.68,15593909
2026-08-18 09:30:00,SPY,768.7,769.5,767.33,768.3,18686940
2026-08-18 13:30:00,SPY,768.29,768.565,766.925,767.39,16779524
2026-08-19 09:30:00,SPY,770.36,772.47,768.1,769.57,18198466
2026-08-19 13:30:00,SPY,769.58,770.55,768.2,769.09,14414326
2026-08-20 09:30:00,SPY,765.96,768.15,764.71,764.78,19387491
2026-08-20 13:30:00,SPY,764.79,765.01,762.04,762.64,19509347
2026-08-21 09:30:00,SPY,766.05,767.85,764.17,765.8,22996038
2026-08-21 13:30:00,SPY,765.82,766.8,765.06,765.69,11674282
2026-08-24 09:30:00,SPY,764.78,765.22,762.08,763.4,18739300
2026-08-24 13:30:00,SPY,763.38,765.11,763.05,763.48,9512841
2026-08-25 09:30:00,SPY,766.16,766.78,763.0501,764.82,14083810
2026-08-25 13:30:00,SPY,764.82,766.22,764.72,765.835,10719553
2026-08-26 09:30:00,SPY,764.73,766.96,763.93,765.65,12490963
2026-08-26 13:30:00,SPY,765.65,767.35,765.35,766.01,11021174
2026-08-27 09:30:00,SPY,768.5,772.355,767.16,771.75,16988254
2026-08-27 13:30:00,SPY,771.75,772.06,769.16,771.04,12732925
2026-08-28 09:30:00,SPY,771.76,775.3,768.3076,768.82,20816294
2026-08-28 13:30:00,SPY,768.84,769.88,768.31,769.38,11406850
2026-08-31 09:30:00,SPY,767.33,767.62,764.715,765.42,13525587
2026-08-31 13:30:00,SPY,765.425,767.995,765.05,766.95,16980694
2026-09-01 09:30:00,SPY,762.01,764.67,760.73,761.68,18149568
2026-09-01 13:30:00,SPY,761.68,762.23,759.48,761.7,15290316
2026-09-02 09:30:00,SPY,762.005,766.43,761.73,764.71,12883261
2026-09-02 13:30:00,SPY,764.75,766.0899,764.35,765.15,10248003
2026-09-03 09:30:00,SPY,767.9,773.32,767.47,772.6687,21467791
2026-09-03 13:30:00,SPY,772.65,774.03,772.6475,773.11,14660093
2026-09-04 09:30:00,SPY,772.01,772.87,769.0,769.852,15872985
2026-09-04 13:30:00,SPY,769.85,770.48,769.13,770.23,12329761
2026-09-08 09:30:00,SPY,769.3,769.69,765.99,767.475,18193366
2026-09-08 13:30:00,SPY,767.58,767.89,765.14,765.99,14942537
2026-09-09 09:30:00,SPY,764.08,764.47,760.94,762.92,15345055
2026-09-09 13:30:00,SPY,762.93,763.4097,762.1,762.39,12871642
2026-09-10 09:30:00,SPY,758.03,760.11,756.64,758.59,25309331
2026-09-10 13:30:00,SPY,758.58,758.77,757.2599,757.88,13316055
2026-09-11 09:30:00,SPY,764.73,766.38,763.6,765.995,23597012
2026-09-11 13:30:00,SPY,765.995,766.26,764.04,764.18,16298679
2026-09-14 09:30:00,SPY,759.0,763.52,757.93,762.68,20366137
2026-09-14 13:30:00,SPY,762.715,762.87,760.66,760.77,19219595
2026-09-15 09:30:00,SPY,760.117,760.34,756.15,756.88,18376534
2026-09-15 13:30:00,SPY,756.86,757.935,756.51,757.42,18254351
2026-09-16 09:30:00,SPY,759.5,761.67,758.723,759.93,15321762
2026-09-16 13:30:00,SPY,759.935,761.225,749.6,754.07,34673365
2026-09-17 09:30:00,SPY,763.15,763.41,759.96,762.035,20892952
2026-09-17 13:30:00,SPY,762.06,763.57,761.9,762.68,15711967
2026-09-18 09:30:00,SPY,761.31,761.76,757.971,759.4,40199776
2026-09-18 13:30:00,SPY,759.405,762.0,759.23,761.63,15149766
2026-09-21 09:30:00,SPY,766.27,772.98,766.03,772.805,24235355
2026-09-21 13:30:00,SPY,772.82,774.89,772.24,773.52,19038938
2026-09-22 09:30:00,SPY,774.03,775.14,772.57,773.58,17093317
2026-09-22 13:30:00,SPY,773.55,774.94,773.1,773.44,12359638
2026-09-23 09:30:00,SPY,772.79,773.05,766.5,767.27,20182643
2026-09-23 13:30:00,SPY,767.26,769.045,766.57,767.78,17400261
2026-09-24 09:30:00,SPY,764.065,768.95,763.245,767.225,19869940
2026-09-24 13:30:00,SPY,767.22,768.38,765.62,767.24,13587561
2026-09-25 09:30:00,SPY,768.78,771.98,766.29,771.26,19144013
2026-09-25 13:30:00,SPY,771.27,772.28,770.18,771.36,11182327
2026-09-28 09:30:00,SPY,768.35,769.54,763.715,767.06,21290093
2026-09-28 13:30:00,SPY,767.04,767.56,764.83,765.5,15403972
2026-09-29 09:30:00,SPY,766.83,766.98,762.35,763.08,17070094
2026-09-29 13:30:00,SPY,763.07,765.3,762.385,764.29,14075870
2026-09-30 09:30:00,SPY,766.45,769.41,766.0,767.0,15833396
2026-09-30 13:30:00,SPY,766.98,767.97,762.2,762.44,27393409
2026-10-01 09:30:00,SPY,764.36,765.34,758.7901,763.685,25911562
2026-10-01 13:30:00,SPY,763.69,765.65,762.201,764.02,15420182
2026-10-02 09:30:00,SPY,770.58,772.65,767.145,768.54,25733363
2026-10-02 13:30:00,SPY,768.48,770.0768,768.42,769.67,14087662
2026-10-05 09:30:00,SPY,769.69,774.54,769.63,774.355,17010468
2026-10-05 13:30:00,SPY,774.355,776.605,773.99,774.94,19101947
2026-10-06 09:30:00,SPY,778.17,781.62,777.96,779.7,17840305
2026-10-06 13:30:00,SPY,779.7,780.349,779.02,779.14,11820723
2026-10-07 09:30:00,SPY,775.77,777.7,773.61,777.31,14561875
2026-10-07 13:30:00,SPY,777.31,779.1021,776.79,777.14,11614058
2026-10-08 09:30:00,SPY,774.86,777.09,770.435,771.08,20255491
2026-10-08 13:30:00,SPY,771.1,774.08,770.86,773.89,12529310
2026-05-18 09:30:00,QQQ,711.44,712.07,699.6199,703.603,31576758
2026-05-18 13:30:00,QQQ,703.62,706.16,698.87,705.7,15388107
2026-05-19 09:30:00,QQQ,701.32,706.49,695.27,705.445,30302586
2026-05-19 13:30:00,QQQ,705.44,706.33,700.2,701.53,13826535
2026-05-20 09:30:00,QQQ,705.32,713.1,703.79,710.68,22034444
2026-05-20 13:30:00,QQQ,710.71,713.11,710.178,713.07,10944141
2026-05-21 09:30:00,QQQ,709.0,715.21,706.77,713.67,21910316
2026-05-21 13:30:00,QQQ,713.745,717.1195,710.91,714.44,12346347
2026-05-22 09:30:00,QQQ,718.06,721.85,715.97,721.84,18160243
2026-05-22 13:30:00,QQQ,721.87,722.12,716.925,717.43,11693734
2026-05-26 09:30:00,QQQ,726.025,731.17,724.16,727.5999,22261798
2026-05-26 13:30:00,QQQ,727.5921,731.02,727.3201,730.215,9176407
2026-05-27 09:30:00,QQQ,732.95,733.32,725.44,727.3,25061732
2026-05-27 13:30:00,QQQ,727.35,730.0699,726.9701,729.49,7964700
2026-05-28 09:30:00,QQQ,729.74,736.45,726.41,735.575,20590760
2026-05-28 13:30:00,QQQ,735.58,736.6,734.92,735.57,10027343
2026-05-29 09:30:00,QQQ,737.7101,741.61,735.25,737.63,21602518
2026-05-29 13:30:00,QQQ,737.63,739.42,735.78,738.225,11448625
2026-06-01 09:30:00,QQQ,737.13,743.48,735.99,743.41,19626117
2026-06-01 13:30:00,QQQ,743.49,745.64,742.34,742.69,11319737
2026-06-02 09:30:00,QQQ,742.46,746.22,739.23,744.555,18725338
2026-06-02 13:30:00,QQQ,744.56,746.44,743.5,746.14,9039858
2026-06-03 09:30:00,QQQ,747.345,748.63,741.02,742.921,23762154
2026-06-03 13:30:00,QQQ,742.92,745.755,742.22,744.2542,12674699
2026-06-04 09:30:00,QQQ,735.49,741.45,732.63,741.39,23622095
2026-06-04 13:30:00,QQQ,741.385,744.21,740.39,740.5,12785512
2026-06-05 09:30:00,QQQ,729.926,731.68,713.7,715.65,46140556
2026-06-05 13:30:00,QQQ,715.62,717.21,704.32,705.21,43073546
2026-06-08 09:30:00,QQQ,717.81,723.0276,713.1,719.6799,30020563
2026-06-08 13:30:00,QQQ,719.59,720.14,714.23,716.1,13997430
2026-06-09 09:30:00,QQQ,722.97,725.66,686.37,698.955,60083759
2026-06-09 13:30:00,QQQ,698.93,708.6,698.04,707.96,26203271
2026-06-10 09:30:00,QQQ,701.495,711.26,696.13,697.57,39411508
2026-06-10 13:30:00,QQQ,697.55,701.07,692.93,693.71,19802740
2026-06-11 09:30:00,QQQ,699.29,707.44,695.0,707.27,34545577
2026-06-11 13:30:00,QQQ,707.27,718.3721,706.855,716.56,31608506
2026-06-12 09:30:00,QQQ,717.61,724.01,711.28,723.065,36516572
2026-06-12 13:30:00,QQQ,723.08,723.23,719.59,721.32,12041193
2026-06-15 09:30:00,QQQ,738.09,744.7599,737.38,744.01,27827329
2026-06-15 13:30:00,QQQ,744.03,744.28,742.43,743.81,13252591
2026-06-16 09:30:00,QQQ,742.28,744.22,732.51,733.6499,24951173
2026-06-16 13:30:00,QQQ,733.62,735.06,729.64,729.78,15875671
2026-06-17 09:30:00,QQQ,735.22,735.678,729.56,732.7801,20472783
2026-06-17 13:30:00,QQQ,732.75,735.38,720.85,722.4,24866446
2026-06-18 09:30:00,QQQ,737.1,740.5489,732.53,739.9995,28170065
2026-06-18 13:30:00,QQQ,739.99,741.79,738.43,739.69,14754347
2026-06-22 09:30:00,QQQ,742.02,745.43,734.39,736.6415,22532846
2026-06-22 13:30:00,QQQ,736.66,738.5,735.1283,738.05,10962673
2026-06-23 09:30:00,QQQ,714.25,723.61,713.28,719.115,28654166
2026-06-23 13:30:00,QQQ,719.1,719.79,712.1101,713.52,18887191
2026-06-24 09:30:00,QQQ,714.8,719.93,707.87,708.03,22277961
2026-06-24 13:30:00,QQQ,708.06,711.6428,704.45,710.63,16860713
2026-06-25 09:30:00,QQQ,725.91,726.76,705.3,716.5868,33633845
2026-06-25 13:30:00,QQQ,716.68,719.59,712.96,716.26,12203771
2026-06-26 09:30:00,QQQ,707.09,715.55,702.81,713.615,22609480
2026-06-26 13:30:00,QQQ,713.57,714.59,705.21,705.54,15938384
2026-06-29 09:30:00,QQQ,713.99,723.047,705.172,723.0,26413082
2026-06-29 13:30:00,QQQ,722.99,724.58,722.24,724.03,13871398
2026-06-30 09:30:00,QQQ,724.17,736.68,723.92,735.88,19167829
2026-06-30 13:30:00,QQQ,735.94,737.62,735.175,735.76,17869577
2026-07-01 09:30:00,QQQ,729.16,731.91,725.52,728.33,23829821
2026-07-01 13:30:00,QQQ,728.35,728.92,724.6,725.13,12767153
2026-07-02 09:30:00,QQQ,725.58,730.82,708.99,710.4,30904257
2026-07-02 13:30:00,QQQ,710.39,713.78,707.56,712.74,15011010
2026-07-06 09:30:00,QQQ,719.7,726.08,718.48,722.76,17040421
2026-07-06 13:30:00,QQQ,722.76,725.19,721.03,722.65,10156318
2026-07-07 09:30:00,QQQ,714.14,716.3397,704.9,712.74,27469994
2026-07-07 13:30:00,QQQ,712.75,713.74,706.43,709.38,11633822
2026-07-08 09:30:00,QQQ,704.94,710.8199,700.91,710.6801,23798295
2026-07-08 13:30:00,QQQ,710.76,712.2599,707.88,711.28,8357336
2026-07-09 09:30:00,QQQ,718.29,724.16,715.125,724.11,21515367
2026-07-09 13:30:00,QQQ,724.1499,724.23,721.97,723.18,8045463
2026-07-10 09:30:00,QQQ,720.7,725.79,717.0,725.77,17161103
2026-07-10 13:30:00,QQQ,725.7682,726.39,725.16,725.53,7842090
2026-07-13 09:30:00,QQQ,717.72,718.74,711.7,713.01,22072438
2026-07-13 13:30:00,QQQ,713.02,713.51,710.1,711.72,11937368
2026-07-14 09:30:00,QQQ,720.14,722.28,714.34,721.15,20037774
2026-07-14 13:30:00,QQQ,721.22,721.855,719.29,719.68,7219607
2026-07-15 09:30:00,QQQ,723.94,724.35,710.23,715.26,21531359
2026-07-15 13:30:00,QQQ,715.28,718.59,714.9205,717.69,8531692
2026-07-16 09:30:00,QQQ,712.0,717.74,707.0,708.74,19617344
2026-07-16 13:30:00,QQQ,708.79,709.01,702.61,706.02,15732383
2026-07-17 09:30:00,QQQ,691.63,702.3,686.76,702.0,36470846
2026-07-17 13:30:00,QQQ,702.0,702.15,694.23,695.3,12733532
2026-07-20 09:30:00,QQQ,702.26,705.8,698.08,700.153,30156027
2026-07-20 13:30:00,QQQ,700.16,701.39,695.51,695.99,9376705
2026-07-21 09:30:00,QQQ,706.68,709.88,702.81,709.315,17290171
2026-07-21 13:30:00,QQQ,709.33,710.05,708.33,708.95,11759701
2026-07-22 09:30:00,QQQ,703.64,709.6473,703.64,708.7698,14592143
2026-07-22 13:30:00,QQQ,708.715,709.09,705.19,705.27,5843651
2026-07-23 09:30:00,QQQ,694.64,698.66,687.8,693.1399,26874234
2026-07-23 13:30:00,QQQ,693.0,693.13,688.93,691.8,10719764
2026-07-24 09:30:00,QQQ,690.25,692.63,683.546,689.79,23560816
2026-07-24 13:30:00,QQQ,689.81,690.5063,682.48,684.22,15581680
2026-07-27 09:30:00,QQQ,691.72,692.26,675.945,677.39,27682218
2026-07-27 13:30:00,QQQ,677.39,683.6,677.34,682.06,12114546
2026-07-28 09:30:00,QQQ,676.19,679.4,667.88,677.4,34244839
2026-07-28 13:30:00,QQQ,677.375,678.45,675.28,675.5,12121671
2026-07-29 09:30:00,QQQ,675.46,677.46,663.3,669.11,25856799
2026-07-29 13:30:00,QQQ,668.74,680.05,661.145,661.63,24724422
2026-07-30 09:30:00,QQQ,674.68,683.71,673.3,681.98,38719445
2026-07-30 13:30:00,QQQ,682.0,685.12,681.27,683.6,20602204
2026-07-31 09:30:00,QQQ,692.12,695.77,680.0512,689.36,32424068
2026-07-31 13:30:00,QQQ,689.37,690.88,687.48,688.01,12360589
2026-08-03 09:30:00,QQQ,688.34,699.7598,685.82,699.67,34284189
2026-08-03 13:30:00,QQQ,699.67,701.59,699.27,700.08,16719794
2026-08-04 09:30:00,QQQ,708.205,722.5,707.59,722.35,35811384
2026-08-04 13:30:00,QQQ,722.3,725.65,721.985,723.68,17363694
2026-08-05 09:30:00,QQQ,726.225,728.54,719.49,720.77,22282409
2026-08-05 13:30:00,QQQ,720.8,721.56,716.93,717.22,8001317
2026-08-06 09:30:00,QQQ,710.76,719.32,708.5,715.39,21298416
2026-08-06 13:30:00,QQQ,715.39,716.55,714.0,714.62,8940251
2026-08-07 09:30:00,QQQ,720.19,723.4999,716.52,720.92,19801323
2026-08-07 13:30:00,QQQ,720.9,723.62,719.235,722.89,8753647
2026-08-10 09:30:00,QQQ,722.65,724.67,720.34,721.94,16367605
2026-08-10 13:30:00,QQQ,721.94,722.1666,720.33,720.805,7708933
2026-08-11 09:30:00,QQQ,723.3,723.3,716.87,717.66,16248487
2026-08-11 13:30:00,QQQ,717.579,718.935,715.79,718.34,10955282
2026-08-12 09:30:00,QQQ,726.97,727.25,722.92,725.08,28155419
2026-08-12 13:30:00,QQQ,725.07,725.56,723.035,723.67,8204367
2026-08-13 09:30:00,QQQ,725.125,733.755,724.04,733.0484,21107308
2026-08-13 13:30:00,QQQ,733.05,733.96,731.55,732.06,7934188
2026-08-14 09:30:00,QQQ,733.26,734.39,728.32,729.0131,13848735
2026-08-14 13:30:00,QQQ,728.98,731.12,728.78,731.05,7781519
2026-08-17 09:30:00,QQQ,732.96,734.58,729.94,730.035,16645155
2026-08-17 13:30:00,QQQ,730.02,731.0,729.27,729.8599,8355506
2026-08-18 09:30:00,QQQ,720.22,722.13,715.92,718.35,31641359
2026-08-18 13:30:00,QQQ,718.31,718.47,716.69,717.59,14335995
2026-08-19 09:30:00,QQQ,720.41,721.4999,712.61,716.54,22225142
2026-08-19 13:30:00,QQQ,716.54,717.79,715.24,716.11,10788773
2026-08-20 09:30:00,QQQ,712.28,714.94,710.1337,710.79,19773652
2026-08-20 13:30:00,QQQ,710.69,711.65,708.52,710.95,10926452
2026-08-21 09:30:00,QQQ,715.23,715.6738,709.205,713.415,20863837
2026-08-21 13:30:00,QQQ,713.425,714.31,712.43,713.41,9321750
2026-08-24 09:30:00,QQQ,709.625,709.79,702.7,707.235,21639972
2026-08-24 13:30:00,QQQ,707.25,709.53,706.21,706.24,13038091
2026-08-25 09:30:00,QQQ,711.27,714.04,707.45,709.48,15785365
2026-08-25 13:30:00,QQQ,709.5,711.08,706.32,710.64,6257393
2026-08-26 09:30:00,QQQ,708.5,712.2,707.97,710.61,10622407
2026-08-26 13:30:00,QQQ,710.6,713.02,710.5101,711.3,6285268
2026-08-27 09:30:00,QQQ,716.98,720.62,714.525,719.765,16226011
2026-08-27 13:30:00,QQQ,719.7569,721.35,717.04,721.06,10158354
2026-08-28 09:30:00,QQQ,719.75,724.125,715.085,715.89,21014804
2026-08-28 13:30:00,QQQ,715.84,717.29,715.15,716.45,9606186
2026-08-31 09:30:00,QQQ,715.12,717.001,713.16,714.21,17825518
2026-08-31 13:30:00,QQQ,714.2,717.575,713.8492,716.86,10543176
2026-09-01 09:30:00,QQQ,707.43,712.3,705.62,708.065,19710184
2026-09-01 13:30:00,QQQ,708.07,708.55,704.66,707.655,11021914
2026-09-02 09:30:00,QQQ,707.11,709.7988,705.11,708.32,13971671
2026-09-02 13:30:00,QQQ,708.335,709.49,707.76,709.25,7814737
2026-09-03 09:30:00,QQQ,710.85,717.93,709.6938,716.97,18338930
2026-09-03 13:30:00,QQQ,716.958,718.91,716.958,717.61,9012223
2026-09-04 09:30:00,QQQ,719.36,721.86,716.79,717.505,20557838
2026-09-04 13:30:00,QQQ,717.5,719.44,716.56,719.06,10419941
2026-09-08 09:30:00,QQQ,720.97,721.886,715.57,720.26,16837018
2026-09-08 13:30:00,QQQ,720.28,720.67,717.25,718.3806,8285448
2026-09-09 09:30:00,QQQ,716.29,719.7,714.02,716.24,16921337
2026-09-09 13:30:00,QQQ,716.26,717.04,715.53,716.28,7366363
2026-09-10 09:30:00,QQQ,707.565,712.06,706.855,710.49,19758049
2026-09-10 13:30:00,QQQ,710.468,710.5899,708.28,708.66,8685831
2026-09-11 09:30:00,QQQ,715.44,717.62,713.65,716.765,25210930
2026-09-11 13:30:00,QQQ,716.72,717.09,714.74,714.85,7836028
2026-09-14 09:30:00,QQQ,703.29,712.35,702.75,712.348,21783181
2026-09-14 13:30:00,QQQ,712.35,712.95,709.09,709.16,10833091
2026-09-15 09:30:00,QQQ,708.76,709.5299,703.906,704.8,14059624
2026-09-15 13:30:00,QQQ,704.81,705.57,703.635,704.59,9797082
2026-09-16 09:30:00,QQQ,708.06,711.85,707.65,709.685,17361265
2026-09-16 13:30:00,QQQ,709.7,711.65,700.0,704.75,20278926
2026-09-17 09:30:00,QQQ,716.05,717.16,713.32,716.32,17657456
2026-09-17 13:30:00,QQQ,716.34,718.0401,715.86,716.87,15423554
2026-09-18 09:30:00,QQQ,718.84,719.54,715.08,717.07,24488721
2026-09-18 13:30:00,QQQ,717.06,721.725,716.851,721.36,16421901
2026-09-21 09:30:00,QQQ,727.95,739.39,727.82,738.97,24645873
2026-09-21 13:30:00,QQQ,738.98,743.22,738.5995,741.45,16149504
2026-09-22 09:30:00,QQQ,741.005,746.6,741.0,745.59,19323121
2026-09-22 13:30:00,QQQ,745.59,748.349,744.83,747.465,12224657
2026-09-23 09:30:00,QQQ,746.99,747.12,738.191,739.05,19864730
2026-09-23 13:30:00,QQQ,739.04,741.5296,738.865,741.17,10490431
2026-09-24 09:30:00,QQQ,735.16,742.65,734.6301,740.46,17656404
2026-09-24 13:30:00,QQQ,740.48,741.86,737.76,741.06,8644929
2026-09-25 09:30:00,QQQ,742.84,745.915,739.64,745.1928,19144601
2026-09-25 13:30:00,QQQ,745.2,745.51,743.351,744.44,8279513
2026-09-28 09:30:00,QQQ,740.455,741.42,731.63,737.81,25904133
2026-09-28 13:30:00,QQQ,737.8,738.62,735.81,736.54,12735453
2026-09-29 09:30:00,QQQ,740.17,740.5799,735.34,736.83,13057650
2026-09-29 13:30:00,QQQ,736.82,739.01,735.43,737.96,9811557
2026-09-30 09:30:00,QQQ,740.19,745.08,739.76,742.33,13670847
2026-09-30 13:30:00,QQQ,742.37,744.13,739.49,739.7,11395669
2026-10-01 09:30:00,QQQ,742.58,743.925,736.27,742.63,22014982
2026-10-01 13:30:00,QQQ,742.63,744.67,740.44,742.04,11850056
2026-10-02 09:30:00,QQQ,751.31,754.53,747.535,748.09,21989168
2026-10-02 13:30:00,QQQ,747.99,750.05,747.78,749.53,7402990
2026-10-05 09:30:00,QQQ,749.34,754.87,749.08,754.635,14474107
2026-10-05 13:30:00,QQQ,754.47,756.915,754.42,756.1,9174892
2026-10-06 09:30:00,QQQ,760.54,762.86,759.1,760.625,15787111
2026-10-06 13:30:00,QQQ,760.6001,761.5599,759.34,759.61,8836778
2026-10-07 09:30:00,QQQ,753.87,757.485,751.76,756.855,15666094
2026-10-07 13:30:00,QQQ,756.855,758.2,756.25,757.71,6244829
2026-10-08 09:30:00,QQQ,753.942,757.1799,743.23,744.39,26415251
2026-10-08 13:30:00,QQQ,744.42,748.76,744.16,747.57,16903126
2026-05-18 09:30:00,IWM,278.74,279.08,274.92,275.87,17493394
2026-05-18 13:30:00,IWM,275.865,276.77,273.94,275.99,8603856
2026-05-19 09:30:00,IWM,273.805,275.075,270.63,274.665,16827348
2026-05-19 13:30:00,IWM,274.66,274.96,272.68,273.01,10891586
2026-05-20 09:30:00,IWM,274.36,279.92,273.41,279.12,19707210
2026-05-20 13:30:00,IWM,279.12,280.09,278.67,279.84,9320311
2026-05-21 09:30:00,IWM,278.66,282.48,277.15,282.05,18899851
2026-05-21 13:30:00,IWM,282.04,283.68,281.45,282.51,11066985
2026-05-22 09:30:00,IWM,284.1,286.515,283.67,286.43,12981259
2026-05-22 13:30:00,IWM,286.45,286.61,284.475,285.11,8815872
2026-05-26 09:30:00,IWM,288.39,290.515,287.74,289.24,14617061
2026-05-26 13:30:00,IWM,289.245,290.55,289.16,290.51,8053483
2026-05-27 09:30:00,IWM,291.16,291.72,289.31,290.56,17796857
2026-05-27 13:30:00,IWM,290.55,290.86,289.885,290.36,5080407
2026-05-28 09:30:00,IWM,289.64,292.59,287.98,291.865,14331649
2026-05-28 13:30:00,IWM,291.87,292.74,291.685,292.02,7267950
2026-05-29 09:30:00,IWM,291.38,291.41,288.33,290.43,16573106
2026-05-29 13:30:00,IWM,290.42,290.61,289.085,290.4,7045122
2026-06-01 09:30:00,IWM,288.37,289.95,286.27,289.95,14227734
2026-06-01 13:30:00,IWM,289.96,290.605,288.9101,288.97,7688046
2026-06-02 09:30:00,IWM,288.46,291.865,288.4,290.72,11495789
2026-06-02 13:30:00,IWM,290.7298,291.7,290.7,291.64,4713347
2026-06-03 09:30:00,IWM,289.99,290.01,286.78,287.35,15817424
2026-06-03 13:30:00,IWM,287.335,288.28,287.02,287.68,11648904
2026-06-04 09:30:00,IWM,287.56,291.95,286.66,291.485,14418434
2026-06-04 13:30:00,IWM,291.49,292.875,291.33,291.99,7409218
2026-06-05 09:30:00,IWM,289.1,289.395,283.29,284.02,19447657
2026-06-05 13:30:00,IWM,284.025,284.47,280.15,281.66,14006802
2026-06-08 09:30:00,IWM,285.51,286.84,283.96,284.55,17829904
2026-06-08 13:30:00,IWM,284.54,285.38,283.575,284.13,7694802
2026-06-09 09:30:00,IWM,287.18,290.87,277.625,282.09,27860539
2026-06-09 13:30:00,IWM,282.08,285.68,281.83,284.98,11774009
2026-06-10 09:30:00,IWM,284.59,289.0,282.98,284.07,24576260
2026-06-10 13:30:00,IWM,284.09,285.15,281.76,282.01,11969644
2026-06-11 09:30:00,IWM,284.44,288.02,284.07,287.74,21416711
2026-06-11 13:30:00,IWM,287.765,291.06,287.62,290.38,18229289
2026-06-12 09:30:00,IWM,291.63,295.72,290.31,293.95,22570210
2026-06-12 13:30:00,IWM,294.01,294.16,292.69,292.95,9619789
2026-06-15 09:30:00,IWM,296.56,297.91,294.76,295.535,15632340
2026-06-15 13:30:00,IWM,295.535,295.77,293.92,294.68,6646721
2026-06-16 09:30:00,IWM,295.5,296.8,292.63,293.47,12783951
2026-06-16 13:30:00,IWM,293.485,293.97,291.58,292.13,8988365
2026-06-17 09:30:00,IWM,292.47,295.605,292.35,295.4,14330159
2026-06-17 13:30:00,IWM,295.4,295.82,288.93,289.86,23201043
2026-06-18 09:30:00,IWM,294.55,295.11,291.42,294.31,20485355
2026-06-18 13:30:00,IWM,294.34,295.97,294.0,295.52,8172647
2026-06-22 09:30:00,IWM,297.13,299.49,296.16,297.61,13535930
2026-06-22 13:30:00,IWM,297.6199,299.17,297.46,298.18,7567666
2026-06-23 09:30:00,IWM,293.26,297.75,292.42,297.35,16279009
2026-06-23 13:30:00,IWM,297.345,297.42,294.63,295.29,8189013
2026-06-24 09:30:00,IWM,295.88,299.69,294.69,296.36,14943013
2026-06-24 13:30:00,IWM,296.34,297.495,295.09,296.74,11691671
2026-06-25 09:30:00,IWM,299.52,301.5,296.9,298.46,15244834
2026-06-25 13:30:00,IWM,298.47,298.905,296.73,298.84,10038348
2026-06-26 09:30:00,IWM,296.6,300.03,295.73,298.08,14946718
2026-06-26 13:30:00,IWM,298.1,298.77,296.4,297.68,14225412
2026-06-29 09:30:00,IWM,298.11,299.16,294.68,297.529,15441029
2026-06-29 13:30:00,IWM,297.52,299.09,297.39,298.95,6778781
2026-06-30 09:30:00,IWM,298.56,300.7,297.44,300.7,10728162
2026-06-30 13:30:00,IWM,300.705,300.98,300.17,300.41,9140393
2026-07-01 09:30:00,IWM,299.93,302.72,298.92,301.515,11830377
2026-07-01 13:30:00,IWM,301.51,301.68,299.1836,299.31,6716730
2026-07-02 09:30:00,IWM,300.54,302.23,295.61,296.07,11724141
2026-07-02 13:30:00,IWM,296.0648,297.61,294.98,297.54,7554773
2026-07-06 09:30:00,IWM,297.75,300.41,297.62,299.96,11674235
2026-07-06 13:30:00,IWM,299.965,299.99,298.71,298.87,5674749
2026-07-07 09:30:00,IWM,299.17,299.972,295.18,297.41,11004009
2026-07-07 13:30:00,IWM,297.42,297.59,295.52,296.2,5714000
2026-07-08 09:30:00,IWM,294.04,295.1,290.68,293.43,16294786
2026-07-08 13:30:00,IWM,293.43,293.92,292.51,293.47,5639248
2026-07-09 09:30:00,IWM,295.27,297.77,294.9,297.77,9072620
2026-07-09 13:30:00,IWM,297.76,297.88,296.99,297.26,5710396
2026-07-10 09:30:00,IWM,297.69,298.21,293.63,295.9397,9599709
2026-07-10 13:30:00,IWM,295.94,296.47,295.75,295.96,4949450
2026-07-13 09:30:00,IWM,295.06,295.78,292.89,293.38,9607550
2026-07-13 13:30:00,IWM,293.38,293.68,292.6,293.46,8489414
2026-07-14 09:30:00,IWM,295.49,296.065,293.75,294.48,11298845
2026-07-14 13:30:00,IWM,294.5,294.92,294.04,294.49,6042615
2026-07-15 09:30:00,IWM,295.25,297.14,294.15,295.81,11609980
2026-07-15 13:30:00,IWM,295.81,296.4,295.11,295.77,5867854
2026-07-16 09:30:00,IWM,294.65,297.81,294.61,295.71,12486189
2026-07-16 13:30:00,IWM,295.695,295.79,294.345,295.62,8422115
2026-07-17 09:30:00,IWM,292.03,296.13,291.65,295.38,17064917
2026-07-17 13:30:00,IWM,295.37,295.45,292.955,294.1,9875073
2026-07-20 09:30:00,IWM,295.01,295.99,292.54,293.65,10664894
2026-07-20 13:30:00,IWM,293.65,294.22,292.18,292.3,7958767
2026-07-21 09:30:00,IWM,293.43,296.31,292.68,295.79,9765555
2026-07-21 13:30:00,IWM,295.79,296.75,295.57,296.49,5464510
2026-07-22 09:30:00,IWM,295.7,296.44,293.95,294.4,10777381
2026-07-22 13:30:00,IWM,294.39,294.69,293.41,293.76,6474425
2026-07-23 09:30:00,IWM,290.87,293.01,290.17,291.43,18018757
2026-07-23 13:30:00,IWM,291.43,292.14,290.825,292.04,7965573
2026-07-24 09:30:00,IWM,293.41,293.97,290.48,293.01,12515586
2026-07-24 13:30:00,IWM,293.01,293.2,290.76,291.19,6060788
2026-07-27 09:30:00,IWM,293.98,295.52,291.1101,291.65,12674306
2026-07-27 13:30:00,IWM,291.65,293.43,291.57,292.93,5546128
2026-07-28 09:30:00,IWM,293.15,293.77,290.375,293.21,11579886
2026-07-28 13:30:00,IWM,293.23,293.68,292.5118,293.36,7903002
2026-07-29 09:30:00,IWM,292.49,293.51,288.42,289.59,13455016
2026-07-29 13:30:00,IWM,289.59,293.665,288.26,288.62,17750635
2026-07-30 09:30:00,IWM,291.15,291.7,288.96,291.28,13916733
2026-07-30 13:30:00,IWM,291.29,292.84,290.89,292.52,6673048
2026-07-31 09:30:00,IWM,293.56,293.93,287.83,291.76,17529164
2026-07-31 13:30:00,IWM,291.775,291.87,290.93,291.15,8389955
2026-08-03 09:30:00,IWM,292.9,296.15,292.4,295.33,13701027
2026-08-03 13:30:00,IWM,295.33,296.66,295.25,296.23,7969866
2026-08-04 09:30:00,IWM,297.59,301.885,297.22,301.72,11605270
2026-08-04 13:30:00,IWM,301.73,302.39,301.53,301.71,7820324
2026-08-05 09:30:00,IWM,302.43,303.06,300.1,300.88,11543865
2026-08-05 13:30:00,IWM,300.895,301.34,299.75,299.77,5276002
2026-08-06 09:30:00,IWM,299.6,301.38,298.78,298.96,9698118
2026-08-06 13:30:00,IWM,298.965,299.13,297.95,298.245,5400148
2026-08-07 09:30:00,IWM,300.46,301.382,299.795,301.25,9668632
2026-08-07 13:30:00,IWM,301.255,302.03,300.75,301.5,7300888
2026-08-10 09:30:00,IWM,300.51,301.39,299.09,299.5801,9372556
2026-08-10 13:30:00,IWM,299.59,300.09,299.39,299.98,5363241
2026-08-11 09:30:00,IWM,300.93,301.99,300.6,301.26,7665988
2026-08-11 13:30:00,IWM,301.26,301.585,300.865,300.99,6278541
2026-08-12 09:30:00,IWM,303.02,303.405,301.0,302.24,8772431
2026-08-12 13:30:00,IWM,302.245,303.355,302.16,302.705,4548436
2026-08-13 09:30:00,IWM,304.04,305.05,302.72,303.16,9587368
2026-08-13 13:30:00,IWM,303.165,303.96,302.99,303.48,4083816
2026-08-14 09:30:00,IWM,303.28,304.89,302.74,304.69,7725422
2026-08-14 13:30:00,IWM,304.69,305.18,304.23,305.08,4380176
2026-08-17 09:30:00,IWM,303.96,304.33,303.23,303.7,7836346
2026-08-17 13:30:00,IWM,303.69,304.15,303.23,304.05,5680976
2026-08-18 09:30:00,IWM,302.41,303.15,300.535,300.7106,10041189
2026-08-18 13:30:00,IWM,300.69,300.79,300.11,300.26,6304918
2026-08-19 09:30:00,IWM,302.88,303.4105,301.435,301.88,9798448
2026-08-19 13:30:00,IWM,301.885,302.0,301.23,301.73,4407310
2026-08-20 09:30:00,IWM,299.27,300.04,297.37,297.495,13156494
2026-08-20 13:30:00,IWM,297.495,297.935,297.04,297.68,5808847
2026-08-21 09:30:00,IWM,299.85,300.07,298.17,299.68,13072455
2026-08-21 13:30:00,IWM,299.69,300.33,299.5525,299.94,8855782
2026-08-24 09:30:00,IWM,299.55,299.74,297.72,297.725,7749967
2026-08-24 13:30:00,IWM,297.735,298.34,297.4,297.97,4300736
2026-08-25 09:30:00,IWM,299.6,299.78,297.98,298.64,8667041
2026-08-25 13:30:00,IWM,298.645,299.46,298.61,299.25,5144517
2026-08-26 09:30:00,IWM,298.64,299.95,298.13,298.79,6458956
2026-08-26 13:30:00,IWM,298.79,299.42,298.69,298.94,3223854
2026-08-27 09:30:00,IWM,298.77,300.315,298.14,300.085,8664757
2026-08-27 13:30:00,IWM,300.15,300.23,299.38,299.82,4428531
2026-08-28 09:30:00,IWM,299.7,300.39,295.83,296.19,11556085
2026-08-28 13:30:00,IWM,296.2,296.58,295.67,295.75,6364672
2026-08-31 09:30:00,IWM,295.09,295.35,292.72,292.755,11612434
2026-08-31 13:30:00,IWM,292.75,294.34,292.705,293.91,7324505
2026-09-01 09:30:00,IWM,291.98,292.94,290.37,290.83,12836856
2026-09-01 13:30:00,IWM,290.82,290.97,289.97,290.61,8105763
2026-09-02 09:30:00,IWM,291.54,293.775,291.19,293.2,11098974
2026-09-02 13:30:00,IWM,293.205,294.35,293.145,294.01,8960692
2026-09-03 09:30:00,IWM,295.79,296.18,293.43,295.195,9369497
2026-09-03 13:30:00,IWM,295.2,295.39,294.76,295.16,6305317
2026-09-04 09:30:00,IWM,293.7,296.175,293.56,295.4301,8899612
2026-09-04 13:30:00,IWM,295.43,296.18,295.075,295.955,4241574
2026-09-08 09:30:00,IWM,295.34,295.97,294.26,295.97,9803226
2026-09-08 13:30:00,IWM,295.97,296.1,294.35,294.7,6198079
2026-09-09 09:30:00,IWM,293.46,294.155,290.58,291.05,12150134
2026-09-09 13:30:00,IWM,291.06,291.17,290.31,290.68,5856058
2026-09-10 09:30:00,IWM,288.48,289.83,287.621,288.0,17747777
2026-09-10 13:30:00,IWM,287.995,288.01,287.18,287.74,7694427
2026-09-11 09:30:00,IWM,290.71,291.44,288.77,289.765,16140335
2026-09-11 13:30:00,IWM,289.765,289.8,288.82,288.885,8757151
2026-09-14 09:30:00,IWM,287.49,289.84,287.055,288.952,15818288
2026-09-14 13:30:00,IWM,288.94,289.05,287.85,287.9,8729812
2026-09-15 09:30:00,IWM,286.62,286.93,284.08,284.97,16279320
2026-09-15 13:30:00,IWM,284.97,285.74,284.71,285.17,7673911
2026-09-16 09:30:00,IWM,285.63,287.04,285.6,286.705,8447729
2026-09-16 13:30:00,IWM,286.71,287.0199,281.03,283.93,15871982
2026-09-17 09:30:00,IWM,287.95,288.28,286.38,286.445,11392914
2026-09-17 13:30:00,IWM,286.455,286.69,285.26,285.41,8197070
2026-09-18 09:30:00,IWM,284.92,285.265,282.54,283.23,19463794
2026-09-18 13:30:00,IWM,283.24,284.195,283.2,284.02,29584572
2026-09-21 09:30:00,IWM,286.27,286.33,284.9,285.55,8238973
2026-09-21 13:30:00,IWM,285.55,286.45,285.28,285.54,8224305
2026-09-22 09:30:00,IWM,287.68,288.94,286.05,286.865,13863691
2026-09-22 13:30:00,IWM,286.865,288.13,286.855,287.155,9623670
2026-09-23 09:30:00,IWM,285.99,286.17,281.88,282.46,13768636
2026-09-23 13:30:00,IWM,282.43,283.03,281.84,281.96,7782023
2026-09-24 09:30:00,IWM,281.33,282.21,279.045,281.06,16623547
2026-09-24 13:30:00,IWM,281.05,282.24,280.47,281.66,9230025
2026-09-25 09:30:00,IWM,282.34,283.52,280.455,282.11,12674972
2026-09-25 13:30:00,IWM,282.105,282.77,281.66,281.93,8721513
2026-09-28 09:30:00,IWM,280.33,281.93,278.8,280.525,14096207
2026-09-28 13:30:00,IWM,280.52,280.96,279.79,280.05,9140734
2026-09-29 09:30:00,IWM,280.25,281.05,277.41,277.63,10476836
2026-09-29 13:30:00,IWM,277.63,279.1,277.48,279.06,9758349
2026-09-30 09:30:00,IWM,280.17,280.475,278.565,278.825,12102344
2026-09-30 13:30:00,IWM,278.815,279.29,277.88,277.94,7498438
2026-10-01 09:30:00,IWM,277.37,280.05,275.45,279.82,20750066
2026-10-01 13:30:00,IWM,279.81,280.61,278.31,279.04,11059204
2026-10-02 09:30:00,IWM,282.33,283.565,280.89,281.11,19852672
2026-10-02 13:30:00,IWM,281.11,281.84,281.105,281.47,7718369
2026-10-05 09:30:00,IWM,281.95,283.47,280.03,283.02,12048750
2026-10-05 13:30:00,IWM,283.012,284.24,282.87,283.39,8511358
2026-10-06 09:30:00,IWM,284.4,284.64,281.31,281.545,12233349
2026-10-06 13:30:00,IWM,281.55,281.775,280.76,281.32,7582589
2026-10-07 09:30:00,IWM,278.25,279.04,276.945,278.095,14898147
2026-10-07 13:30:00,IWM,278.09,278.35,277.43,277.72,8293154
2026-10-08 09:30:00,IWM,276.32,277.31,274.52,276.84,22948474
2026-10-08 13:30:00,IWM,276.85,277.83,276.7,277.57,11570336
2026-05-18 09:30:00,DIA,495.65,497.64,494.185,496.1837,3404873
2026-05-18 13:30:00,DIA,496.2,497.09,493.6,496.96,1921026
2026-05-19 09:30:00,DIA,494.25,496.205,492.58,495.88,3432128
2026-05-19 13:30:00,DIA,495.87,496.34,493.46,493.949,1462888
2026-05-20 09:30:00,DIA,495.87,499.58,492.49,499.46,4409780
2026-05-20 13:30:00,DIA,499.45,500.93,498.88,500.25,1553646
2026-05-21 09:30:00,DIA,498.78,502.08,497.21,501.96,3603096
2026-05-21 13:30:00,DIA,501.92,504.05,501.64,503.11,2592401
2026-05-22 09:30:00,DIA,507.01,508.66,505.69,508.57,3064724
2026-05-22 13:30:00,DIA,508.67,508.74,506.03,506.05,1641741
2026-05-26 09:30:00,DIA,507.57,508.24,504.185,504.24,2467388
2026-05-26 13:30:00,DIA,504.2,505.5,503.97,505.255,1156419
2026-05-27 09:30:00,DIA,505.93,508.7,505.81,506.83,3298966
2026-05-27 13:30:00,DIA,506.785,507.6,506.45,506.87,827069
2026-05-28 09:30:00,DIA,505.335,508.21,503.64,506.78,2552485
2026-05-28 13:30:00,DIA,506.8,507.25,506.06,507.09,898673
2026-05-29 09:30:00,DIA,507.9,511.305,507.2,510.69,3639700
2026-05-29 13:30:00,DIA,510.68,511.3,509.63,510.73,1509586
2026-06-01 09:30:00,DIA,509.85,510.87,508.33,510.23,2990425
2026-06-01 13:30:00,DIA,510.285,511.855,509.87,511.45,954628
2026-06-02 09:30:00,DIA,509.08,513.57,508.96,512.75,3770006
2026-06-02 13:30:00,DIA,512.8,514.49,512.8,514.06,1046140
2026-06-03 09:30:00,DIA,511.17,512.85,509.0,509.44,2505922
2026-06-03 13:30:00,DIA,509.43,509.94,507.99,508.2,1258634
2026-06-04 09:30:00,DIA,513.69,517.39,512.68,516.0,3629238
2026-06-04 13:30:00,DIA,515.98,517.58,515.67,516.68,2120441
2026-06-05 09:30:00,DIA,517.71,517.75,511.77,512.54,4123244
2026-06-05 13:30:00,DIA,512.535,513.04,508.75,509.63,2001067
2026-06-08 09:30:00,DIA,510.765,513.75,508.62,509.675,3048011
2026-06-08 13:30:00,DIA,509.68,510.29,508.32,508.89,1316810
2026-06-09 09:30:00,DIA,511.48,513.54,503.08,506.7,4180841
2026-06-09 13:30:00,DIA,506.795,510.1,506.415,509.44,1777770
2026-06-10 09:30:00,DIA,507.485,508.74,502.45,503.1,2876271
2026-06-10 13:30:00,DIA,503.085,504.35,500.1,500.26,1943566
2026-06-11 09:30:00,DIA,503.19,507.0,501.57,506.96,3578357
2026-06-11 13:30:00,DIA,507.16,510.76,506.5,509.34,2238685
2026-06-12 09:30:00,DIA,512.89,515.3,509.48,513.59,6279582
2026-06-12 13:30:00,DIA,513.63,514.075,512.55,513.05,1314232
2026-06-15 09:30:00,DIA,519.23,520.84,518.305,520.595,3536832
2026-06-15 13:30:00,DIA,520.6,520.69,517.865,518.49,1493095
2026-06-16 09:30:00,DIA,520.32,523.3,520.06,522.78,3150794
2026-06-16 13:30:00,DIA,522.78,522.9,521.16,521.49,1229850
2026-06-17 09:30:00,DIA,521.26,524.17,521.11,522.59,3083091
2026-06-17 13:30:00,DIA,522.51,523.28,515.3,516.3,3179002
2026-06-18 09:30:00,DIA,518.43,519.52,515.875,517.0,4566342
2026-06-18 13:30:00,DIA,517.07,517.17,515.43,515.51,1853858
2026-06-22 09:30:00,DIA,516.84,518.91,516.52,517.14,3293230
2026-06-22 13:30:00,DIA,517.145,517.66,515.99,517.0,2868225
2026-06-23 09:30:00,DIA,514.68,518.7182,512.98,518.24,2808811
2026-06-23 13:30:00,DIA,518.27,518.53,516.37,516.57,1848664
2026-06-24 09:30:00,DIA,516.19,522.43,516.02,517.88,2868623
2026-06-24 13:30:00,DIA,517.88,519.86,517.41,518.51,1346804
2026-06-25 09:30:00,DIA,521.19,526.57,519.75,520.044,3805199
2026-06-25 13:30:00,DIA,520.08,521.38,518.55,519.3,1051657
2026-06-26 09:30:00,DIA,517.0,521.28,516.1,519.67,2185160
2026-06-26 13:30:00,DIA,519.73,520.05,517.28,517.54,1335572
2026-06-29 09:30:00,DIA,520.63,522.975,519.4,521.23,3783971
2026-06-29 13:30:00,DIA,521.22,522.68,521.12,521.68,1753655
2026-06-30 09:30:00,DIA,522.35,523.13,519.61,522.945,2075446
2026-06-30 13:30:00,DIA,522.97,523.14,521.95,522.45,774494
2026-07-01 09:30:00,DIA,521.43,526.72,519.62,524.22,2323517
2026-07-01 13:30:00,DIA,524.26,524.36,522.31,522.41,967690
2026-07-02 09:30:00,DIA,525.49,527.36,524.25,524.575,1936875
2026-07-02 13:30:00,DIA,524.56,528.26,523.73,527.83,1103019
2026-07-06 09:30:00,DIA,528.72,529.935,525.85,528.8,2168255
2026-07-06 13:30:00,DIA,528.83,530.03,528.07,530.03,701406
2026-07-07 09:30:00,DIA,532.505,532.54,527.11,528.69,3135248
2026-07-07 13:30:00,DIA,528.66,529.02,527.64,528.48,1031479
2026-07-08 09:30:00,DIA,523.34,524.46,520.03,523.12,2529478
2026-07-08 13:30:00,DIA,523.13,523.4,522.22,522.73,883633
2026-07-09 09:30:00,DIA,523.65,525.15,522.135,524.75,1376973
2026-07-09 13:30:00,DIA,524.76,525.04,523.54,524.23,1353956
2026-07-10 09:30:00,DIA,525.64,525.93,521.74,525.64,1963049
2026-07-10 13:30:00,DIA,525.64,526.47,525.58,525.77,1213147
2026-07-13 09:30:00,DIA,525.84,527.86,522.9,524.24,1723570
2026-07-13 13:30:00,DIA,524.31,524.71,523.57,524.46,859680
2026-07-14 09:30:00,DIA,523.32,526.72,522.56,524.04,2613366
2026-07-14 13:30:00,DIA,524.12,525.105,523.48,524.67,807509
2026-07-15 09:30:00,DIA,525.895,527.73,523.7,525.2,2007721
2026-07-15 13:30:00,DIA,525.19,526.32,525.14,526.01,1032280
2026-07-16 09:30:00,DIA,526.81,527.93,525.195,525.77,2129901
2026-07-16 13:30:00,DIA,525.77,525.945,523.07,524.78,861629
2026-07-17 09:30:00,DIA,519.64,525.36,518.9,522.83,3504315
2026-07-17 13:30:00,DIA,522.8,523.03,520.39,520.77,797951
2026-07-20 09:30:00,DIA,522.71,523.4,518.34,518.57,1424257
2026-07-20 13:30:00,DIA,518.565,519.53,517.16,517.91,756283
2026-07-21 09:30:00,DIA,519.63,523.01,518.12,522.09,1926652
2026-07-21 13:30:00,DIA,522.09,522.185,521.24,521.53,1068475
2026-07-22 09:30:00,DIA,521.63,524.37,521.03,522.215,1903092
2026-07-22 13:30:00,DIA,522.23,522.62,521.38,521.49,1072122
2026-07-23 09:30:00,DIA,515.07,518.17,514.72,516.65,2414101
2026-07-23 13:30:00,DIA,516.55,516.58,515.185,516.22,1219168
2026-07-24 09:30:00,DIA,517.28,520.5599,516.27,519.55,2357015
2026-07-24 13:30:00,DIA,519.535,519.65,517.62,518.79,837122
2026-07-27 09:30:00,DIA,524.7,525.34,519.29,519.475,2282891
2026-07-27 13:30:00,DIA,519.45,521.5,519.44,521.33,774018
2026-07-28 09:30:00,DIA,526.19,528.45,523.67,527.79,3610144
2026-07-28 13:30:00,DIA,527.76,528.06,526.67,526.94,982667
2026-07-29 09:30:00,DIA,522.46,523.17,517.28,519.34,3766873
2026-07-29 13:30:00,DIA,519.33,521.98,514.82,515.36,2617057
2026-07-30 09:30:00,DIA,518.84,521.03,515.87,520.7,1917519
2026-07-30 13:30:00,DIA,520.73,521.98,520.42,521.46,1029241
2026-07-31 09:30:00,DIA,524.08,524.67,519.25,524.6,2704851
2026-07-31 13:30:00,DIA,524.585,525.61,523.95,524.25,1098637
2026-08-03 09:30:00,DIA,529.55,531.635,528.69,529.28,3128725
2026-08-03 13:30:00,DIA,529.28,531.65,529.27,531.24,911870
2026-08-04 09:30:00,DIA,537.895,541.63,535.995,541.05,4506107
2026-08-04 13:30:00,DIA,541.06,542.09,540.23,540.36,1735321
2026-08-05 09:30:00,DIA,543.3,546.75,543.14,544.58,3661979
2026-08-05 13:30:00,DIA,544.57,545.25,542.71,542.79,1339949
2026-08-06 09:30:00,DIA,543.8,544.57,538.21,538.23,2526030
2026-08-06 13:30:00,DIA,538.19,539.14,537.69,538.215,895722
2026-08-07 09:30:00,DIA,538.705,540.22,537.43,539.07,1455000
2026-08-07 13:30:00,DIA,539.15,540.085,538.39,539.6,590252
2026-08-10 09:30:00,DIA,538.7,540.02,537.9,538.47,2365847
2026-08-10 13:30:00,DIA,538.46,539.14,537.91,539.02,725465
2026-08-11 09:30:00,DIA,539.91,541.715,538.025,538.165,2070802
2026-08-11 13:30:00,DIA,538.17,538.42,536.91,537.29,635738
2026-08-12 09:30:00,DIA,538.99,539.185,536.86,537.51,1926337
2026-08-12 13:30:00,DIA,537.51,538.055,536.96,537.09,782618
2026-08-13 09:30:00,DIA,538.7,539.967,535.69,536.95,1393192
2026-08-13 13:30:00,DIA,536.9454,538.04,536.5999,537.88,467027
2026-08-14 09:30:00,DIA,536.67,538.28,536.2,536.735,1216345
2026-08-14 13:30:00,DIA,536.76,537.61,536.37,536.82,739941
2026-08-17 09:30:00,DIA,534.495,535.975,534.09,534.21,1321983
2026-08-17 13:30:00,DIA,534.21,534.6399,533.49,534.22,1088926
2026-08-18 09:30:00,DIA,533.38,534.26,532.02,533.13,2344159
2026-08-18 13:30:00,DIA,533.12,533.63,532.7144,532.95,1088667
2026-08-19 09:30:00,DIA,535.33,536.68,533.58,534.2699,2303384
2026-08-19 13:30:00,DIA,534.27,534.81,533.765,534.35,554829
2026-08-20 09:30:00,DIA,530.35,531.78,529.145,529.21,1660133
2026-08-20 13:30:00,DIA,529.19,529.245,527.2,527.5,921651
2026-08-21 09:30:00,DIA,530.03,531.92,529.43,531.02,1471445
2026-08-21 13:30:00,DIA,531.11,532.91,530.98,532.19,1416732
2026-08-24 09:30:00,DIA,531.83,534.48,531.83,532.74,3196830
2026-08-24 13:30:00,DIA,532.74,534.03,532.54,533.66,1018092
2026-08-25 09:30:00,DIA,536.37,536.52,533.185,534.32,1621256
2026-08-25 13:30:00,DIA,534.31,535.56,534.295,535.23,711501
2026-08-26 09:30:00,DIA,535.34,535.95,533.31,534.23,1223775
2026-08-26 13:30:00,DIA,534.37,534.86,533.77,534.23,401011
2026-08-27 09:30:00,DIA,533.56,536.63,532.92,536.105,1519278
2026-08-27 13:30:00,DIA,536.135,536.335,534.61,535.17,712878
2026-08-28 09:30:00,DIA,536.53,537.73,534.4,534.66,1799282
2026-08-28 13:30:00,DIA,534.67,535.4,534.55,535.04,621010
2026-08-31 09:30:00,DIA,533.54,533.56,530.78,531.54,955874
2026-08-31 13:30:00,DIA,531.52,532.3,531.315,531.52,656179
2026-09-01 09:30:00,DIA,528.67,531.65,526.96,527.38,1699180
2026-09-01 13:30:00,DIA,527.54,527.98,526.84,527.72,1307529
2026-09-02 09:30:00,DIA,529.51,532.17,529.24,529.61,2271226
2026-09-02 13:30:00,DIA,529.615,530.925,529.425,530.66,621001
2026-09-03 09:30:00,DIA,534.04,537.62,532.94,536.92,3739518
2026-09-03 13:30:00,DIA,536.91,537.28,536.6,536.93,744389
2026-09-04 09:30:00,DIA,535.13,536.37,532.93,533.935,1547597
2026-09-04 13:30:00,DIA,533.93,534.43,533.66,534.08,620927
2026-09-08 09:30:00,DIA,530.22,530.37,527.35,528.75,2311744
2026-09-08 13:30:00,DIA,528.75,529.22,527.5,528.05,1123580
2026-09-09 09:30:00,DIA,525.64,525.74,523.25,525.2,2587277
2026-09-09 13:30:00,DIA,525.19,525.24,523.85,524.1113,890607
2026-09-10 09:30:00,DIA,522.29,523.02,520.28,520.785,3407850
2026-09-10 13:30:00,DIA,520.7,520.92,519.8,520.785,1202809
2026-09-11 09:30:00,DIA,525.37,527.36,524.29,526.85,2395314
2026-09-11 13:30:00,DIA,526.81,526.92,525.66,525.82,712811
2026-09-14 09:30:00,DIA,524.54,526.785,523.095,525.34,1768856
2026-09-14 13:30:00,DIA,525.35,525.5,524.41,524.46,857390
2026-09-15 09:30:00,DIA,523.18,523.64,519.21,520.095,2095202
2026-09-15 13:30:00,DIA,520.1,521.34,519.8,521.28,971102
2026-09-16 09:30:00,DIA,521.9,522.3,519.29,521.62,2298841
2026-09-16 13:30:00,DIA,521.645,522.19,512.29,515.16,3039963
2026-09-17 09:30:00,DIA,520.49,520.67,516.55,518.2288,2526123
2026-09-17 13:30:00,DIA,518.32,519.04,518.15,518.32,881030
2026-09-18 09:30:00,DIA,516.52,517.08,514.15,514.89,1546294
2026-09-18 13:30:00,DIA,514.86,516.7,514.805,515.86,871346
2026-09-21 09:30:00,DIA,520.03,520.04,516.76,519.54,1678688
2026-09-21 13:30:00,DIA,519.575,520.52,518.955,519.805,1140867
2026-09-22 09:30:00,DIA,522.48,522.55,516.51,517.46,1817345
2026-09-22 13:30:00,DIA,517.45,519.02,517.21,517.95,1367664
2026-09-23 09:30:00,DIA,516.02,517.66,514.0,514.72,2202682
2026-09-23 13:30:00,DIA,514.73,515.66,513.95,514.31,1284747
2026-09-24 09:30:00,DIA,512.85,514.14,510.42,512.44,1631314
2026-09-24 13:30:00,DIA,512.53,513.62,511.86,512.65,804015
2026-09-25 09:30:00,DIA,514.0,517.63,512.59,516.84,1811413
2026-09-25 13:30:00,DIA,516.9,517.92,516.2799,517.47,764173
2026-09-28 09:30:00,DIA,514.29,517.04,513.2999,515.175,1596624
2026-09-28 13:30:00,DIA,515.28,515.46,513.68,514.09,670039
2026-09-29 09:30:00,DIA,513.79,514.26,510.46,511.165,1466651
2026-09-29 13:30:00,DIA,511.22,513.04,511.15,512.87,988166
2026-09-30 09:30:00,DIA,513.99,514.16,510.91,511.35,1066809
2026-09-30 13:30:00,DIA,511.36,512.12,508.35,508.49,1381665
2026-10-01 09:30:00,DIA,509.37,510.95,504.7,508.45,2726947
2026-10-01 13:30:00,DIA,508.43,509.53,507.26,508.57,1459752
2026-10-02 09:30:00,DIA,512.54,513.0601,508.69,510.15,2382281
2026-10-02 13:30:00,DIA,510.14,511.3,510.13,511.07,1222591
2026-10-05 09:30:00,DIA,510.37,512.215,507.84,511.9,1310640
2026-10-05 13:30:00,DIA,511.86,513.28,511.63,512.1,1648642
2026-10-06 09:30:00,DIA,514.31,515.99,513.49,514.37,1311992
2026-10-06 13:30:00,DIA,514.34,514.97,514.19,514.54,1329455
2026-10-07 09:30:00,DIA,510.47,511.86,508.46,511.655,3102044
2026-10-07 13:30:00,DIA,511.56,511.79,510.8,510.96,952847
2026-10-08 09:30:00,DIA,509.01,511.56,508.66,510.1,2273713
2026-10-08 13:30:00,DIA,510.17,511.77,510.03,511.58,1297490
2026-05-18 09:30:00,RSP,201.88,203.28,201.455,202.495,9376454
2026-05-18 13:30:00,RSP,202.5,202.9,201.695,202.78,4253814
2026-05-19 09:30:00,RSP,201.98,202.55,200.91,202.5,6255942
2026-05-19 13:30:00,RSP,202.5,202.6376,201.46,201.65,4202302
2026-05-20 09:30:00,RSP,201.98,203.82,200.7,203.635,15512961
2026-05-20 13:30:00,RSP,203.65,203.99,203.33,203.85,2944647
2026-05-21 09:30:00,RSP,202.94,204.27,201.81,204.135,6032749
2026-05-21 13:30:00,RSP,204.145,204.9,203.97,204.65,5335125
2026-05-22 09:30:00,RSP,205.73,206.97,205.52,206.94,8161833
2026-05-22 13:30:00,RSP,206.97,206.97,206.39,206.58,2758267
2026-05-26 09:30:00,RSP,207.83,208.18,206.93,207.4979,6132888
2026-05-26 13:30:00,RSP,207.49,207.885,207.45,207.61,3546407
2026-05-27 09:30:00,RSP,207.995,208.73,207.42,207.57,7329604
2026-05-27 13:30:00,RSP,207.58,207.865,207.34,207.49,1946531
2026-05-28 09:30:00,RSP,207.38,208.89,206.64,208.64,3964624
2026-05-28 13:30:00,RSP,208.64,208.65,208.17,208.24,2230596
2026-05-29 09:30:00,RSP,208.745,209.32,208.21,209.25,4261525
2026-05-29 13:30:00,RSP,209.25,209.31,208.63,208.79,3922463
2026-06-01 09:30:00,RSP,208.05,209.34,207.79,209.34,5242702
2026-06-01 13:30:00,RSP,209.36,209.77,209.185,209.23,2789756
2026-06-02 09:30:00,RSP,209.105,209.84,208.78,209.55,5110984
2026-06-02 13:30:00,RSP,209.57,210.115,209.57,210.0,2707967
2026-06-03 09:30:00,RSP,209.43,209.805,208.84,209.415,6232522
2026-06-03 13:30:00,RSP,209.41,209.74,209.13,209.21,2522983
2026-06-04 09:30:00,RSP,210.015,210.825,209.74,210.425,6999514
2026-06-04 13:30:00,RSP,210.42,210.945,210.38,210.82,2812384
2026-06-05 09:30:00,RSP,209.87,210.36,208.16,208.52,5694010
2026-06-05 13:30:00,RSP,208.53,208.81,207.29,207.79,4910850
2026-06-08 09:30:00,RSP,208.635,209.0801,207.61,207.805,5338479
2026-06-08 13:30:00,RSP,207.82,208.5,207.45,207.61,2242946
2026-06-09 09:30:00,RSP,208.64,210.36,205.74,207.44,11329435
2026-06-09 13:30:00,RSP,207.455,209.26,207.345,209.18,4687927
2026-06-10 09:30:00,RSP,208.53,209.93,207.57,207.83,6857659
2026-06-10 13:30:00,RSP,207.82,208.195,206.45,206.49,3540036
2026-06-11 09:30:00,RSP,207.34,208.7,206.87,208.6,9918561
2026-06-11 13:30:00,RSP,208.62,210.46,208.44,209.77,6468249
2026-06-12 09:30:00,RSP,210.7,212.12,209.65,211.74,8361954
2026-06-12 13:30:00,RSP,211.69,211.895,211.345,211.67,2586877
2026-06-15 09:30:00,RSP,213.595,214.29,213.19,213.665,5213674
2026-06-15 13:30:00,RSP,213.665,213.7,212.62,212.9,2466858
2026-06-16 09:30:00,RSP,213.49,214.3,212.71,213.05,3455819
2026-06-16 13:30:00,RSP,212.99,213.04,212.075,212.17,2474428
2026-06-17 09:30:00,RSP,212.11,213.0,211.75,212.19,3221355
2026-06-17 13:30:00,RSP,212.17,212.31,208.59,208.98,7334450
2026-06-18 09:30:00,RSP,211.22,211.2896,210.09,210.66,5776392
2026-06-18 13:30:00,RSP,210.67,210.695,209.77,209.99,3627627
2026-06-22 09:30:00,RSP,209.53,210.34,209.36,209.78,4437022
2026-06-22 13:30:00,RSP,209.76,209.94,209.1,209.53,2098150
2026-06-23 09:30:00,RSP,208.34,209.68,207.64,209.45,5189748
2026-06-23 13:30:00,RSP,209.445,209.515,208.62,208.83,3594953
2026-06-24 09:30:00,RSP,209.375,211.55,209.25,209.765,4513577
2026-06-24 13:30:00,RSP,209.765,210.81,209.59,210.35,3514775
2026-06-25 09:30:00,RSP,211.89,213.79,211.69,211.885,8656693
2026-06-25 13:30:00,RSP,211.9,212.23,211.37,211.8,3938982
2026-06-26 09:30:00,RSP,211.35,213.09,211.16,212.42,8390259
2026-06-26 13:30:00,RSP,212.435,212.8,211.83,212.36,4835980
2026-06-29 09:30:00,RSP,213.015,213.37,212.085,212.61,5683303
2026-06-29 13:30:00,RSP,212.61,213.13,212.57,213.03,3433851
2026-06-30 09:30:00,RSP,212.785,213.14,211.995,213.045,4126742
2026-06-30 13:30:00,RSP,213.05,213.36,212.69,212.75,3095227
2026-07-01 09:30:00,RSP,212.58,214.95,212.58,214.2201,8582972
2026-07-01 13:30:00,RSP,214.24,214.285,213.28,213.405,2530713
2026-07-02 09:30:00,RSP,214.49,215.61,213.495,213.66,7480997
2026-07-02 13:30:00,RSP,213.66,215.01,213.29,214.92,2820971
2026-07-06 09:30:00,RSP,215.04,215.47,214.13,214.945,4380788
2026-07-06 13:30:00,RSP,214.95,215.275,214.66,215.02,1756274
2026-07-07 09:30:00,RSP,215.81,216.37,214.81,214.965,5142416
2026-07-07 13:30:00,RSP,214.97,215.135,214.505,214.73,2730212
2026-07-08 09:30:00,RSP,213.54,213.7,211.435,212.38,8662214
2026-07-08 13:30:00,RSP,212.39,212.56,212.005,212.18,4504872
2026-07-09 09:30:00,RSP,212.84,214.19,212.475,214.09,4010454
2026-07-09 13:30:00,RSP,214.09,214.16,213.295,213.55,2481737
2026-07-10 09:30:00,RSP,214.15,214.595,213.06,214.205,3723485
2026-07-10 13:30:00,RSP,214.21,214.58,214.2,214.3,1568762
2026-07-13 09:30:00,RSP,214.48,215.5,214.065,214.24,4419161
2026-07-13 13:30:00,RSP,214.25,214.51,213.8,214.185,2217033
2026-07-14 09:30:00,RSP,214.14,214.9,213.27,213.55,4758077
2026-07-14 13:30:00,RSP,213.55,213.61,213.22,213.41,2453295
2026-07-15 09:30:00,RSP,213.75,214.155,212.55,212.965,6534548
2026-07-15 13:30:00,RSP,212.97,213.2286,212.615,212.98,1708784
2026-07-16 09:30:00,RSP,213.075,214.945,213.07,214.42,4203182
2026-07-16 13:30:00,RSP,214.405,215.095,214.2,215.08,2564141
2026-07-17 09:30:00,RSP,214.36,215.9489,213.665,213.93,7486962
2026-07-17 13:30:00,RSP,213.93,213.975,213.0505,213.37,3078531
2026-07-20 09:30:00,RSP,213.87,214.0,212.48,212.91,4512961
2026-07-20 13:30:00,RSP,212.92,213.225,212.11,212.39,1767098
2026-07-21 09:30:00,RSP,212.7,213.15,211.79,212.815,3541504
2026-07-21 13:30:00,RSP,212.815,212.935,212.645,212.76,2580933
2026-07-22 09:30:00,RSP,213.03,213.94,212.805,212.98,2565885
2026-07-22 13:30:00,RSP,212.9704,213.16,212.37,212.69,1505191
2026-07-23 09:30:00,RSP,212.1,212.94,211.46,211.63,4806711
2026-07-23 13:30:00,RSP,211.59,212.0,211.27,211.9,2160582
2026-07-24 09:30:00,RSP,212.37,214.47,212.23,213.69,3859641
2026-07-24 13:30:00,RSP,213.69,213.85,213.26,213.61,3121597
2026-07-27 09:30:00,RSP,214.8,215.84,214.46,214.63,3889880
2026-07-27 13:30:00,RSP,214.63,215.29,214.625,215.195,1670536
2026-07-28 09:30:00,RSP,216.165,218.05,215.99,217.4795,8468999
2026-07-28 13:30:00,RSP,217.47,217.85,217.36,217.68,3910182
2026-07-29 09:30:00,RSP,217.2,217.742,216.15,216.69,6836063
2026-07-29 13:30:00,RSP,216.68,218.11,215.55,215.78,5409913
2026-07-30 09:30:00,RSP,215.865,215.95,213.055,214.62,9619906
2026-07-30 13:30:00,RSP,214.62,215.49,214.5,215.36,3529549
2026-07-31 09:30:00,RSP,215.415,215.5,213.55,215.39,6481797
2026-07-31 13:30:00,RSP,215.4,215.63,214.9,214.93,2826739
2026-08-03 09:30:00,RSP,215.87,217.175,215.87,216.35,5925274
2026-08-03 13:30:00,RSP,216.355,217.27,216.355,217.12,2294062
2026-08-04 09:30:00,RSP,217.57,219.91,216.92,219.805,5567122
2026-08-04 13:30:00,RSP,219.77,220.445,219.75,220.21,2651267
2026-08-05 09:30:00,RSP,220.82,221.0902,219.235,219.92,5197183
2026-08-05 13:30:00,RSP,219.915,220.185,219.71,219.75,2363747
2026-08-06 09:30:00,RSP,220.16,220.16,218.21,218.265,2994228
2026-08-06 13:30:00,RSP,218.27,218.86,218.202,218.61,2060960
2026-08-07 09:30:00,RSP,219.025,220.305,218.41,220.235,3340385
2026-08-07 13:30:00,RSP,220.235,220.365,219.85,220.09,2669456
2026-08-10 09:30:00,RSP,220.21,220.415,219.43,220.235,4363689
2026-08-10 13:30:00,RSP,220.26,220.38,220.035,220.24,1803330
2026-08-11 09:30:00,RSP,219.97,221.23,219.9091,220.725,3576424
2026-08-11 13:30:00,RSP,220.72,220.92,220.55,220.69,2397235
2026-08-12 09:30:00,RSP,220.95,221.22,219.87,220.77,3103631
2026-08-12 13:30:00,RSP,220.775,221.365,220.775,221.07,1449416
2026-08-13 09:30:00,RSP,221.9,222.81,221.49,221.86,3529911
2026-08-13 13:30:00,RSP,221.8683,222.91,221.74,222.74,2585034
2026-08-14 09:30:00,RSP,222.925,222.96,222.33,222.755,2454875
2026-08-14 13:30:00,RSP,222.76,222.935,222.5,222.75,1114308
2026-08-17 09:30:00,RSP,222.07,222.21,221.18,221.23,2986981
2026-08-17 13:30:00,RSP,221.27,221.38,220.7301,220.76,1805863
2026-08-18 09:30:00,RSP,220.86,221.4272,220.445,220.75,3685687
2026-08-18 13:30:00,RSP,220.7499,220.845,219.71,219.79,1559659
2026-08-19 09:30:00,RSP,221.61,223.435,221.46,222.395,5117151
2026-08-19 13:30:00,RSP,222.41,222.6,221.875,222.07,2179163
2026-08-20 09:30:00,RSP,220.74,222.095,220.71,220.9956,3564733
2026-08-20 13:30:00,RSP,221.0,221.02,220.19,220.28,1696478
2026-08-21 09:30:00,RSP,221.3,222.14,221.02,221.72,3245758
2026-08-21 13:30:00,RSP,221.715,221.93,221.465,221.66,1772820
2026-08-24 09:30:00,RSP,221.75,222.32,221.3161,221.32,2889378
2026-08-24 13:30:00,RSP,221.3,222.0,221.255,221.92,1734367
2026-08-25 09:30:00,RSP,222.235,222.28,221.24,221.535,3695174
2026-08-25 13:30:00,RSP,221.535,221.96,221.53,221.78,1750354
2026-08-26 09:30:00,RSP,221.31,222.715,221.24,222.19,2857384
2026-08-26 13:30:00,RSP,222.19,222.57,222.055,222.14,1479133
2026-08-27 09:30:00,RSP,221.56,222.11,221.24,221.91,3359277
2026-08-27 13:30:00,RSP,221.9484,221.98,221.375,221.465,1525963
2026-08-28 09:30:00,RSP,221.835,222.14,220.3077,220.36,3442041
2026-08-28 13:30:00,RSP,220.36,220.94,220.3448,220.66,1812241
2026-08-31 09:30:00,RSP,219.77,220.0,219.1498,219.315,2657808
2026-08-31 13:30:00,RSP,219.315,219.6799,219.2501,219.33,2924586
2026-09-01 09:30:00,RSP,218.87,219.44,217.3,217.555,4500389
2026-09-01 13:30:00,RSP,217.56,217.83,217.2,217.61,2174977
2026-09-02 09:30:00,RSP,217.73,219.1,217.64,218.57,3946596
2026-09-02 13:30:00,RSP,218.5899,219.13,218.49,218.59,1771808
2026-09-03 09:30:00,RSP,219.57,220.28,218.42,220.02,3458364
2026-09-03 13:30:00,RSP,220.02,220.15,219.88,220.09,1519586
2026-09-04 09:30:00,RSP,218.81,219.77,218.51,219.21,2724302
2026-09-04 13:30:00,RSP,219.21,219.3652,218.935,219.02,1494576
2026-09-08 09:30:00,RSP,218.12,218.38,217.22,217.36,3830756
2026-09-08 13:30:00,RSP,217.37,217.59,216.63,216.74,2332000
2026-09-09 09:30:00,RSP,216.14,216.42,214.72,215.15,4125018
2026-09-09 13:30:00,RSP,215.145,215.315,214.61,214.67,2481658
2026-09-10 09:30:00,RSP,213.81,214.44,213.33,213.41,5125165
2026-09-10 13:30:00,RSP,213.405,213.48,213.025,213.17,2347336
2026-09-11 09:30:00,RSP,214.985,215.33,214.34,215.145,3333101
2026-09-11 13:30:00,RSP,215.145,215.18,214.755,214.87,1749412
2026-09-14 09:30:00,RSP,214.65,215.78,214.31,215.16,4833622
2026-09-14 13:30:00,RSP,215.175,215.265,214.8301,215.03,1585187
2026-09-15 09:30:00,RSP,214.7,214.85,213.625,214.215,4471049
2026-09-15 13:30:00,RSP,214.215,214.655,213.74,213.94,1855778
2026-09-16 09:30:00,RSP,214.19,214.48,213.56,214.295,2321029
2026-09-16 13:30:00,RSP,214.295,214.51,210.96,212.255,5266364
2026-09-17 09:30:00,RSP,214.12,214.2799,212.9499,213.6199,3449171
2026-09-17 13:30:00,RSP,213.615,213.885,213.255,213.33,1402381
2026-09-18 09:30:00,RSP,212.85,212.98,211.655,212.31,3286133
2026-09-18 13:30:00,RSP,212.3159,212.64,212.255,212.29,2021418
2026-09-21 09:30:00,RSP,212.6,213.0999,211.61,213.01,3521088
2026-09-21 13:30:00,RSP,213.0099,213.195,212.68,212.7,1895387
2026-09-22 09:30:00,RSP,213.56,213.87,212.31,212.85,3925576
2026-09-22 13:30:00,RSP,212.855,213.225,212.73,212.76,2003098
2026-09-23 09:30:00,RSP,212.27,212.54,211.63,211.895,3662670
2026-09-23 13:30:00,RSP,211.9,212.17,211.23,211.33,1884140
2026-09-24 09:30:00,RSP,211.07,211.47,209.81,210.455,4281957
2026-09-24 13:30:00,RSP,210.48,210.73,210.12,210.21,2517712
2026-09-25 09:30:00,RSP,210.44,211.52,209.885,211.1559,4116070
2026-09-25 13:30:00,RSP,211.16,211.43,210.875,211.11,1215481
2026-09-28 09:30:00,RSP,210.105,210.77,209.03,209.945,5587848
2026-09-28 13:30:00,RSP,209.9499,210.18,209.545,209.73,2274536
2026-09-29 09:30:00,RSP,209.65,210.11,208.47,208.645,4026249
2026-09-29 13:30:00,RSP,208.64,209.505,208.635,209.49,2140229
2026-09-30 09:30:00,RSP,209.9,210.0189,208.785,209.01,4515072
2026-09-30 13:30:00,RSP,209.025,209.155,207.97,208.0,2563749
2026-10-01 09:30:00,RSP,208.21,208.91,207.16,208.72,8696171
2026-10-01 13:30:00,RSP,208.71,209.295,208.3699,209.02,4494213
2026-10-02 09:30:00,RSP,210.17,210.69,209.19,209.53,6962685
2026-10-02 13:30:00,RSP,209.53,210.0,209.53,209.72,2234976
2026-10-05 09:30:00,RSP,209.8,211.1459,208.92,210.84,5647878
2026-10-05 13:30:00,RSP,210.945,211.45,210.79,211.14,5247966
2026-10-06 09:30:00,RSP,211.81,212.93,211.54,212.205,12933620
2026-10-06 13:30:00,RSP,212.37,212.435,212.005,212.33,7357112
2026-10-07 09:30:00,RSP,211.59,211.68,210.08,211.105,9066978
2026-10-07 13:30:00,RSP,210.815,211.185,210.57,210.61,4887854
2026-10-08 09:30:00,RSP,209.98,211.22,209.805,211.05,5818948
2026-10-08 13:30:00,RSP,211.06,211.99,211.01,211.91,5862803
2026-05-18 09:30:00,XLK,177.62,177.85,172.14,173.45,13013384
2026-05-18 13:30:00,XLK,173.46,174.51,171.91,174.38,5487142
2026-05-19 09:30:00,XLK,172.68,175.18,170.831,174.7,10186658
2026-05-19 13:30:00,XLK,174.7,175.0,172.75,173.25,5224967
2026-05-20 09:30:00,XLK,174.66,177.25,173.95,176.36,7053462
2026-05-20 13:30:00,XLK,176.37,177.18,176.17,177.13,4718155
2026-05-21 09:30:00,XLK,175.83,178.41,175.83,177.91,6264511
2026-05-21 13:30:00,XLK,177.9101,178.98,177.22,178.5425,3498270
2026-05-22 09:30:00,XLK,180.03,181.65,179.56,181.63,5744834
2026-05-22 13:30:00,XLK,181.69,181.73,180.2,180.34,4405304
2026-05-26 09:30:00,XLK,183.2,186.0,182.585,184.62,6993879
2026-05-26 13:30:00,XLK,184.62,185.54,184.54,185.23,4636160
2026-05-27 09:30:00,XLK,186.18,186.26,182.54,183.68,7074711
2026-05-27 13:30:00,XLK,183.68,184.57,183.47,184.41,3968315
2026-05-28 09:30:00,XLK,184.83,187.58,183.79,187.12,6092797
2026-05-28 13:30:00,XLK,187.12,187.47,186.68,186.87,4436237
2026-05-29 09:30:00,XLK,189.33,191.63,189.195,190.32,7564173
2026-05-29 13:30:00,XLK,190.31,191.23,189.5701,191.04,4304111
2026-06-01 09:30:00,XLK,192.32,195.77,191.15,195.7,12618591
2026-06-01 13:30:00,XLK,195.72,196.4999,195.365,195.74,5601445
2026-06-02 09:30:00,XLK,196.45,197.855,195.75,197.05,6035454
2026-06-02 13:30:00,XLK,197.06,198.38,196.76,198.2,3363809
2026-06-03 09:30:00,XLK,198.37,198.73,194.525,195.79,6575271
2026-06-03 13:30:00,XLK,195.78,197.04,195.575,196.25,4560514
2026-06-04 09:30:00,XLK,191.52,193.56,189.69,193.5101,8281590
2026-06-04 13:30:00,XLK,193.51,194.74,193.11,193.14,4033519
2026-06-05 09:30:00,XLK,188.885,189.22,182.33,183.25,14261621
2026-06-05 13:30:00,XLK,183.25,183.88,179.8,180.26,11258750
2026-06-08 09:30:00,XLK,185.22,186.71,183.1701,185.39,10828537
2026-06-08 13:30:00,XLK,185.36,185.555,183.49,184.24,3311118
2026-06-09 09:30:00,XLK,185.91,187.08,172.8801,177.46,20437156
2026-06-09 13:30:00,XLK,177.46,180.86,177.04,180.79,8823210
2026-06-10 09:30:00,XLK,178.16,182.41,176.97,177.62,13922593
2026-06-10 13:30:00,XLK,177.66,179.04,176.15,176.5,5585775
2026-06-11 09:30:00,XLK,177.79,180.59,176.495,180.415,9481935
2026-06-11 13:30:00,XLK,180.45,183.66,180.085,183.19,8237564
2026-06-12 09:30:00,XLK,183.24,185.84,181.6443,185.49,11045250
2026-06-12 13:30:00,XLK,185.5,185.59,184.33,184.81,3388935
2026-06-15 09:30:00,XLK,190.371,192.08,189.75,191.72,7957770
2026-06-15 13:30:00,XLK,191.74,191.87,191.23,191.82,4668167
2026-06-16 09:30:00,XLK,191.227,192.25,187.0,188.18,6180135
2026-06-16 13:30:00,XLK,188.17,188.65,186.43,186.43,3281261
2026-06-17 09:30:00,XLK,189.005,189.53,187.49,188.92,6247202
2026-06-17 13:30:00,XLK,188.93,189.99,185.3,185.75,7710657
2026-06-18 09:30:00,XLK,190.42,191.6196,189.38,191.33,6737743
2026-06-18 13:30:00,XLK,191.33,191.995,191.0265,191.31,4302463
2026-06-22 09:30:00,XLK,192.95,194.3,190.86,191.79,8254275
2026-06-22 13:30:00,XLK,191.77,192.26,191.25,192.09,2534115
2026-06-23 09:30:00,XLK,184.68,187.25,183.71,186.05,8672737
2026-06-23 13:30:00,XLK,186.045,186.23,183.7,184.22,5487876
2026-06-24 09:30:00,XLK,184.065,185.66,182.02,182.09,5415087
2026-06-24 13:30:00,XLK,182.08,183.21,180.79,183.04,6099158
2026-06-25 09:30:00,XLK,188.145,188.4,180.375,184.56,7556459
2026-06-25 13:30:00,XLK,184.565,185.53,183.25,184.57,5114757
2026-06-26 09:30:00,XLK,181.0,183.11,179.76,182.71,6292127
2026-06-26 13:30:00,XLK,182.72,183.0,180.68,180.88,5166517
2026-06-29 09:30:00,XLK,183.12,185.08,178.67,185.0732,7697109
2026-06-29 13:30:00,XLK,185.055,185.66,184.77,185.42,3662316
2026-06-30 09:30:00,XLK,185.76,190.03,185.6,189.88,4592663
2026-06-30 13:30:00,XLK,189.91,190.94,189.79,190.42,3963162
2026-07-01 09:30:00,XLK,186.83,187.98,185.7,186.64,5208310
2026-07-01 13:30:00,XLK,186.63,187.04,185.38,185.65,3960173
2026-07-02 09:30:00,XLK,185.49,187.38,179.42,179.87,7703298
2026-07-02 13:30:00,XLK,179.88,180.7,178.72,180.52,5734942
2026-07-06 09:30:00,XLK,182.66,185.71,182.055,183.87,4749746
2026-07-06 13:30:00,XLK,183.89,184.41,183.31,183.6,3098715
2026-07-07 09:30:00,XLK,179.84,180.72,176.36,180.28,7039352
2026-07-07 13:30:00,XLK,180.32,180.64,177.96,179.22,4509420
2026-07-08 09:30:00,XLK,177.48,181.08,177.15,181.03,6729960
2026-07-08 13:30:00,XLK,181.07,181.63,180.205,181.3775,3231743
2026-07-09 09:30:00,XLK,184.76,186.38,183.56,186.33,5015149
2026-07-09 13:30:00,XLK,186.34,186.4,185.0,185.32,2514799
2026-07-10 09:30:00,XLK,184.005,186.05,183.09,186.03,3950477
2026-07-10 13:30:00,XLK,186.09,186.23,185.6,185.8,1946486
2026-07-13 09:30:00,XLK,183.1,183.9,181.1606,181.458,5022178
2026-07-13 13:30:00,XLK,181.47,181.71,180.58,181.26,3269214
2026-07-14 09:30:00,XLK,183.71,184.33,181.33,184.14,4163176
2026-07-14 13:30:00,XLK,184.18,184.43,183.29,183.59,2000334
2026-07-15 09:30:00,XLK,185.11,185.29,178.22,180.41,6027069
2026-07-15 13:30:00,XLK,180.43,181.765,180.36,181.63,2911220
2026-07-16 09:30:00,XLK,179.0,179.42,176.77,177.57,4588694
2026-07-16 13:30:00,XLK,177.59,177.95,176.41,177.485,3538966
2026-07-17 09:30:00,XLK,172.85,177.88,171.34,177.82,7760126
2026-07-17 13:30:00,XLK,177.88,177.92,175.08,175.55,3211413
2026-07-20 09:30:00,XLK,177.19,178.7,175.87,177.02,3862736
2026-07-20 13:30:00,XLK,177.02,177.52,175.52,175.75,2641415
2026-07-21 09:30:00,XLK,179.56,180.81,178.17,180.515,4274682
2026-07-21 13:30:00,XLK,180.57,181.015,180.28,180.71,2536901
2026-07-22 09:30:00,XLK,178.155,181.43,178.15,180.97,3161677
2026-07-22 13:30:00,XLK,180.96,181.1,180.21,180.26,1799871
2026-07-23 09:30:00,XLK,178.8,180.39,177.2,178.81,4428637
2026-07-23 13:30:00,XLK,178.76,178.79,177.38,178.42,2450680
2026-07-24 09:30:00,XLK,177.82,179.01,175.6445,177.92,4119001
2026-07-24 13:30:00,XLK,177.88,178.175,175.05,175.89,3106484
2026-07-27 09:30:00,XLK,177.83,178.3,171.73,172.63,5453705
2026-07-27 13:30:00,XLK,172.63,174.83,172.63,174.31,2576498
2026-07-28 09:30:00,XLK,171.2,172.17,167.54,171.43,6770841
2026-07-28 13:30:00,XLK,171.4,171.98,170.8,170.99,2912951
2026-07-29 09:30:00,XLK,171.12,172.01,166.95,168.78,6152443
2026-07-29 13:30:00,XLK,168.75,172.51,166.462,166.53,7371751
2026-07-30 09:30:00,XLK,172.725,175.97,172.17,175.32,9187664
2026-07-30 13:30:00,XLK,175.33,176.09,174.94,175.71,5099748
2026-07-31 09:30:00,XLK,177.46,178.62,172.7,175.805,5682261
2026-07-31 13:30:00,XLK,175.79,176.2,175.0501,175.28,2680383
2026-08-03 09:30:00,XLK,174.01,178.1301,173.04,178.08,4788212
2026-08-03 13:30:00,XLK,178.095,178.92,177.84,178.09,3955430
2026-08-04 09:30:00,XLK,182.52,187.11,181.87,186.98,7736309
2026-08-04 13:30:00,XLK,186.97,187.705,186.77,186.925,5179583
2026-08-05 09:30:00,XLK,187.34,188.62,186.0,187.36,4899101
2026-08-05 13:30:00,XLK,187.32,187.79,185.71,185.88,1981683
2026-08-06 09:30:00,XLK,183.1,186.91,182.06,185.93,4240774
2026-08-06 13:30:00,XLK,185.95,186.405,185.24,185.34,2064544
2026-08-07 09:30:00,XLK,187.99,188.73,185.74,187.419,3901436
2026-08-07 13:30:00,XLK,187.43,188.16,186.89,187.97,2135606
2026-08-10 09:30:00,XLK,188.08,188.84,186.8,187.45,3429051
2026-08-10 13:30:00,XLK,187.46,187.6,186.265,186.36,2772018
2026-08-11 09:30:00,XLK,187.69,187.71,185.615,185.85,2971169
2026-08-11 13:30:00,XLK,185.8601,186.255,185.07,186.14,1807390
2026-08-12 09:30:00,XLK,189.47,189.59,188.33,189.19,3380058
2026-08-12 13:30:00,XLK,189.19,189.44,188.37,188.86,2111489
2026-08-13 09:30:00,XLK,189.13,191.74,188.86,191.4,2747632
2026-08-13 13:30:00,XLK,191.4,191.56,190.51,190.78,1828146
2026-08-14 09:30:00,XLK,191.14,191.35,189.25,189.46,2285172
2026-08-14 13:30:00,XLK,189.49,190.05,189.42,190.02,1153584
2026-08-17 09:30:00,XLK,190.79,191.75,190.29,190.52,3501492
2026-08-17 13:30:00,XLK,190.56,190.89,190.105,190.28,1810489
2026-08-18 09:30:00,XLK,186.29,187.5,184.33,185.51,5046990
2026-08-18 13:30:00,XLK,185.5,185.74,184.91,185.65,3046549
2026-08-19 09:30:00,XLK,186.39,186.91,182.41,183.83,4592513
2026-08-19 13:30:00,XLK,183.84,184.3,183.33,183.64,2295500
2026-08-20 09:30:00,XLK,183.47,184.71,182.78,183.27,3034806
2026-08-20 13:30:00,XLK,183.26,183.495,182.66,183.11,1635773
2026-08-21 09:30:00,XLK,184.11,184.56,181.9,183.22,3099634
2026-08-21 13:30:00,XLK,183.22,183.58,182.94,183.32,2272771
2026-08-24 09:30:00,XLK,181.68,181.8775,178.815,180.31,4001573
2026-08-24 13:30:00,XLK,180.294,181.16,179.86,180.04,2027705
2026-08-25 09:30:00,XLK,182.11,183.02,180.59,181.2,3419015
2026-08-25 13:30:00,XLK,181.21,181.855,180.91,181.75,1478438
2026-08-26 09:30:00,XLK,180.71,182.78,180.71,182.38,1783356
2026-08-26 13:30:00,XLK,182.39,183.345,182.36,182.875,2216400
2026-08-27 09:30:00,XLK,186.47,188.44,185.67,188.005,4598462
2026-08-27 13:30:00,XLK,188.0,188.735,187.14,188.64,2894899
2026-08-28 09:30:00,XLK,188.07,188.67,185.59,185.89,3811306
2026-08-28 13:30:00,XLK,185.9,186.405,185.51,185.68,2139094
2026-08-31 09:30:00,XLK,185.775,186.565,185.28,185.63,2440523
2026-08-31 13:30:00,XLK,185.61,186.65,185.52,186.42,1791817
2026-09-01 09:30:00,XLK,183.7,184.92,182.92,183.67,3631624
2026-09-01 13:30:00,XLK,183.65,183.81,182.63,183.66,3652111
2026-09-02 09:30:00,XLK,183.46,183.78,182.27,183.28,2840932
2026-09-02 13:30:00,XLK,183.285,183.71,183.1,183.62,2507404
2026-09-03 09:30:00,XLK,183.52,186.02,182.49,185.54,3690229
2026-09-03 13:30:00,XLK,185.57,186.32,185.525,186.01,1914567
2026-09-04 09:30:00,XLK,187.19,188.2,186.42,186.98,3020744
2026-09-04 13:30:00,XLK,186.96,187.42,186.63,187.29,1841748
2026-09-08 09:30:00,XLK,188.64,189.08,187.02,188.37,4767788
2026-09-08 13:30:00,XLK,188.38,188.5,187.5347,187.86,3124006
2026-09-09 09:30:00,XLK,187.53,188.83,187.15,187.9,3403739
2026-09-09 13:30:00,XLK,187.92,188.28,187.64,187.93,2110477
2026-09-10 09:30:00,XLK,185.24,186.52,184.565,185.86,3406988
2026-09-10 13:30:00,XLK,185.84,185.85,185.15,185.21,1860535
2026-09-11 09:30:00,XLK,187.35,188.64,186.88,188.15,3839105
2026-09-11 13:30:00,XLK,188.15,188.31,187.645,187.69,2080687
2026-09-14 09:30:00,XLK,183.0,185.48,182.08,185.44,5497263
2026-09-14 13:30:00,XLK,185.46,185.6,184.22,184.25,2710141
2026-09-15 09:30:00,XLK,184.5,185.07,183.58,183.89,3589374
2026-09-15 13:30:00,XLK,183.9,184.045,183.46,183.75,2255433
2026-09-16 09:30:00,XLK,184.93,186.13,184.71,185.33,3495910
2026-09-16 13:30:00,XLK,185.33,186.05,182.42,183.96,4183148
2026-09-17 09:30:00,XLK,187.3,188.27,186.73,187.9675,3757162
2026-09-17 13:30:00,XLK,187.97,188.53,187.91,188.06,2660039
2026-09-18 09:30:00,XLK,189.23,189.23,187.52,188.155,3631385
2026-09-18 13:30:00,XLK,188.15,189.81,188.08,189.64,2828058
2026-09-21 09:30:00,XLK,191.79,194.065,190.97,193.89,4728112
2026-09-21 13:30:00,XLK,193.88,195.09,193.75,194.84,4005356
2026-09-22 09:30:00,XLK,194.59,195.67,194.47,195.64,4596993
2026-09-22 13:30:00,XLK,195.65,196.505,195.475,196.26,3785700
2026-09-23 09:30:00,XLK,196.66,196.68,193.82,194.57,3742871
2026-09-23 13:30:00,XLK,194.55,195.37,194.53,195.31,1603875
2026-09-24 09:30:00,XLK,193.0,195.2,192.61,194.5331,3739970
2026-09-24 13:30:00,XLK,194.565,195.0124,193.57,194.72,2357227
2026-09-25 09:30:00,XLK,195.42,196.94,195.05,196.75,3694517
2026-09-25 13:30:00,XLK,196.76,196.85,195.915,196.27,1976672
2026-09-28 09:30:00,XLK,195.24,196.15,192.68,194.96,4948736
2026-09-28 13:30:00,XLK,194.99,195.18,194.24,194.51,1727339
2026-09-29 09:30:00,XLK,196.04,196.16,194.17,194.4399,3649374
2026-09-29 13:30:00,XLK,194.42,194.88,193.95,194.47,2254261
2026-09-30 09:30:00,XLK,195.47,197.06,195.26,196.14,5140139
2026-09-30 13:30:00,XLK,196.15,196.92,195.63,195.72,3401100
2026-10-01 09:30:00,XLK,196.58,197.91,195.54,197.86,6524373
2026-10-01 13:30:00,XLK,197.88,198.54,197.099,197.88,4147648
2026-10-02 09:30:00,XLK,201.155,201.39,199.35,199.44,5097601
2026-10-02 13:30:00,XLK,199.42,200.0775,199.36,199.86,3016870
2026-10-05 09:30:00,XLK,200.27,201.15,199.98,200.54,3476093
2026-10-05 13:30:00,XLK,200.545,201.3,200.5,200.96,2665868
2026-10-06 09:30:00,XLK,202.48,203.25,201.89,202.51,3452865
2026-10-06 13:30:00,XLK,202.51,202.71,201.87,201.95,2484020
2026-10-07 09:30:00,XLK,200.28,201.44,199.63,201.31,3474981
2026-10-07 13:30:00,XLK,201.29,201.56,200.96,201.37,2441006
2026-10-08 09:30:00,XLK,199.75,201.26,196.48,196.87,4876647
2026-10-08 13:30:00,XLK,196.88,198.36,196.815,197.78,3910000
2026-05-18 09:30:00,XLE,59.125,60.67,58.72,60.37,25091405
2026-05-18 13:30:00,XLE,60.37,60.7,60.15,60.56,14032814
2026-05-19 09:30:00,XLE,60.81,61.17,60.295,61.085,18416955
2026-05-19 13:30:00,XLE,61.085,61.49,61.05,61.27,11494995
2026-05-20 09:30:00,XLE,60.81,61.7,59.99,60.2,38245416
2026-05-20 13:30:00,XLE,60.2,60.205,59.675,59.79,18900875
2026-05-21 09:30:00,XLE,60.48,60.59,59.025,59.12,21544200
2026-05-21 13:30:00,XLE,59.13,59.34,58.715,59.14,21781615
2026-05-22 09:30:00,XLE,58.99,59.55,58.84,59.025,19501760
2026-05-22 13:30:00,XLE,59.025,59.61,58.91,59.46,13149731
2026-05-26 09:30:00,XLE,58.87,59.57,58.25,58.3,20829751
2026-05-26 13:30:00,XLE,58.3,58.42,57.835,57.86,16300468
2026-05-27 09:30:00,XLE,57.01,57.5,56.475,57.38,30838651
2026-05-27 13:30:00,XLE,57.385,57.4,56.89,56.98,15252338
2026-05-28 09:30:00,XLE,57.55,57.68,56.68,57.045,30676835
2026-05-28 13:30:00,XLE,57.04,57.1,56.85,56.93,12081174
2026-05-29 09:30:00,XLE,56.68,56.79,55.99,56.4899,17702886
2026-05-29 13:30:00,XLE,56.48,56.49,56.22,56.31,12074761
2026-06-01 09:30:00,XLE,57.025,57.81,56.85,57.195,39244006
2026-06-01 13:30:00,XLE,57.16,57.47,57.0743,57.305,11676893
2026-06-02 09:30:00,XLE,57.19,58.11,57.08,58.055,15179048
2026-06-02 13:30:00,XLE,58.06,58.17,57.93,57.95,6927747
2026-06-03 09:30:00,XLE,58.24,59.375,58.01,59.105,20402363
2026-06-03 13:30:00,XLE,59.1,59.14,58.68,58.73,16855153
2026-06-04 09:30:00,XLE,58.5,59.025,58.17,58.8757,15961130
2026-06-04 13:30:00,XLE,58.875,58.99,58.65,58.755,7009896
2026-06-05 09:30:00,XLE,58.665,58.78,57.79,58.05,16854536
2026-06-05 13:30:00,XLE,58.06,58.155,57.63,57.68,10354430
2026-06-08 09:30:00,XLE,58.08,58.96,57.97,58.19,16388750
2026-06-08 13:30:00,XLE,58.2,58.48,58.125,58.32,7956869
2026-06-09 09:30:00,XLE,58.08,58.21,56.81,57.2739,34446229
2026-06-09 13:30:00,XLE,57.275,57.42,57.05,57.38,9667395
2026-06-10 09:30:00,XLE,57.94,59.04,57.78,59.02,22035956
2026-06-10 13:30:00,XLE,59.0199,59.0199,58.23,58.26,12358352
2026-06-11 09:30:00,XLE,58.775,58.99,57.732,57.74,17831717
2026-06-11 13:30:00,XLE,57.74,57.93,57.055,57.1,21281664
2026-06-12 09:30:00,XLE,56.79,58.15,56.63,57.585,22977704
2026-06-12 13:30:00,XLE,57.585,57.77,57.39,57.56,7790843
2026-06-15 09:30:00,XLE,55.2,56.05,55.02,55.83,29878037
2026-06-15 13:30:00,XLE,55.825,55.91,55.47,55.57,12243940
2026-06-16 09:30:00,XLE,55.0,55.475,54.95,55.2213,22269537
2026-06-16 13:30:00,XLE,55.22,55.39,55.05,55.36,17280117
2026-06-17 09:30:00,XLE,55.26,55.35,54.75,54.945,21159071
2026-06-17 13:30:00,XLE,54.95,55.08,54.54,54.68,14947451
2026-06-18 09:30:00,XLE,54.14,54.25,53.245,53.58,24242318
2026-06-18 13:30:00,XLE,53.585,53.91,53.485,53.75,13557367
2026-06-22 09:30:00,XLE,53.53,54.0499,53.165,53.8,15344023
2026-06-22 13:30:00,XLE,53.8,54.13,53.785,54.07,9723338
2026-06-23 09:30:00,XLE,54.14,54.56,53.88,54.525,16599395
2026-06-23 13:30:00,XLE,54.525,54.56,54.31,54.45,16195083
2026-06-24 09:30:00,XLE,53.5,53.765,52.94,53.34,25155216
2026-06-24 13:30:00,XLE,53.33,53.62,53.23,53.54,13193921
2026-06-25 09:30:00,XLE,53.2,54.315,53.0,53.84,16398835
2026-06-25 13:30:00,XLE,53.84,54.24,53.83,54.09,10716349
2026-06-26 09:30:00,XLE,54.0,54.15,53.76,53.875,10326894
2026-06-26 13:30:00,XLE,53.88,53.965,53.675,53.86,7381733
2026-06-29 09:30:00,XLE,53.98,54.28,53.68,53.965,12419359
2026-06-29 13:30:00,XLE,53.965,54.05,53.47,53.57,8137044
2026-06-30 09:30:00,XLE,53.62,54.115,53.33,53.39,14715558
2026-06-30 13:30:00,XLE,53.385,53.465,53.08,53.15,10776396
2026-07-01 09:30:00,XLE,53.045,53.44,52.62,52.9599,16056217
2026-07-01 13:30:00,XLE,52.95,53.04,52.7,52.82,15466811
2026-07-02 09:30:00,XLE,53.24,53.65,52.965,53.105,15745475
2026-07-02 13:30:00,XLE,53.1,53.28,52.91,53.24,11826425
2026-07-06 09:30:00,XLE,53.058,53.55,53.0,53.235,12961047
2026-07-06 13:30:00,XLE,53.235,53.38,53.04,53.16,8851976
2026-07-07 09:30:00,XLE,53.61,54.38,53.6,53.955,22750950
2026-07-07 13:30:00,XLE,53.9501,54.82,53.875,54.67,17061834
2026-07-08 09:30:00,XLE,55.455,56.035,54.865,55.105,26738383
2026-07-08 13:30:00,XLE,55.1,55.62,55.075,55.59,11334642
2026-07-09 09:30:00,XLE,55.28,55.48,54.86,54.9399,12772307
2026-07-09 13:30:00,XLE,54.93,55.07,54.73,54.8001,7606385
2026-07-10 09:30:00,XLE,55.08,55.24,54.36,54.675,14162684
2026-07-10 13:30:00,XLE,54.68,55.08,54.625,55.08,7694963
2026-07-13 09:30:00,XLE,55.86,56.655,55.86,56.595,24753156
2026-07-13 13:30:00,XLE,56.595,56.97,56.59,56.75,15325213
2026-07-14 09:30:00,XLE,57.0,57.22,56.29,56.5771,21779890
2026-07-14 13:30:00,XLE,56.575,57.0,56.56,56.96,9426504
2026-07-15 09:30:00,XLE,56.94,57.03,55.76,56.035,20079597
2026-07-15 13:30:00,XLE,56.035,56.605,55.98,56.48,11936311
2026-07-16 09:30:00,XLE,56.66,57.3,56.595,56.88,15278768
2026-07-16 13:30:00,XLE,56.88,57.215,56.865,57.01,8950363
2026-07-17 09:30:00,XLE,57.95,58.115,57.28,57.45,21384098
2026-07-17 13:30:00,XLE,57.45,57.77,57.44,57.69,8981826
2026-07-20 09:30:00,XLE,57.555,58.3287,57.41,58.305,15421423
2026-07-20 13:30:00,XLE,58.3,58.385,57.93,57.95,11173485
2026-07-21 09:30:00,XLE,58.16,58.4,57.83,58.205,11603891
2026-07-21 13:30:00,XLE,58.205,58.53,58.2,58.515,8008262
2026-07-22 09:30:00,XLE,59.27,59.52,58.9,59.24,17916822
2026-07-22 13:30:00,XLE,59.225,59.31,59.045,59.18,9639365
2026-07-23 09:30:00,XLE,60.244,60.3768,59.56,59.65,23472848
2026-07-23 13:30:00,XLE,59.65,59.807,59.265,59.395,11525088
2026-07-24 09:30:00,XLE,59.4,60.45,59.4,59.66,20641688
2026-07-24 13:30:00,XLE,59.665,59.845,59.45,59.61,12319209
2026-07-27 09:30:00,XLE,58.41,59.2799,58.39,58.7,18348702
2026-07-27 13:30:00,XLE,58.695,58.87,58.23,58.38,12751876
2026-07-28 09:30:00,XLE,58.41,58.79,57.25,57.46,17854010
2026-07-28 13:30:00,XLE,57.46,57.84,57.445,57.545,8671652
2026-07-29 09:30:00,XLE,59.08,59.3,58.62,58.75,18562787
2026-07-29 13:30:00,XLE,58.745,58.81,58.42,58.645,14552259
2026-07-30 09:30:00,XLE,58.08,58.645,58.02,58.555,12914071
2026-07-30 13:30:00,XLE,58.55,59.105,58.505,58.95,8261831
2026-07-31 09:30:00,XLE,58.93,59.28,58.32,59.145,13247764
2026-07-31 13:30:00,XLE,59.15,59.685,59.06,59.54,8611905
2026-08-03 09:30:00,XLE,58.69,59.325,58.16,58.925,13893317
2026-08-03 13:30:00,XLE,58.925,58.965,58.45,58.78,10569418
2026-08-04 09:30:00,XLE,57.7,58.7,57.13,58.615,21917504
2026-08-04 13:30:00,XLE,58.62,58.72,58.41,58.52,14335797
2026-08-05 09:30:00,XLE,58.77,58.98,57.205,57.385,18818060
2026-08-05 13:30:00,XLE,57.38,57.68,57.245,57.29,11699972
2026-08-06 09:30:00,XLE,58.26,58.56,57.58,57.94,16039142
2026-08-06 13:30:00,XLE,57.945,58.24,57.835,58.185,7657405
2026-08-07 09:30:00,XLE,57.525,58.045,57.11,57.955,11506438
2026-08-07 13:30:00,XLE,57.95,57.975,57.33,57.48,8450213
2026-08-10 09:30:00,XLE,58.19,59.86,58.1,59.795,18389981
2026-08-10 13:30:00,XLE,59.8,60.21,59.785,60.2,14112080
2026-08-11 09:30:00,XLE,59.99,61.08,59.99,60.83,11299273
2026-08-11 13:30:00,XLE,60.82,60.92,60.725,60.92,10285176
2026-08-12 09:30:00,XLE,60.47,60.9768,60.335,60.9,13194674
2026-08-12 13:30:00,XLE,60.9,61.17,60.83,61.01,8567418
2026-08-13 09:30:00,XLE,60.52,61.095,60.23,61.0,12320443
2026-08-13 13:30:00,XLE,61.005,61.125,60.865,61.05,7391576
2026-08-14 09:30:00,XLE,61.37,62.11,61.25,62.045,13648651
2026-08-14 13:30:00,XLE,62.045,62.085,61.79,61.92,8112748
2026-08-17 09:30:00,XLE,62.215,62.49,61.785,62.48,12551562
2026-08-17 13:30:00,XLE,62.485,62.685,62.4,62.59,9854212
2026-08-18 09:30:00,XLE,63.41,63.71,63.115,63.485,18005333
2026-08-18 13:30:00,XLE,63.48,63.71,63.44,63.665,7909678
2026-08-19 09:30:00,XLE,63.85,64.25,63.65,63.65,15932166
2026-08-19 13:30:00,XLE,63.655,63.755,63.4,63.57,8588930
2026-08-20 09:30:00,XLE,64.25,64.7,63.95,63.985,13487396
2026-08-20 13:30:00,XLE,63.99,64.02,63.69,63.76,7382530
2026-08-21 09:30:00,XLE,64.095,64.3,63.35,63.695,13234612
2026-08-21 13:30:00,XLE,63.695,63.81,63.58,63.625,12982209
2026-08-24 09:30:00,XLE,63.24,63.72,62.56,62.9174,12997139
2026-08-24 13:30:00,XLE,62.915,63.19,62.88,63.13,6667172
2026-08-25 09:30:00,XLE,62.4,62.785,62.18,62.54,15041209
2026-08-25 13:30:00,XLE,62.54,62.61,62.04,62.08,10659294
2026-08-26 09:30:00,XLE,61.43,63.02,61.315,62.635,15065091
2026-08-26 13:30:00,XLE,62.64,62.68,62.33,62.44,7377566
2026-08-27 09:30:00,XLE,62.23,62.45,61.55,62.265,17876699
2026-08-27 13:30:00,XLE,62.265,62.72,62.19,62.27,10819349
2026-08-28 09:30:00,XLE,62.35,62.68,62.118,62.59,12654586
2026-08-28 13:30:00,XLE,62.59,62.74,62.425,62.66,7068770
2026-08-31 09:30:00,XLE,63.8,64.44,63.14,63.51,15719597
2026-08-31 13:30:00,XLE,63.505,64.05,63.44,63.935,10373050
2026-09-01 09:30:00,XLE,64.87,64.95,64.05,64.605,18731988
2026-09-01 13:30:00,XLE,64.6022,64.8,64.45,64.79,11796732
2026-09-02 09:30:00,XLE,64.27,65.06,64.25,64.9962,16281001
2026-09-02 13:30:00,XLE,65.005,65.345,64.975,65.08,9773733
2026-09-03 09:30:00,XLE,65.12,65.52,64.945,65.155,13787610
2026-09-03 13:30:00,XLE,65.15,65.155,64.585,64.64,9570372
2026-09-04 09:30:00,XLE,64.04,64.33,63.375,64.185,17344959
2026-09-04 13:30:00,XLE,64.185,64.24,63.955,64.07,8145669
2026-09-08 09:30:00,XLE,64.83,65.24,64.31,64.42,15535966
2026-09-08 13:30:00,XLE,64.42,65.01,64.42,64.78,10685042
2026-09-09 09:30:00,XLE,65.56,65.915,65.01,65.335,16835804
2026-09-09 13:30:00,XLE,65.34,65.575,65.29,65.31,7473681
2026-09-10 09:30:00,XLE,66.14,66.17,64.34,65.19,23957714
2026-09-10 13:30:00,XLE,65.195,65.26,64.915,64.94,9629281
2026-09-11 09:30:00,XLE,64.89,65.725,64.71,65.12,20754316
2026-09-11 13:30:00,XLE,65.115,65.2,64.93,65.12,9050282
2026-09-14 09:30:00,XLE,65.955,66.05,64.51,64.6468,29872553
2026-09-14 13:30:00,XLE,64.65,64.78,64.18,64.55,15282159
2026-09-15 09:30:00,XLE,64.88,65.99,64.81,65.935,21672668
2026-09-15 13:30:00,XLE,65.94,66.115,65.76,65.94,11596152
2026-09-16 09:30:00,XLE,64.77,65.02,63.87,64.695,30850676
2026-09-16 13:30:00,XLE,64.695,64.835,63.68,64.05,16236073
2026-09-17 09:30:00,XLE,63.5,64.36,63.46,64.325,24248564
2026-09-17 13:30:00,XLE,64.32,64.52,64.28,64.46,8489245
2026-09-18 09:30:00,XLE,64.2,64.75,64.1,64.4,16097273
2026-09-18 13:30:00,XLE,64.4,64.48,64.16,64.32,10891495
2026-09-21 09:30:00,XLE,63.17,63.7,62.53,62.71,22407386
2026-09-21 13:30:00,XLE,62.71,62.99,62.365,62.44,12378039
2026-09-22 09:30:00,XLE,61.63,62.67,61.42,62.455,21875820
2026-09-22 13:30:00,XLE,62.455,62.54,61.76,61.76,15412430
2026-09-23 09:30:00,XLE,62.175,62.97,62.05,62.41,27448933
2026-09-23 13:30:00,XLE,62.41,62.64,62.25,62.38,8006751
2026-09-24 09:30:00,XLE,63.09,63.41,62.455,62.825,25274707
2026-09-24 13:30:00,XLE,62.82,63.04,62.455,62.61,9766571
2026-09-25 09:30:00,XLE,61.92,62.33,61.67,61.735,26991859
2026-09-25 13:30:00,XLE,61.735,62.155,61.655,62.05,8858423
2026-09-28 09:30:00,XLE,62.77,62.7865,61.83,62.225,25403252
2026-09-28 13:30:00,XLE,62.23,62.26,62.02,62.115,7485845
2026-09-29 09:30:00,XLE,61.15,61.79,60.95,61.615,18267431
2026-09-29 13:30:00,XLE,61.615,61.64,61.252,61.55,11706075
2026-09-30 09:30:00,XLE,61.82,62.065,61.545,62.0301,14154409
2026-09-30 13:30:00,XLE,62.03,62.1,61.41,61.48,7806480
2026-10-01 09:30:00,XLE,61.16,62.49,61.04,62.18,21854350
2026-10-01 13:30:00,XLE,62.175,62.745,62.03,62.69,18077702
2026-10-02 09:30:00,XLE,61.86,62.83,61.86,62.8,19830057
2026-10-02 13:30:00,XLE,62.805,62.94,62.76,62.84,8333319
2026-10-05 09:30:00,XLE,62.745,63.67,62.05,63.525,17836872
2026-10-05 13:30:00,XLE,63.5223,63.75,63.2224,63.43,9003249
2026-10-06 09:30:00,XLE,63.02,64.06,62.93,64.025,16467647
2026-10-06 13:30:00,XLE,64.03,64.0478,63.695,63.72,8328375
2026-10-07 09:30:00,XLE,64.04,64.51,63.0441,63.175,15557493
2026-10-07 13:30:00,XLE,63.175,63.62,63.045,63.37,9150163
2026-10-08 09:30:00,XLE,64.51,65.3,64.31,65.25,33045199
2026-10-08 13:30:00,XLE,65.25,65.4673,65.15,65.22,15357749
2026-05-18 09:30:00,XLB,50.33,50.715,50.07,50.39,5283483
2026-05-18 13:30:00,XLB,50.39,50.42,50.135,50.2,5086861
2026-05-19 09:30:00,XLB,49.55,49.55,48.89,49.355,7433674
2026-05-19 13:30:00,XLB,49.35,49.375,49.0,49.045,4177569
2026-05-20 09:30:00,XLB,49.1,49.705,48.895,49.665,14764290
2026-05-20 13:30:00,XLB,49.67,49.78,49.52,49.73,5552511
2026-05-21 09:30:00,XLB,49.54,50.005,49.135,49.99,4781495
2026-05-21 13:30:00,XLB,49.995,50.25,49.905,50.03,5296723
2026-05-22 09:30:00,XLB,50.33,50.5,49.985,50.32,4377372
2026-05-22 13:30:00,XLB,50.335,50.41,50.235,50.29,2302669
2026-05-26 09:30:00,XLB,50.68,51.165,50.65,50.945,5247711
2026-05-26 13:30:00,XLB,50.945,51.055,50.89,51.005,2598952
2026-05-27 09:30:00,XLB,51.01,51.37,50.98,51.275,6184061
2026-05-27 13:30:00,XLB,51.275,51.31,51.15,51.165,2609591
2026-05-28 09:30:00,XLB,51.07,51.47,50.61,51.36,8007228
2026-05-28 13:30:00,XLB,51.35,51.43,51.24,51.36,2326589
2026-05-29 09:30:00,XLB,51.28,51.575,51.11,51.415,5685912
2026-05-29 13:30:00,XLB,51.42,51.43,51.135,51.17,4084329
2026-06-01 09:30:00,XLB,50.65,50.905,50.125,50.9,13422117
2026-06-01 13:30:00,XLB,50.91,51.05,50.83,50.9,10701474
2026-06-02 09:30:00,XLB,50.82,51.665,50.7225,51.31,8976398
2026-06-02 13:30:00,XLB,51.31,51.61,51.255,51.51,10403138
2026-06-03 09:30:00,XLB,51.35,52.025,51.24,51.69,9030089
2026-06-03 13:30:00,XLB,51.695,51.8,51.6,51.62,3063351
2026-06-04 09:30:00,XLB,51.83,52.1999,51.55,51.58,6254608
2026-06-04 13:30:00,XLB,51.58,51.665,51.435,51.62,3049859
2026-06-05 09:30:00,XLB,51.41,51.65,50.695,50.825,7093164
2026-06-05 13:30:00,XLB,50.825,50.86,50.495,50.64,5123803
2026-06-08 09:30:00,XLB,50.61,50.805,49.94,50.0,5817416
2026-06-08 13:30:00,XLB,49.99,50.27,49.905,49.94,4425313
2026-06-09 09:30:00,XLB,50.59,50.82,49.84,50.215,9365351
2026-06-09 13:30:00,XLB,50.215,50.79,50.21,50.78,3902577
2026-06-10 09:30:00,XLB,50.75,50.86,49.92,50.05,5448176
2026-06-10 13:30:00,XLB,50.05,50.115,49.57,49.59,4059199
2026-06-11 09:30:00,XLB,50.07,50.61,50.0,50.58,5650345
2026-06-11 13:30:00,XLB,50.58,51.33,50.455,51.215,6571550
2026-06-12 09:30:00,XLB,51.71,52.3,51.52,52.235,9224232
2026-06-12 13:30:00,XLB,52.24,52.355,52.075,52.2,5492729
2026-06-15 09:30:00,XLB,52.87,53.195,52.525,52.81,8761953
2026-06-15 13:30:00,XLB,52.805,52.865,52.47,52.52,5865750
2026-06-16 09:30:00,XLB,52.69,53.085,52.66,52.855,5430825
2026-06-16 13:30:00,XLB,52.85,52.865,52.64,52.735,2486442
2026-06-17 09:30:00,XLB,52.52,53.31,52.51,53.08,5665240
2026-06-17 13:30:00,XLB,53.085,53.185,51.86,52.03,8413075
2026-06-18 09:30:00,XLB,52.22,52.43,51.975,52.035,5982085
2026-06-18 13:30:00,XLB,52.035,52.05,51.76,51.795,5495959
2026-06-22 09:30:00,XLB,51.18,51.82,51.1501,51.695,4991510
2026-06-22 13:30:00,XLB,51.695,51.71,51.44,51.615,3832400
2026-06-23 09:30:00,XLB,51.07,51.475,50.79,51.245,6087986
2026-06-23 13:30:00,XLB,51.24,51.24,50.83,50.85,3762028
2026-06-24 09:30:00,XLB,50.87,51.53,50.79,51.105,6883301
2026-06-24 13:30:00,XLB,51.1,51.355,51.055,51.16,5341828
2026-06-25 09:30:00,XLB,51.41,52.19,51.27,51.92,5697586
2026-06-25 13:30:00,XLB,51.92,51.955,51.67,51.85,3827345
2026-06-26 09:30:00,XLB,51.57,51.89,51.405,51.47,4466200
2026-06-26 13:30:00,XLB,51.47,51.71,51.375,51.62,4512946
2026-06-29 09:30:00,XLB,51.28,51.3973,50.25,50.49,8821098
2026-06-29 13:30:00,XLB,50.49,50.7,50.44,50.66,3571946
2026-06-30 09:30:00,XLB,51.07,51.185,50.67,50.91,5084740
2026-06-30 13:30:00,XLB,50.92,50.97,50.8,50.845,3067677
2026-07-01 09:30:00,XLB,50.72,51.47,50.475,51.25,6537407
2026-07-01 13:30:00,XLB,51.25,51.255,50.9,51.005,5888135
2026-07-02 09:30:00,XLB,51.4,51.86,51.295,51.505,5949270
2026-07-02 13:30:00,XLB,51.505,52.025,51.39,51.99,5023788
2026-07-06 09:30:00,XLB,51.92,52.035,51.35,51.635,5484635
2026-07-06 13:30:00,XLB,51.64,51.99,51.59,51.96,10875963
2026-07-07 09:30:00,XLB,51.96,52.12,51.4,51.485,5872186
2026-07-07 13:30:00,XLB,51.485,51.58,51.295,51.51,5245811
2026-07-08 09:30:00,XLB,51.0,51.04,49.885,50.285,6999052
2026-07-08 13:30:00,XLB,50.285,50.345,50.16,50.18,5126368
2026-07-09 09:30:00,XLB,50.37,50.48,50.12,50.465,5714402
2026-07-09 13:30:00,XLB,50.47,50.545,50.235,50.28,4249528
2026-07-10 09:30:00,XLB,50.29,51.065,50.29,51.0385,5157165
2026-07-10 13:30:00,XLB,51.04,51.11,50.87,50.89,2101801
2026-07-13 09:30:00,XLB,50.97,51.345,50.48,50.535,5705434
2026-07-13 13:30:00,XLB,50.53,50.615,50.355,50.58,3069415
2026-07-14 09:30:00,XLB,51.15,51.45,50.59,50.65,5690749
2026-07-14 13:30:00,XLB,50.65,50.735,50.61,50.65,2687423
2026-07-15 09:30:00,XLB,50.66,50.84,50.11,50.405,7114015
2026-07-15 13:30:00,XLB,50.405,50.645,50.405,50.5,4996743
2026-07-16 09:30:00,XLB,50.31,50.93,50.305,50.605,4350753
2026-07-16 13:30:00,XLB,50.61,50.93,50.525,50.87,2669355
2026-07-17 09:30:00,XLB,50.8,51.445,50.56,50.655,4705050
2026-07-17 13:30:00,XLB,50.655,50.67,50.385,50.51,3419869
2026-07-20 09:30:00,XLB,50.64,50.73,50.035,50.045,5374669
2026-07-20 13:30:00,XLB,50.04,50.11,49.88,50.015,4442144
2026-07-21 09:30:00,XLB,50.5,50.53,49.845,50.365,4391668
2026-07-21 13:30:00,XLB,50.365,50.38,50.07,50.09,3673603
2026-07-22 09:30:00,XLB,50.33,50.97,50.3,50.81,5484032
2026-07-22 13:30:00,XLB,50.81,50.85,50.63,50.8,4200243
2026-07-23 09:30:00,XLB,50.42,50.97,50.1605,50.3,4990049
2026-07-23 13:30:00,XLB,50.3,50.35,50.12,50.32,4844545
2026-07-24 09:30:00,XLB,50.32,51.005,50.21,51.005,6701882
2026-07-24 13:30:00,XLB,51.01,51.27,50.995,51.255,4978084
2026-07-27 09:30:00,XLB,51.47,51.615,51.085,51.175,4468124
2026-07-27 13:30:00,XLB,51.185,51.435,51.17,51.41,3560895
2026-07-28 09:30:00,XLB,52.0,52.775,51.88,52.515,7058362
2026-07-28 13:30:00,XLB,52.51,52.52,52.285,52.33,3984580
2026-07-29 09:30:00,XLB,52.34,52.34,51.325,51.635,6510561
2026-07-29 13:30:00,XLB,51.635,52.115,51.595,51.73,6677169
2026-07-30 09:30:00,XLB,52.1,52.305,51.275,51.52,6290609
2026-07-30 13:30:00,XLB,51.52,51.695,51.43,51.65,4134581
2026-07-31 09:30:00,XLB,50.91,51.02,50.205,50.55,9708795
2026-07-31 13:30:00,XLB,50.555,50.645,50.39,50.41,7704001
2026-08-03 09:30:00,XLB,50.74,50.85,50.35,50.71,6594638
2026-08-03 13:30:00,XLB,50.705,51.04,50.7,51.02,5090944
2026-08-04 09:30:00,XLB,51.31,51.975,51.025,51.905,9937870
2026-08-04 13:30:00,XLB,51.905,52.07,51.79,52.01,6065161
2026-08-05 09:30:00,XLB,52.59,52.96,52.45,52.615,6019247
2026-08-05 13:30:00,XLB,52.615,52.77,52.615,52.63,5349914
2026-08-06 09:30:00,XLB,52.63,52.86,52.235,52.325,5321962
2026-08-06 13:30:00,XLB,52.32,52.375,52.01,52.17,3018375
2026-08-07 09:30:00,XLB,52.34,52.87,52.17,52.855,4455892
2026-08-07 13:30:00,XLB,52.85,52.94,52.74,52.8579,8289662
2026-08-10 09:30:00,XLB,52.81,53.095,52.61,52.91,5041650
2026-08-10 13:30:00,XLB,52.92,53.2,52.905,53.185,5779460
2026-08-11 09:30:00,XLB,53.07,53.595,53.0,53.075,5959208
2026-08-11 13:30:00,XLB,53.075,53.27,53.02,53.22,5258400
2026-08-12 09:30:00,XLB,53.45,53.48,52.585,52.705,5214026
2026-08-12 13:30:00,XLB,52.71,52.79,52.535,52.59,4464442
2026-08-13 09:30:00,XLB,52.6,52.78,52.32,52.335,6756911
2026-08-13 13:30:00,XLB,52.335,52.355,52.215,52.295,3251400
2026-08-14 09:30:00,XLB,52.46,52.645,52.27,52.535,4244786
2026-08-14 13:30:00,XLB,52.54,52.62,52.475,52.545,2890463
2026-08-17 09:30:00,XLB,52.35,52.44,52.065,52.24,4018508
2026-08-17 13:30:00,XLB,52.24,52.34,52.19,52.23,2894418
2026-08-18 09:30:00,XLB,52.22,52.3,51.7701,51.925,4510315
2026-08-18 13:30:00,XLB,51.92,51.995,51.75,51.76,3098420
2026-08-19 09:30:00,XLB,52.52,53.145,52.41,52.735,4978918
2026-08-19 13:30:00,XLB,52.73,52.77,52.275,52.52,5621675
2026-08-20 09:30:00,XLB,52.1,53.04,52.05,52.625,5732561
2026-08-20 13:30:00,XLB,52.63,52.64,52.36,52.42,3280033
2026-08-21 09:30:00,XLB,53.07,53.715,52.95,53.465,7566268
2026-08-21 13:30:00,XLB,53.465,53.65,53.43,53.52,5478907
2026-08-24 09:30:00,XLB,54.005,54.19,53.3,53.335,8325081
2026-08-24 13:30:00,XLB,53.33,53.6,53.28,53.57,3247902
2026-08-25 09:30:00,XLB,53.48,53.5,53.005,53.43,5784539
2026-08-25 13:30:00,XLB,53.435,53.645,53.425,53.5836,2188675
2026-08-26 09:30:00,XLB,53.59,54.09,53.515,53.715,4541952
2026-08-26 13:30:00,XLB,53.73,53.79,53.64,53.65,2386403
2026-08-27 09:30:00,XLB,53.22,53.485,53.095,53.385,4034558
2026-08-27 13:30:00,XLB,53.39,53.435,53.22,53.25,2767006
2026-08-28 09:30:00,XLB,53.66,53.8,52.84,52.96,7821525
2026-08-28 13:30:00,XLB,52.955,53.215,52.955,53.17,4564538
2026-08-31 09:30:00,XLB,53.1,53.26,52.605,52.71,7320056
2026-08-31 13:30:00,XLB,52.705,52.775,52.565,52.69,4092234
2026-09-01 09:30:00,XLB,52.44,52.46,52.02,52.16,6857866
2026-09-01 13:30:00,XLB,52.175,52.35,52.02,52.09,6969829
2026-09-02 09:30:00,XLB,52.36,53.19,52.27,52.96,6452262
2026-09-02 13:30:00,XLB,52.96,53.145,52.94,52.96,5141168
2026-09-03 09:30:00,XLB,53.45,53.515,52.335,52.84,8305265
2026-09-03 13:30:00,XLB,52.83,52.85,52.565,52.64,4745860
2026-09-04 09:30:00,XLB,52.16,52.67,51.975,52.525,5409805
2026-09-04 13:30:00,XLB,52.53,52.63,52.395,52.45,4249039
2026-09-08 09:30:00,XLB,52.36,52.58,52.045,52.1403,6614887
2026-09-08 13:30:00,XLB,52.15,52.215,51.935,51.95,4837676
2026-09-09 09:30:00,XLB,52.02,52.15,51.5,51.66,8918809
2026-09-09 13:30:00,XLB,51.665,51.7298,51.38,51.39,3572003
2026-09-10 09:30:00,XLB,50.76,51.05,50.58,50.695,5425958
2026-09-10 13:30:00,XLB,50.695,50.81,50.615,50.76,4042025
2026-09-11 09:30:00,XLB,51.19,51.21,50.9,51.13,5814942
2026-09-11 13:30:00,XLB,51.135,51.145,50.87,50.94,2811909
2026-09-14 09:30:00,XLB,50.68,50.81,50.34,50.58,7284551
2026-09-14 13:30:00,XLB,50.585,50.605,50.44,50.475,3686760
2026-09-15 09:30:00,XLB,50.55,50.67,50.26,50.62,6251532
2026-09-15 13:30:00,XLB,50.615,50.745,50.495,50.74,3425220
2026-09-16 09:30:00,XLB,50.93,51.11,50.765,50.955,3748128
2026-09-16 13:30:00,XLB,50.96,51.0,49.9095,50.38,5587133
2026-09-17 09:30:00,XLB,50.9,51.01,50.52,50.825,5304253
2026-09-17 13:30:00,XLB,50.82,50.91,50.7,50.73,3103689
2026-09-18 09:30:00,XLB,50.425,50.62,49.8803,50.065,4569789
2026-09-18 13:30:00,XLB,50.065,50.135,49.97,49.99,3332774
2026-09-21 09:30:00,XLB,50.13,50.17,49.655,49.93,6919727
2026-09-21 13:30:00,XLB,49.92,49.945,49.72,49.73,3100385
2026-09-22 09:30:00,XLB,50.07,50.4,49.91,50.3,6068093
2026-09-22 13:30:00,XLB,50.305,50.635,50.305,50.53,3613777
2026-09-23 09:30:00,XLB,50.25,50.54,50.04,50.435,5998263
2026-09-23 13:30:00,XLB,50.435,50.52,50.23,50.27,4119412
2026-09-24 09:30:00,XLB,50.14,50.23,49.64,49.745,8251559
2026-09-24 13:30:00,XLB,49.75,49.825,49.57,49.69,4269218
2026-09-25 09:30:00,XLB,49.78,49.96,49.45,49.785,6673483
2026-09-25 13:30:00,XLB,49.79,49.89,49.705,49.79,3025358
2026-09-28 09:30:00,XLB,49.295,49.735,48.94,49.49,7691185
2026-09-28 13:30:00,XLB,49.495,49.645,49.44,49.46,2964100
2026-09-29 09:30:00,XLB,49.388,49.55,48.92,49.015,7752341
2026-09-29 13:30:00,XLB,49.02,49.12,48.905,49.08,4160947
2026-09-30 09:30:00,XLB,49.29,49.43,49.02,49.095,7284359
2026-09-30 13:30:00,XLB,49.095,49.155,48.69,48.69,3620471
2026-10-01 09:30:00,XLB,48.34,48.55,47.81,48.445,14815238
2026-10-01 13:30:00,XLB,48.45,48.635,48.415,48.54,9715398
2026-10-02 09:30:00,XLB,48.83,49.36,48.8,48.905,7691067
2026-10-02 13:30:00,XLB,48.915,49.085,48.86,48.88,4583354
2026-10-05 09:30:00,XLB,48.83,49.53,48.51,49.525,7017502
2026-10-05 13:30:00,XLB,49.525,49.765,49.455,49.51,4389688
2026-10-06 09:30:00,XLB,49.55,49.965,49.445,49.9,7500568
2026-10-06 13:30:00,XLB,49.89,49.95,49.665,49.73,4518533
2026-10-07 09:30:00,XLB,49.3,49.41,48.87,49.145,5756950
2026-10-07 13:30:00,XLB,49.145,49.165,48.96,48.975,3844098
2026-10-08 09:30:00,XLB,48.81,49.22,48.7,49.18,7898414
2026-10-08 13:30:00,XLB,49.185,49.28,49.075,49.26,5220367
2026-05-18 09:30:00,XLI,171.56,171.57,169.65,170.5,5534451
2026-05-18 13:30:00,XLI,170.51,170.87,169.5,170.73,2965529
2026-05-19 09:30:00,XLI,169.63,170.18,168.11,170.09,4777308
2026-05-19 13:30:00,XLI,170.09,170.14,168.55,168.725,2452353
2026-05-20 09:30:00,XLI,169.23,171.48,168.37,171.165,6438718
2026-05-20 13:30:00,XLI,171.19,171.28,170.435,170.7,2487424
2026-05-21 09:30:00,XLI,169.81,170.675,168.91,170.665,5238011
2026-05-21 13:30:00,XLI,170.66,171.3,170.25,170.52,3060865
2026-05-22 09:30:00,XLI,171.75,172.88,170.416,172.83,4270291
2026-05-22 13:30:00,XLI,172.86,172.88,171.6,171.745,2437556
2026-05-26 09:30:00,XLI,173.19,174.78,172.89,174.075,3799858
2026-05-26 13:30:00,XLI,174.075,174.555,174.01,174.33,2313400
2026-05-27 09:30:00,XLI,174.54,174.79,173.47,174.59,3659823
2026-05-27 13:30:00,XLI,174.59,174.86,174.19,174.36,2198173
2026-05-28 09:30:00,XLI,173.49,174.71,172.055,174.285,3983939
2026-05-28 13:30:00,XLI,174.285,174.305,173.725,173.83,3895442
2026-05-29 09:30:00,XLI,173.57,173.875,172.37,173.49,3516223
2026-05-29 13:30:00,XLI,173.49,173.5216,172.92,173.17,2612687
2026-06-01 09:30:00,XLI,171.59,172.56,170.39,172.55,4720727
2026-06-01 13:30:00,XLI,172.53,172.86,172.34,172.4,2562537
2026-06-02 09:30:00,XLI,172.94,174.5,172.37,173.26,5763211
2026-06-02 13:30:00,XLI,173.26,174.245,173.26,174.17,2629347
2026-06-03 09:30:00,XLI,173.73,176.103,173.55,174.705,4198569
2026-06-03 13:30:00,XLI,174.7,174.915,173.99,174.03,2437259
2026-06-04 09:30:00,XLI,174.93,176.18,174.28,175.52,4045704
2026-06-04 13:30:00,XLI,175.51,176.48,175.51,176.15,2116475
2026-06-05 09:30:00,XLI,175.61,176.37,174.64,174.98,5087906
2026-06-05 13:30:00,XLI,174.985,175.1499,173.475,174.21,3338978
2026-06-08 09:30:00,XLI,174.92,175.33,173.48,173.64,3493805
2026-06-08 13:30:00,XLI,173.63,174.38,173.27,173.63,1624701
2026-06-09 09:30:00,XLI,174.37,176.59,171.725,173.65,6595883
2026-06-09 13:30:00,XLI,173.65,175.74,173.465,175.58,2750432
2026-06-10 09:30:00,XLI,174.57,174.57,170.43,171.04,8083416
2026-06-10 13:30:00,XLI,171.046,171.29,169.45,169.63,5442724
2026-06-11 09:30:00,XLI,171.28,173.66,170.99,173.645,5291546
2026-06-11 13:30:00,XLI,173.58,175.68,173.28,175.1,5369173
2026-06-12 09:30:00,XLI,176.02,176.61,174.63,176.28,4464120
2026-06-12 13:30:00,XLI,176.27,176.555,175.86,176.19,2341280
2026-06-15 09:30:00,XLI,178.8,179.98,178.53,179.615,4239384
2026-06-15 13:30:00,XLI,179.615,179.73,178.51,178.69,3020118
2026-06-16 09:30:00,XLI,179.58,181.1,179.31,180.875,4104315
2026-06-16 13:30:00,XLI,180.85,180.94,179.74,179.89,4243104
2026-06-17 09:30:00,XLI,179.97,182.33,179.83,181.74,4793697
2026-06-17 13:30:00,XLI,181.745,182.12,179.13,179.61,5639774
2026-06-18 09:30:00,XLI,182.5,182.92,180.56,181.41,4321649
2026-06-18 13:30:00,XLI,181.42,181.48,180.45,180.88,3219791
2026-06-22 09:30:00,XLI,180.775,182.28,180.69,181.995,4335977
2026-06-22 13:30:00,XLI,181.995,182.08,181.33,181.81,2232610
2026-06-23 09:30:00,XLI,179.16,180.01,177.23,179.46,4521169
2026-06-23 13:30:00,XLI,179.43,179.475,177.96,178.14,4041019
2026-06-24 09:30:00,XLI,179.07,181.8899,178.34,179.56,4358780
2026-06-24 13:30:00,XLI,179.58,180.57,179.37,180.25,2539257
2026-06-25 09:30:00,XLI,182.24,186.09,182.055,183.92,4571041
2026-06-25 13:30:00,XLI,183.96,184.2,183.26,184.18,3022982
2026-06-26 09:30:00,XLI,182.64,183.07,181.6103,182.215,3988249
2026-06-26 13:30:00,XLI,182.23,182.43,180.91,181.165,4269668
2026-06-29 09:30:00,XLI,181.51,183.58,181.35,182.65,4526383
2026-06-29 13:30:00,XLI,182.64,183.055,182.451,182.76,2224759
2026-06-30 09:30:00,XLI,183.32,185.2,182.71,184.955,3300840
2026-06-30 13:30:00,XLI,184.955,185.45,184.68,185.23,2557496
2026-07-01 09:30:00,XLI,184.37,185.65,182.72,184.29,4650028
2026-07-01 13:30:00,XLI,184.3,184.325,183.34,183.41,2748394
2026-07-02 09:30:00,XLI,184.71,185.48,182.25,182.54,4046899
2026-07-02 13:30:00,XLI,182.52,184.005,181.91,183.9,2238053
2026-07-06 09:30:00,XLI,184.7,186.445,184.7,185.44,3770130
2026-07-06 13:30:00,XLI,185.45,185.86,185.04,185.56,2683662
2026-07-07 09:30:00,XLI,184.535,184.92,180.66,181.46,4112483
2026-07-07 13:30:00,XLI,181.47,182.53,181.45,182.41,3433713
2026-07-08 09:30:00,XLI,180.76,181.89,179.08,180.4,4205261
2026-07-08 13:30:00,XLI,180.41,180.72,180.1301,180.4,2880257
2026-07-09 09:30:00,XLI,182.43,182.75,180.87,181.84,2911950
2026-07-09 13:30:00,XLI,181.84,181.92,180.73,181.12,2274489
2026-07-10 09:30:00,XLI,181.15,182.35,180.17,182.22,3014541
2026-07-10 13:30:00,XLI,182.24,182.58,181.86,181.96,2117971
2026-07-13 09:30:00,XLI,181.52,182.18,179.8,180.3,3230513
2026-07-13 13:30:00,XLI,180.31,180.47,179.94,180.37,2012752
2026-07-14 09:30:00,XLI,181.67,182.51,179.86,180.19,4164820
2026-07-14 13:30:00,XLI,180.21,180.61,180.01,180.42,2358086
2026-07-15 09:30:00,XLI,180.78,181.02,177.78,179.26,4111848
2026-07-15 13:30:00,XLI,179.28,180.1,179.28,180.07,3267255
2026-07-16 09:30:00,XLI,178.79,180.56,178.55,179.32,3351628
2026-07-16 13:30:00,XLI,179.34,180.27,178.724,180.17,2630106
2026-07-17 09:30:00,XLI,178.26,181.46,177.6,180.29,3956137
2026-07-17 13:30:00,XLI,180.29,180.375,179.23,179.45,2680368
2026-07-20 09:30:00,XLI,180.535,181.265,178.22,178.27,3255715
2026-07-20 13:30:00,XLI,178.26,178.74,177.59,178.14,2713818
2026-07-21 09:30:00,XLI,179.51,179.94,177.76,179.325,2449626
2026-07-21 13:30:00,XLI,179.32,179.47,178.53,178.66,2192887
2026-07-22 09:30:00,XLI,178.2,179.84,178.14,179.2,2663413
2026-07-22 13:30:00,XLI,179.21,179.28,178.57,178.83,1501413
2026-07-23 09:30:00,XLI,179.69,182.98,179.09,181.68,5281057
2026-07-23 13:30:00,XLI,181.67,182.02,181.02,181.94,2880871
2026-07-24 09:30:00,XLI,181.92,183.9,181.74,183.23,3262542
2026-07-24 13:30:00,XLI,183.21,183.28,182.14,182.65,2132736
2026-07-27 09:30:00,XLI,183.47,184.42,180.84,181.7101,3812146
2026-07-27 13:30:00,XLI,181.715,183.27,181.69,183.22,2240876
2026-07-28 09:30:00,XLI,182.63,182.95,181.44,182.23,3505835
2026-07-28 13:30:00,XLI,182.23,182.79,181.65,182.53,2118370
2026-07-29 09:30:00,XLI,181.0,181.44,176.435,177.8,4599915
2026-07-29 13:30:00,XLI,177.76,179.45,176.36,176.63,4641301
2026-07-30 09:30:00,XLI,178.93,179.1,175.96,177.41,3968868
2026-07-30 13:30:00,XLI,177.41,178.52,177.17,178.35,2635838
2026-07-31 09:30:00,XLI,180.5,180.9244,177.89,180.22,2516964
2026-07-31 13:30:00,XLI,180.23,180.51,179.7,179.79,3064156
2026-08-03 09:30:00,XLI,180.46,182.56,180.1,181.76,4520956
2026-08-03 13:30:00,XLI,181.78,183.347,181.775,183.11,3934145
2026-08-04 09:30:00,XLI,185.64,186.2,183.28,186.17,6231958
2026-08-04 13:30:00,XLI,186.16,186.87,185.995,186.34,3822477
2026-08-05 09:30:00,XLI,186.58,188.19,185.99,186.8201,3887946
2026-08-05 13:30:00,XLI,186.82,187.06,186.31,186.35,1510212
2026-08-06 09:30:00,XLI,186.7,187.46,185.24,185.305,2848890
2026-08-06 13:30:00,XLI,185.29,185.575,184.5,184.79,2320270
2026-08-07 09:30:00,XLI,185.45,185.87,183.99,185.52,2808893
2026-08-07 13:30:00,XLI,185.53,185.6,184.98,185.14,3159732
2026-08-10 09:30:00,XLI,185.93,185.93,184.59,184.92,2127381
2026-08-10 13:30:00,XLI,184.94,185.12,184.37,184.62,1194049
2026-08-11 09:30:00,XLI,185.08,187.26,185.03,185.95,2553388
2026-08-11 13:30:00,XLI,185.94,186.045,185.53,185.72,2262830
2026-08-12 09:30:00,XLI,186.83,187.41,185.155,186.32,2467188
2026-08-12 13:30:00,XLI,186.32,186.6244,185.74,185.88,1474936
2026-08-13 09:30:00,XLI,186.48,186.67,184.74,185.89,3455810
2026-08-13 13:30:00,XLI,185.895,186.185,185.6,185.8,1370258
2026-08-14 09:30:00,XLI,186.18,186.88,185.6001,186.46,2109115
2026-08-14 13:30:00,XLI,186.47,186.69,186.2,186.5,1339749
2026-08-17 09:30:00,XLI,186.39,187.39,186.18,187.215,3361316
2026-08-17 13:30:00,XLI,187.22,187.29,186.23,186.285,1873803
2026-08-18 09:30:00,XLI,185.21,185.575,183.85,183.97,2614571
2026-08-18 13:30:00,XLI,183.96,184.1,183.505,183.58,1887006
2026-08-19 09:30:00,XLI,184.24,184.62,182.29,182.57,5047031
2026-08-19 13:30:00,XLI,182.57,182.69,181.72,181.94,2583897
2026-08-20 09:30:00,XLI,181.01,182.03,180.09,180.13,3651522
2026-08-20 13:30:00,XLI,180.14,180.17,179.55,179.75,2655219
2026-08-21 09:30:00,XLI,180.95,181.24,179.79,180.26,2803238
2026-08-21 13:30:00,XLI,180.26,180.665,180.15,180.23,2436999
2026-08-24 09:30:00,XLI,180.09,180.3,178.47,178.48,2418392
2026-08-24 13:30:00,XLI,178.4799,179.035,178.355,178.99,2349680
2026-08-25 09:30:00,XLI,180.76,180.96,178.32,178.36,2471465
2026-08-25 13:30:00,XLI,178.35,178.65,178.16,178.41,2692744
2026-08-26 09:30:00,XLI,178.9,180.9,178.9,180.35,4713068
2026-08-26 13:30:00,XLI,180.37,180.745,180.17,180.39,3164866
2026-08-27 09:30:00,XLI,180.47,180.49,178.18,179.24,3431297
2026-08-27 13:30:00,XLI,179.25,179.31,178.55,178.81,1798829
2026-08-28 09:30:00,XLI,179.44,179.5,176.65,176.82,4970768
2026-08-28 13:30:00,XLI,176.81,177.45,176.78,177.095,2232619
2026-08-31 09:30:00,XLI,176.09,176.255,174.73,175.005,3784782
2026-08-31 13:30:00,XLI,175.01,175.445,174.91,175.12,3234573
2026-09-01 09:30:00,XLI,174.34,175.44,172.145,172.49,5605759
2026-09-01 13:30:00,XLI,172.48,172.78,172.305,172.74,3102477
2026-09-02 09:30:00,XLI,173.34,173.34,171.615,172.665,4882903
2026-09-02 13:30:00,XLI,172.655,173.11,172.435,172.77,5328752
2026-09-03 09:30:00,XLI,173.76,174.31,172.02,174.31,3781325
2026-09-03 13:30:00,XLI,174.305,174.55,174.13,174.54,4054873
2026-09-04 09:30:00,XLI,174.34,175.775,174.105,174.87,3243003
2026-09-04 13:30:00,XLI,174.87,175.29,174.66,175.25,2379539
2026-09-08 09:30:00,XLI,175.14,175.71,174.4401,175.185,3487962
2026-09-08 13:30:00,XLI,175.18,175.35,174.27,174.42,2462901
2026-09-09 09:30:00,XLI,173.53,174.16,172.04,172.3,3546225
2026-09-09 13:30:00,XLI,172.3094,172.335,171.71,171.8,2425282
2026-09-10 09:30:00,XLI,170.83,171.68,170.05,170.11,4498030
2026-09-10 13:30:00,XLI,170.095,170.59,170.0,170.52,2971979
2026-09-11 09:30:00,XLI,172.45,172.8587,171.87,172.73,3487081
2026-09-11 13:30:00,XLI,172.77,172.915,172.27,172.37,1838746
2026-09-14 09:30:00,XLI,168.67,170.135,168.4,169.87,4597344
2026-09-14 13:30:00,XLI,169.86,170.13,169.54,169.95,2455744
2026-09-15 09:30:00,XLI,170.47,171.03,168.42,169.115,4230977
2026-09-15 13:30:00,XLI,169.13,169.425,168.615,168.86,8231774
2026-09-16 09:30:00,XLI,169.61,170.67,168.915,170.22,3511539
2026-09-16 13:30:00,XLI,170.22,170.42,167.49,168.68,5088349
2026-09-17 09:30:00,XLI,171.51,171.51,168.66,169.08,3667575
2026-09-17 13:30:00,XLI,169.075,169.29,168.905,169.01,1762388
2026-09-18 09:30:00,XLI,169.0,169.41,168.48,168.855,4233615
2026-09-18 13:30:00,XLI,168.855,169.92,168.79,169.72,3770149
2026-09-21 09:30:00,XLI,170.36,170.69,168.56,170.235,5330798
2026-09-21 13:30:00,XLI,170.24,170.47,169.91,169.94,3080978
2026-09-22 09:30:00,XLI,170.68,170.71,169.13,169.75,5027439
2026-09-22 13:30:00,XLI,169.77,170.58,169.65,170.29,2059991
2026-09-23 09:30:00,XLI,169.71,171.13,169.58,170.59,4641276
2026-09-23 13:30:00,XLI,170.57,170.85,170.01,170.1,2656386
2026-09-24 09:30:00,XLI,168.75,170.045,168.245,169.31,5644403
2026-09-24 13:30:00,XLI,169.3,169.4,168.675,168.87,2736652
2026-09-25 09:30:00,XLI,169.53,171.03,169.03,170.44,4930613
2026-09-25 13:30:00,XLI,170.44,170.605,169.76,170.43,2231816
2026-09-28 09:30:00,XLI,169.36,169.94,167.94,169.02,5440081
2026-09-28 13:30:00,XLI,169.07,169.35,168.525,168.76,2148309
2026-09-29 09:30:00,XLI,169.12,170.48,168.25,168.68,4235287
2026-09-29 13:30:00,XLI,168.68,169.4,168.65,169.13,2224647
2026-09-30 09:30:00,XLI,169.57,169.79,167.845,168.02,3722291
2026-09-30 13:30:00,XLI,168.01,168.25,166.93,166.94,3588034
2026-10-01 09:30:00,XLI,167.14,168.59,166.18,168.45,5629669
2026-10-01 13:30:00,XLI,168.46,169.005,167.7,168.66,3374102
2026-10-02 09:30:00,XLI,170.2,171.0,168.81,169.7,3556078
2026-10-02 13:30:00,XLI,169.695,170.34,169.695,169.97,2325058
2026-10-05 09:30:00,XLI,169.64,170.81,168.15,170.34,3764935
2026-10-05 13:30:00,XLI,170.33,170.83,169.97,170.06,2303529
2026-10-06 09:30:00,XLI,170.7,172.34,170.26,172.12,3489097
2026-10-06 13:30:00,XLI,172.1,172.185,171.3,171.58,2081614
2026-10-07 09:30:00,XLI,169.71,170.03,167.23,168.54,4647344
2026-10-07 13:30:00,XLI,168.54,168.54,167.805,167.86,3223580
2026-10-08 09:30:00,XLI,166.92,168.66,166.58,167.27,5907609
2026-10-08 13:30:00,XLI,167.28,168.5,167.22,168.41,2923617
2026-05-18 09:30:00,XLC,116.04,117.82,115.85,117.33,2925047
2026-05-18 13:30:00,XLC,117.33,117.42,116.64,116.96,1997791
2026-05-19 09:30:00,XLC,116.95,117.14,115.8,116.16,2937840
2026-05-19 13:30:00,XLC,116.15,116.22,115.715,115.83,1906898
2026-05-20 09:30:00,XLC,115.65,115.86,114.81,115.6,2947166
2026-05-20 13:30:00,XLC,115.6,116.215,115.55,116.11,2051574
2026-05-21 09:30:00,XLC,115.47,116.75,114.99,116.66,3227585
2026-05-21 13:30:00,XLC,116.66,116.855,115.84,116.1,1539462
2026-05-22 09:30:00,XLC,116.41,116.71,115.52,115.84,2809483
2026-05-22 13:30:00,XLC,115.84,115.85,115.235,115.46,1216885
2026-05-26 09:30:00,XLC,115.63,116.075,115.07,115.5,2541900
2026-05-26 13:30:00,XLC,115.49,115.65,115.32,115.53,1352645
2026-05-27 09:30:00,XLC,115.23,117.055,115.16,116.1,2494119
2026-05-27 13:30:00,XLC,116.1,116.97,116.1,116.28,2567772
2026-05-28 09:30:00,XLC,116.1,116.69,115.55,116.4,2301073
2026-05-28 13:30:00,XLC,116.4,116.84,116.315,116.65,2094446
2026-05-29 09:30:00,XLC,115.87,116.05,115.14,115.71,2071374
2026-05-29 13:30:00,XLC,115.71,115.94,115.585,115.74,2357618
2026-06-01 09:30:00,XLC,115.425,115.925,114.815,115.89,2888422
2026-06-01 13:30:00,XLC,115.9,116.045,115.605,115.64,2240151
2026-06-02 09:30:00,XLC,114.755,114.9,113.65,114.25,3234083
2026-06-02 13:30:00,XLC,114.25,114.265,113.52,113.58,2922646
2026-06-03 09:30:00,XLC,113.24,113.43,111.76,112.215,3801202
2026-06-03 13:30:00,XLC,112.22,112.41,111.97,112.11,2133361
2026-06-04 09:30:00,XLC,112.77,114.365,112.73,113.11,3782885
2026-06-04 13:30:00,XLC,113.1,113.13,112.69,113.091,1943514
2026-06-05 09:30:00,XLC,112.79,113.36,111.87,111.925,4605700
2026-06-05 13:30:00,XLC,111.92,112.015,111.135,111.67,4013107
2026-06-08 09:30:00,XLC,111.41,111.465,110.12,110.91,4876798
2026-06-08 13:30:00,XLC,110.91,111.32,110.84,111.08,3592795
2026-06-09 09:30:00,XLC,111.48,112.23,110.48,111.125,4091209
2026-06-09 13:30:00,XLC,111.135,111.93,111.12,111.52,2268442
2026-06-10 09:30:00,XLC,111.59,112.45,111.13,111.715,2928203
2026-06-10 13:30:00,XLC,111.71,111.71,110.93,111.01,2170510
2026-06-11 09:30:00,XLC,110.89,111.66,110.22,111.56,3019241
2026-06-11 13:30:00,XLC,111.58,112.52,111.51,112.105,2604823
2026-06-12 09:30:00,XLC,112.91,112.99,110.83,112.29,5079993
2026-06-12 13:30:00,XLC,112.285,112.32,111.16,111.64,2183712
2026-06-15 09:30:00,XLC,111.92,112.59,111.59,112.11,3742018
2026-06-15 13:30:00,XLC,112.11,112.195,111.935,112.17,2534368
2026-06-16 09:30:00,XLC,112.24,112.59,111.41,111.7,4140524
2026-06-16 13:30:00,XLC,111.705,112.41,111.68,112.33,3298921
2026-06-17 09:30:00,XLC,111.479,111.49,110.055,110.195,4845979
2026-06-17 13:30:00,XLC,110.185,110.32,109.015,109.21,4061688
2026-06-18 09:30:00,XLC,109.86,110.28,108.51,110.25,4935471
2026-06-18 13:30:00,XLC,110.25,110.37,109.43,109.45,5811871
2026-06-22 09:30:00,XLC,108.125,108.535,106.38,106.495,3887634
2026-06-22 13:30:00,XLC,106.49,107.11,106.32,106.86,3210317
2026-06-23 09:30:00,XLC,106.52,107.645,106.39,107.5101,4793101
2026-06-23 13:30:00,XLC,107.51,107.64,107.29,107.31,2860430
2026-06-24 09:30:00,XLC,107.525,108.08,106.675,106.77,5084073
2026-06-24 13:30:00,XLC,106.765,107.045,106.45,106.53,3708502
2026-06-25 09:30:00,XLC,105.68,106.63,105.03,105.52,2569100
2026-06-25 13:30:00,XLC,105.54,106.035,105.35,105.61,2559565
2026-06-26 09:30:00,XLC,105.66,107.25,105.36,106.8501,4002785
2026-06-26 13:30:00,XLC,106.855,106.935,105.89,106.11,4626487
2026-06-29 09:30:00,XLC,108.3,108.51,107.67,108.05,3727441
2026-06-29 13:30:00,XLC,108.06,108.205,107.85,107.86,2476402
2026-06-30 09:30:00,XLC,107.525,107.68,106.38,107.165,2251476
2026-06-30 13:30:00,XLC,107.16,107.355,107.12,107.16,2177437
2026-07-01 09:30:00,XLC,109.03,110.84,108.635,110.06,6392098
2026-07-01 13:30:00,XLC,110.055,110.32,109.63,109.74,6932891
2026-07-02 09:30:00,XLC,109.61,110.01,108.55,108.87,3468527
2026-07-02 13:30:00,XLC,108.875,109.805,108.785,109.6,4114672
2026-07-06 09:30:00,XLC,110.075,110.355,108.98,110.025,4067008
2026-07-06 13:30:00,XLC,110.03,110.375,109.735,110.26,3412232
2026-07-07 09:30:00,XLC,111.67,112.27,111.07,111.38,4082573
2026-07-07 13:30:00,XLC,111.375,111.85,110.95,111.03,3200712
2026-07-08 09:30:00,XLC,110.92,110.985,109.68,109.89,3054748
2026-07-08 13:30:00,XLC,109.875,109.955,109.28,109.46,2067899
2026-07-09 09:30:00,XLC,108.08,109.74,107.82,109.645,2917593
2026-07-09 13:30:00,XLC,109.64,110.595,109.48,110.545,2942426
2026-07-10 09:30:00,XLC,111.54,112.16,111.07,111.08,4575057
2026-07-10 13:30:00,XLC,111.07,111.78,111.025,111.64,1649729
2026-07-13 09:30:00,XLC,111.78,112.76,111.7,112.14,3620011
2026-07-13 13:30:00,XLC,112.15,112.28,111.47,111.59,2045493
2026-07-14 09:30:00,XLC,110.83,111.8,110.83,111.73,2729836
2026-07-14 13:30:00,XLC,111.735,111.83,111.385,111.45,1899409
2026-07-15 09:30:00,XLC,111.7,113.86,111.53,113.145,3658506
2026-07-15 13:30:00,XLC,113.145,113.415,112.89,113.375,2424261
2026-07-16 09:30:00,XLC,113.6,114.03,113.04,113.78,2888487
2026-07-16 13:30:00,XLC,113.77,113.89,112.27,112.65,2651136
2026-07-17 09:30:00,XLC,111.2,111.51,110.31,110.785,5613630
2026-07-17 13:30:00,XLC,110.78,110.865,110.325,110.67,1872112
2026-07-20 09:30:00,XLC,110.815,111.66,110.51,111.1805,2458876
2026-07-20 13:30:00,XLC,111.19,111.22,110.715,110.77,1285403
2026-07-21 09:30:00,XLC,110.54,110.62,109.99,110.103,1978877
2026-07-21 13:30:00,XLC,110.105,110.56,110.01,110.02,1811266
2026-07-22 09:30:00,XLC,110.91,111.105,109.75,109.8,2129121
2026-07-22 13:30:00,XLC,109.8,109.8899,109.16,109.18,1662917
2026-07-23 09:30:00,XLC,106.82,106.92,105.47,106.07,7684573
2026-07-23 13:30:00,XLC,106.07,106.15,105.255,105.39,4174159
2026-07-24 09:30:00,XLC,105.295,106.95,105.295,106.5,3209727
2026-07-24 13:30:00,XLC,106.51,106.82,106.19,106.29,2731109
2026-07-27 09:30:00,XLC,107.52,108.54,107.44,108.0912,4432790
2026-07-27 13:30:00,XLC,108.09,108.145,107.61,107.65,2001830
2026-07-28 09:30:00,XLC,108.33,110.03,108.33,109.82,3238105
2026-07-28 13:30:00,XLC,109.79,109.955,109.45,109.68,1851581
2026-07-29 09:30:00,XLC,109.51,109.915,108.95,109.81,2674902
2026-07-29 13:30:00,XLC,109.81,110.74,109.26,109.52,3662519
2026-07-30 09:30:00,XLC,106.47,106.6,105.4925,106.11,4292297
2026-07-30 13:30:00,XLC,106.11,106.65,106.02,106.58,4289570
2026-07-31 09:30:00,XLC,106.825,107.8661,106.61,107.83,2916112
2026-07-31 13:30:00,XLC,107.84,108.405,107.585,108.21,1719423
2026-08-03 09:30:00,XLC,109.83,112.01,109.79,111.4,4867675
2026-08-03 13:30:00,XLC,111.385,111.605,111.165,111.3,2274707
2026-08-04 09:30:00,XLC,110.75,111.75,110.45,111.75,3386486
2026-08-04 13:30:00,XLC,111.75,112.275,111.725,112.04,1891564
2026-08-05 09:30:00,XLC,112.895,112.955,109.94,110.36,3404581
2026-08-05 13:30:00,XLC,110.36,110.965,110.05,110.86,1846739
2026-08-06 09:30:00,XLC,111.18,111.92,110.8901,111.03,2270945
2026-08-06 13:30:00,XLC,111.03,111.225,110.8,111.2,1431367
2026-08-07 09:30:00,XLC,110.27,111.685,110.27,111.27,1969862
2026-08-07 13:30:00,XLC,111.285,111.51,111.095,111.25,1038309
2026-08-10 09:30:00,XLC,111.24,111.495,110.7,111.37,1793236
2026-08-10 13:30:00,XLC,111.375,111.83,111.22,111.825,1709440
2026-08-11 09:30:00,XLC,111.56,112.275,111.11,111.485,1692125
2026-08-11 13:30:00,XLC,111.5,111.63,111.145,111.25,1495418
2026-08-12 09:30:00,XLC,111.31,111.4249,109.895,110.09,1571283
2026-08-12 13:30:00,XLC,110.1,110.49,109.985,110.3,2593621
2026-08-13 09:30:00,XLC,110.86,112.085,110.825,111.695,1842433
2026-08-13 13:30:00,XLC,111.69,112.605,111.585,112.57,3492990
2026-08-14 09:30:00,XLC,112.76,113.5,112.72,112.72,1591835
2026-08-14 13:30:00,XLC,112.725,112.99,112.645,112.94,1278076
2026-08-17 09:30:00,XLC,112.505,112.57,110.775,110.8,1559789
2026-08-17 13:30:00,XLC,110.805,110.99,110.66,110.84,1924715
2026-08-18 09:30:00,XLC,110.86,111.455,110.44,111.14,2116224
2026-08-18 13:30:00,XLC,111.14,111.21,110.44,110.51,1664116
2026-08-19 09:30:00,XLC,110.43,112.16,110.25,111.685,2069457
2026-08-19 13:30:00,XLC,111.69,111.885,111.2,111.34,1068814
2026-08-20 09:30:00,XLC,111.04,111.535,110.335,110.5502,1796912
2026-08-20 13:30:00,XLC,110.56,110.88,110.31,110.68,1485897
2026-08-21 09:30:00,XLC,111.02,112.02,110.77,111.71,3418855
2026-08-21 13:30:00,XLC,111.7,111.72,111.315,111.41,1301877
2026-08-24 09:30:00,XLC,111.46,112.81,111.45,112.555,2274520
2026-08-24 13:30:00,XLC,112.54,112.655,112.33,112.335,1426145
2026-08-25 09:30:00,XLC,112.41,113.085,112.295,112.89,1546332
2026-08-25 13:30:00,XLC,112.895,113.275,112.715,113.18,1063085
2026-08-26 09:30:00,XLC,113.83,114.0,112.465,112.735,2447477
2026-08-26 13:30:00,XLC,112.735,113.015,112.575,112.63,1088103
2026-08-27 09:30:00,XLC,112.03,112.37,111.37,111.66,2639684
2026-08-27 13:30:00,XLC,111.67,111.725,111.38,111.43,1656355
2026-08-28 09:30:00,XLC,111.87,113.53,111.83,112.705,1902094
2026-08-28 13:30:00,XLC,112.705,113.04,112.61,112.975,1709963
2026-08-31 09:30:00,XLC,112.48,112.59,111.25,111.475,1388879
2026-08-31 13:30:00,XLC,111.475,111.84,111.44,111.46,1745573
2026-09-01 09:30:00,XLC,110.56,111.63,110.32,111.13,2271574
2026-09-01 13:30:00,XLC,111.14,111.26,110.705,110.89,2771375
2026-09-02 09:30:00,XLC,110.93,113.06,110.905,112.85,2110405
2026-09-02 13:30:00,XLC,112.85,112.95,112.33,112.42,2880636
2026-09-03 09:30:00,XLC,113.415,114.29,112.84,113.43,2035235
2026-09-03 13:30:00,XLC,113.44,113.695,113.3,113.4,1208757
2026-09-04 09:30:00,XLC,113.125,113.29,111.875,112.14,1520270
2026-09-04 13:30:00,XLC,112.145,112.385,112.0,112.055,1088410
2026-09-08 09:30:00,XLC,111.59,111.77,110.965,111.46,2470618
2026-09-08 13:30:00,XLC,111.465,111.805,111.27,111.54,2511536
2026-09-09 09:30:00,XLC,111.92,111.93,110.53,110.92,2676700
2026-09-09 13:30:00,XLC,110.935,111.18,110.78,110.82,1914415
2026-09-10 09:30:00,XLC,110.62,111.895,110.37,111.375,3661392
2026-09-10 13:30:00,XLC,111.36,111.49,111.13,111.47,1204213
2026-09-11 09:30:00,XLC,112.34,113.04,112.31,112.875,2450755
2026-09-11 13:30:00,XLC,112.885,112.94,112.47,112.59,1400864
2026-09-14 09:30:00,XLC,113.63,115.185,113.58,115.15,2511735
2026-09-14 13:30:00,XLC,115.155,115.26,114.91,115.04,1691839
2026-09-15 09:30:00,XLC,114.25,114.66,113.82,114.105,3532662
2026-09-15 13:30:00,XLC,114.12,114.33,113.89,113.99,1848099
2026-09-16 09:30:00,XLC,114.3,114.515,113.8901,113.99,2103201
2026-09-16 13:30:00,XLC,114.0,114.135,112.49,113.0,2162242
2026-09-17 09:30:00,XLC,113.81,113.975,112.23,112.3705,2374081
2026-09-17 13:30:00,XLC,112.38,112.47,112.205,112.36,1653904
2026-09-18 09:30:00,XLC,112.37,112.4,110.98,111.19,2621730
2026-09-18 13:30:00,XLC,111.18,111.6,110.735,110.82,2651020
2026-09-21 09:30:00,XLC,111.62,114.945,111.61,114.935,4438597
2026-09-21 13:30:00,XLC,114.9399,115.51,114.72,114.76,3707165
2026-09-22 09:30:00,XLC,115.05,115.61,113.625,113.885,3436115
2026-09-22 13:30:00,XLC,113.88,113.95,113.44,113.52,3649221
2026-09-23 09:30:00,XLC,113.53,113.54,112.27,112.92,3620708
2026-09-23 13:30:00,XLC,112.91,113.24,112.51,112.56,1839419
2026-09-24 09:30:00,XLC,112.515,114.065,112.515,113.77,3489597
2026-09-24 13:30:00,XLC,113.765,114.08,113.575,114.0,1886075
2026-09-25 09:30:00,XLC,113.462,113.52,112.54,113.01,3489955
2026-09-25 13:30:00,XLC,113.02,113.06,112.725,112.93,1425340
2026-09-28 09:30:00,XLC,112.77,112.795,110.96,111.38,2692660
2026-09-28 13:30:00,XLC,111.39,111.52,111.01,111.19,2411141
2026-09-29 09:30:00,XLC,111.46,111.52,110.6,110.985,7366630
2026-09-29 13:30:00,XLC,111.0,111.49,110.855,111.46,3250818
2026-09-30 09:30:00,XLC,111.47,112.53,111.195,111.89,7237804
2026-09-30 13:30:00,XLC,111.89,111.99,110.96,110.98,2941844
2026-10-01 09:30:00,XLC,111.74,111.85,109.66,110.0,3595948
2026-10-01 13:30:00,XLC,110.015,110.265,109.88,109.96,2508114
2026-10-02 09:30:00,XLC,110.31,111.125,109.96,110.315,3114472
2026-10-02 13:30:00,XLC,110.31,110.39,110.1,110.3,1835314
2026-10-05 09:30:00,XLC,110.22,111.52,110.22,111.47,2856034
2026-10-05 13:30:00,XLC,111.46,111.735,111.375,111.6,2213062
2026-10-06 09:30:00,XLC,111.98,112.025,111.07,111.335,2880373
2026-10-06 13:30:00,XLC,111.335,111.84,111.3,111.65,2340550
2026-10-07 09:30:00,XLC,111.32,111.51,110.475,111.145,1684088
2026-10-07 13:30:00,XLC,111.14,111.665,111.11,111.3,2495316
2026-10-08 09:30:00,XLC,111.46,112.04,111.29,111.575,2695910
2026-10-08 13:30:00,XLC,111.61,112.08,111.535,112.05,2060233
2026-05-18 09:30:00,SMH,565.0,567.21,538.7601,543.4,7705844
2026-05-18 13:30:00,SMH,543.4,547.14,536.87,546.15,4375313
2026-05-19 09:30:00,SMH,536.68,553.29,527.87,551.08,8732757
2026-05-19 13:30:00,SMH,551.0,552.22,541.95,543.9,2942455
2026-05-20 09:30:00,SMH,552.75,564.72,551.65,561.07,4811592
2026-05-20 13:30:00,SMH,561.27,564.66,560.15,563.98,3391897
2026-05-21 09:30:00,SMH,561.022,568.65,557.62,566.7,4619003
2026-05-21 13:30:00,SMH,566.5,570.59,562.55,567.5599,3228341
2026-05-22 09:30:00,SMH,574.705,582.35,572.86,582.125,4222079
2026-05-22 13:30:00,SMH,582.2,582.5,575.435,575.99,3066983
2026-05-26 09:30:00,SMH,591.92,603.735,589.1,597.8,6743037
2026-05-26 13:30:00,SMH,597.82,603.96,597.39,602.04,2880359
2026-05-27 09:30:00,SMH,612.0,612.0,584.93,591.92,8281590
2026-05-27 13:30:00,SMH,591.91,596.68,590.44,595.555,2725787
2026-05-28 09:30:00,SMH,595.8019,604.74,587.31,601.6207,4503763
2026-05-28 13:30:00,SMH,601.63,602.66,599.09,600.11,2826515
2026-05-29 09:30:00,SMH,606.04,611.7886,597.28,599.98,4028080
2026-05-29 13:30:00,SMH,599.97,602.63,597.17,598.98,2995933
2026-06-01 09:30:00,SMH,596.115,610.828,593.09,610.36,5182450
2026-06-01 13:30:00,SMH,610.55,613.4299,605.96,607.46,3117724
2026-06-02 09:30:00,SMH,619.71,631.0,614.465,625.17,4781529
2026-06-02 13:30:00,SMH,625.26,632.57,623.32,632.12,2928391
2026-06-03 09:30:00,SMH,640.93,642.77,623.91,636.7242,6838190
2026-06-03 13:30:00,SMH,636.775,641.3899,635.7,637.89,2795341
2026-06-04 09:30:00,SMH,612.772,628.78,604.61,628.36,6881397
2026-06-04 13:30:00,SMH,628.36,637.9,627.58,628.47,3000886
2026-06-05 09:30:00,SMH,605.07,607.0,580.1,584.13,11291861
2026-06-05 13:30:00,SMH,584.05,587.063,569.7,569.722,10032337
2026-06-08 09:30:00,SMH,597.21,606.2,588.54,600.99,10100670
2026-06-08 13:30:00,SMH,600.9,603.8699,594.984,597.63,3107815
2026-06-09 09:30:00,SMH,609.495,613.69,554.66,574.51,14375816
2026-06-09 13:30:00,SMH,574.49,591.089,571.97,591.06,5192603
2026-06-10 09:30:00,SMH,580.52,598.72,570.56,573.63,8430805
2026-06-10 13:30:00,SMH,573.61,579.51,568.29,570.56,3964461
2026-06-11 09:30:00,SMH,582.605,598.54,581.61,594.38,6094462
2026-06-11 13:30:00,SMH,594.48,611.62,593.6401,609.41,5747346
2026-06-12 09:30:00,SMH,607.57,624.3755,602.24,623.38,6145294
2026-06-12 13:30:00,SMH,623.44,624.62,617.59,619.5,2467733
2026-06-15 09:30:00,SMH,643.36,648.0,639.25,647.48,5535526
2026-06-15 13:30:00,SMH,647.51,649.24,645.71,647.47,3546418
2026-06-16 09:30:00,SMH,644.0,648.31,622.44,628.0016,6618735
2026-06-16 13:30:00,SMH,627.99,630.63,616.09,616.1,3828724
2026-06-17 09:30:00,SMH,633.36,637.3,626.88,636.55,4244924
2026-06-17 13:30:00,SMH,636.51,643.46,623.13,624.11,5975733
2026-06-18 09:30:00,SMH,648.54,660.28,648.15,659.34,5923402
2026-06-18 13:30:00,SMH,659.39,663.7999,658.56,659.0,4265588
2026-06-22 09:30:00,SMH,670.345,671.83,660.0201,664.96,5365801
2026-06-22 13:30:00,SMH,664.78,669.065,661.54,668.59,2371336
2026-06-23 09:30:00,SMH,624.72,636.775,621.75,627.58,10662784
2026-06-23 13:30:00,SMH,627.33,627.63,617.27,621.415,7784494
2026-06-24 09:30:00,SMH,622.4,625.23,610.53,611.07,6268457
2026-06-24 13:30:00,SMH,610.94,619.85,606.23,619.12,4301414
2026-06-25 09:30:00,SMH,649.48,650.03,613.93,638.1,9745297
2026-06-25 13:30:00,SMH,638.055,639.4,629.335,636.42,4815431
2026-06-26 09:30:00,SMH,617.125,621.67,609.2,619.17,6131781
2026-06-26 13:30:00,SMH,619.3,620.7,609.2,609.38,5489573
2026-06-29 09:30:00,SMH,615.06,631.23,596.2901,631.15,6895969
2026-06-29 13:30:00,SMH,631.2,633.26,628.65,631.94,3204126
2026-06-30 09:30:00,SMH,636.36,654.715,634.6,654.27,5104317
2026-06-30 13:30:00,SMH,654.34,659.74,653.59,656.17,3008734
2026-07-01 09:30:00,SMH,634.29,639.89,622.12,623.94,8668586
2026-07-01 13:30:00,SMH,623.95,628.44,618.6651,620.25,3605974
2026-07-02 09:30:00,SMH,622.58,627.65,586.62,587.15,8539390
2026-07-02 13:30:00,SMH,587.16,592.67,582.6,591.58,10372802
2026-07-06 09:30:00,SMH,607.0,618.2,604.05,607.13,6288790
2026-07-06 13:30:00,SMH,607.32,611.085,604.54,604.83,3172778
2026-07-07 09:30:00,SMH,580.155,585.97,566.83,583.33,9532620
2026-07-07 13:30:00,SMH,583.48,585.33,573.33,581.07,4486434
2026-07-08 09:30:00,SMH,575.57,594.0925,575.04,594.07,6127963
2026-07-08 13:30:00,SMH,594.095,594.824,589.5,593.1,3081990
2026-07-09 09:30:00,SMH,615.48,618.1656,604.72,615.057,6095859
2026-07-09 13:30:00,SMH,615.14,615.33,605.985,607.84,2609624
2026-07-10 09:30:00,SMH,600.87,613.88,595.84,613.79,4262028
2026-07-10 13:30:00,SMH,613.84,615.05,609.84,611.35,2173203
2026-07-13 09:30:00,SMH,598.4,599.36,585.13,586.67,4996865
2026-07-13 13:30:00,SMH,586.78,588.44,583.28,585.63,3395180
2026-07-14 09:30:00,SMH,608.895,608.895,590.38,602.53,4593735
2026-07-14 13:30:00,SMH,602.63,604.73,598.19,600.035,2189277
2026-07-15 09:30:00,SMH,606.775,606.88,573.72,584.895,6833716
2026-07-15 13:30:00,SMH,585.0,591.6,584.455,590.535,3952162
2026-07-16 09:30:00,SMH,576.0,590.77,566.58,568.25,7023597
2026-07-16 13:30:00,SMH,568.2,569.99,564.45,568.8875,4454958
2026-07-17 09:30:00,SMH,548.825,567.41,536.81,566.02,13021302
2026-07-17 13:30:00,SMH,565.96,566.365,552.69,556.05,8693722
2026-07-20 09:30:00,SMH,568.1,572.76,559.91,562.98,4169539
2026-07-20 13:30:00,SMH,562.98,565.2,557.24,558.25,2587498
2026-07-21 09:30:00,SMH,580.96,585.3982,572.05,584.72,4277796
2026-07-21 13:30:00,SMH,584.7899,586.0,581.84,584.25,2497992
2026-07-22 09:30:00,SMH,571.352,592.0,571.352,591.21,3162529
2026-07-22 13:30:00,SMH,591.625,591.89,586.5,586.93,1724791
2026-07-23 09:30:00,SMH,577.2,586.89,573.9994,580.81,3725493
2026-07-23 13:30:00,SMH,580.68,580.86,574.59,580.1704,3652728
2026-07-24 09:30:00,SMH,574.92,578.52,561.21,570.2225,4773474
2026-07-24 13:30:00,SMH,570.31,571.19,556.49,561.125,14048289
2026-07-27 09:30:00,SMH,565.252,567.62,535.31,538.67,6636312
2026-07-27 13:30:00,SMH,538.62,550.93,538.58,548.31,24412365
2026-07-28 09:30:00,SMH,530.735,535.94,518.31,531.01,12474659
2026-07-28 13:30:00,SMH,531.0,535.255,527.82,529.0,4655700
2026-07-29 09:30:00,SMH,525.302,532.14,505.13,511.96,7322672
2026-07-29 13:30:00,SMH,511.99,529.17,503.65,503.975,11011640
2026-07-30 09:30:00,SMH,529.858,544.61,524.62,537.97,9589786
2026-07-30 13:30:00,SMH,537.98,540.7553,534.81,538.71,3354132
2026-07-31 09:30:00,SMH,558.23,561.44,535.26,546.585,10008171
2026-07-31 13:30:00,SMH,546.54,548.61,540.24,540.54,4115773
2026-08-03 09:30:00,SMH,530.43,545.6,524.85,543.9871,5407546
2026-08-03 13:30:00,SMH,544.05,548.49,543.82,545.5306,1743695
2026-08-04 09:30:00,SMH,564.292,576.28,562.28,575.87,5182240
2026-08-04 13:30:00,SMH,575.84,578.6,574.0,575.54,3365281
2026-08-05 09:30:00,SMH,574.41,585.0,568.38,574.72,3865671
2026-08-05 13:30:00,SMH,574.53,578.3699,569.835,570.49,1900964
2026-08-06 09:30:00,SMH,565.09,580.43,559.56,575.98,4028250
2026-08-06 13:30:00,SMH,575.68,579.94,571.25,571.46,1742130
2026-08-07 09:30:00,SMH,583.58,586.09,572.33,580.85,4503376
2026-08-07 13:30:00,SMH,580.95,583.38,578.42,582.8121,1825429
2026-08-10 09:30:00,SMH,585.7909,586.07,572.45,574.36,3537354
2026-08-10 13:30:00,SMH,574.27,576.3,569.22,569.41,2748582
2026-08-11 09:30:00,SMH,577.5,578.6,569.65,570.39,2833887
2026-08-11 13:30:00,SMH,570.4,573.83,569.17,573.2,2005363
2026-08-12 09:30:00,SMH,590.529,590.57,584.85,588.155,3791368
2026-08-12 13:30:00,SMH,588.21,589.3,583.79,584.7568,2876466
2026-08-13 09:30:00,SMH,586.296,597.95,585.01,597.0653,3783323
2026-08-13 13:30:00,SMH,597.07,597.31,587.97,588.75,2746059
2026-08-14 09:30:00,SMH,587.995,590.28,581.87,583.46,3213601
2026-08-14 13:30:00,SMH,583.455,587.84,582.99,587.79,2043717
2026-08-17 09:30:00,SMH,593.6,600.3699,591.5,595.51,5204310
2026-08-17 13:30:00,SMH,595.41,597.2396,593.15,593.995,2317814
2026-08-18 09:30:00,SMH,574.355,577.76,562.64,567.345,6896774
2026-08-18 13:30:00,SMH,567.3,570.11,564.07,569.92,4026406
2026-08-19 09:30:00,SMH,574.805,576.83,556.315,561.995,5942566
2026-08-19 13:30:00,SMH,562.14,563.76,559.29,560.385,2332201
2026-08-20 09:30:00,SMH,559.375,566.0,557.28,560.39,3519180
2026-08-20 13:30:00,SMH,560.31,562.7275,558.68,562.7,2110398
2026-08-21 09:30:00,SMH,569.002,569.145,556.1,558.63,3525934
2026-08-21 13:30:00,SMH,558.55,561.65,558.53,560.35,4729402
2026-08-24 09:30:00,SMH,553.552,553.945,540.77,545.96,4856542
2026-08-24 13:30:00,SMH,545.92,550.24,544.81,546.76,2540048
2026-08-25 09:30:00,SMH,555.375,560.35,550.68,553.77,3644863
2026-08-25 13:30:00,SMH,553.755,556.39,546.8,555.75,2006696
2026-08-26 09:30:00,SMH,554.152,557.78,550.54,554.52,1866407
2026-08-26 13:30:00,SMH,554.57,557.16,554.0,555.58,1365036
2026-08-27 09:30:00,SMH,568.37,572.77,562.54,571.07,3971408
2026-08-27 13:30:00,SMH,571.075,573.2093,566.82,572.74,2323099
2026-08-28 09:30:00,SMH,568.5,570.11,552.3,553.89,3721006
2026-08-28 13:30:00,SMH,554.09,556.31,552.4,553.0611,2389873
2026-08-31 09:30:00,SMH,554.345,558.43,552.8042,554.33,2291289
2026-08-31 13:30:00,SMH,554.28,557.15,553.5,556.44,1859684
2026-09-01 09:30:00,SMH,546.8,549.88,540.935,545.015,3559139
2026-09-01 13:30:00,SMH,545.01,545.6,540.85,545.32,2281527
2026-09-02 09:30:00,SMH,545.0,553.19,541.75,550.18,3435533
2026-09-02 13:30:00,SMH,550.29,550.74,549.06,550.67,1380191
2026-09-03 09:30:00,SMH,546.72,551.575,540.07,550.945,3783110
2026-09-03 13:30:00,SMH,550.94,553.74,550.84,552.66,1627271
2026-09-04 09:30:00,SMH,560.63,569.3916,557.9,564.42,6507448
2026-09-04 13:30:00,SMH,564.395,567.69,563.19,566.99,2544322
2026-09-08 09:30:00,SMH,578.5,580.57,571.995,576.27,4377797
2026-09-08 13:30:00,SMH,576.31,576.58,572.04,573.78,3373851
2026-09-09 09:30:00,SMH,570.302,577.57,570.302,574.295,1970241
2026-09-09 13:30:00,SMH,574.28,575.02,572.64,574.2686,1350623
2026-09-10 09:30:00,SMH,561.39,565.14,557.09,563.285,3430186
2026-09-10 13:30:00,SMH,563.19,563.395,560.1717,560.36,2660351
2026-09-11 09:30:00,SMH,568.828,572.8,564.0,571.6,2926329
2026-09-11 13:30:00,SMH,571.61,572.34,568.07,568.4805,1818322
2026-09-14 09:30:00,SMH,539.27,546.23,537.73,544.93,6656322
2026-09-14 13:30:00,SMH,544.95,546.76,540.75,540.76,3355083
2026-09-15 09:30:00,SMH,546.948,548.19,540.105,541.12,3417851
2026-09-15 13:30:00,SMH,541.1634,542.4,540.18,542.16,1873492
2026-09-16 09:30:00,SMH,550.36,553.12,548.26,549.575,2484602
2026-09-16 13:30:00,SMH,549.6,552.33,540.45,545.4,3129048
2026-09-17 09:30:00,SMH,560.33,561.7694,557.5608,560.86,3671420
2026-09-17 13:30:00,SMH,560.9,561.64,560.34,560.62,2152738
2026-09-18 09:30:00,SMH,563.885,567.61,562.75,564.73,2386229
2026-09-18 13:30:00,SMH,564.735,572.97,564.1,572.97,2909463
2026-09-21 09:30:00,SMH,582.445,593.76,578.5551,592.7,5804264
2026-09-21 13:30:00,SMH,592.72,598.62,592.4984,596.13,3379738
2026-09-22 09:30:00,SMH,591.3,604.5299,591.012,603.7,3674782
2026-09-22 13:30:00,SMH,603.68,608.665,602.81,607.53,2644352
2026-09-23 09:30:00,SMH,605.01,606.285,593.79,596.76,3750455
2026-09-23 13:30:00,SMH,596.73,601.35,596.49,601.1,1711765
2026-09-24 09:30:00,SMH,591.62,602.03,588.92,598.72,3843350
2026-09-24 13:30:00,SMH,598.82,600.8,595.06,600.59,1595273
2026-09-25 09:30:00,SMH,604.93,609.66,602.22,607.7,3089214
2026-09-25 13:30:00,SMH,607.67,608.095,605.438,606.47,1250915
2026-09-28 09:30:00,SMH,605.44,607.92,591.92,601.0625,3544683
2026-09-28 13:30:00,SMH,600.99,602.31,599.195,600.326,2182707
2026-09-29 09:30:00,SMH,609.0,613.27,604.985,608.01,3734858
2026-09-29 13:30:00,SMH,608.01,608.96,605.29,607.195,1713995
2026-09-30 09:30:00,SMH,609.13,611.9499,606.01,607.8375,2510415
2026-09-30 13:30:00,SMH,607.8425,611.935,607.74,608.5,1557076
2026-10-01 09:30:00,SMH,610.79,618.29,607.25,617.9411,3001466
2026-10-01 13:30:00,SMH,618.15,620.9,614.63,617.968,1987991
2026-10-02 09:30:00,SMH,632.5,636.2499,628.7576,628.78,5147378
2026-10-02 13:30:00,SMH,628.605,632.36,628.55,630.75,1866958
2026-10-05 09:30:00,SMH,631.31,632.3952,626.9601,631.78,2007644
2026-10-05 13:30:00,SMH,631.805,634.78,631.75,634.07,1308953
2026-10-06 09:30:00,SMH,638.0,639.47,633.98,635.545,3078250
2026-10-06 13:30:00,SMH,635.47,636.8493,631.49,632.45,1804191
2026-10-07 09:30:00,SMH,621.11,625.19,618.785,624.09,4663833
2026-10-07 13:30:00,SMH,624.08,625.89,621.58,625.17,1864970
2026-10-08 09:30:00,SMH,615.7,623.13,600.315,602.385,6691226
2026-10-08 13:30:00,SMH,602.51,609.325,602.225,606.89,3887336
2026-05-18 09:30:00,AAPL,300.24,300.63,294.91,296.1703,17237378
2026-05-18 13:30:00,AAPL,296.01,297.92,295.45,297.9,10219549
2026-05-19 09:30:00,AAPL,298.0,300.51,296.365,298.2495,19109675
2026-05-19 13:30:00,AAPL,298.25,299.22,297.49,298.98,8117601
2026-05-20 09:30:00,AAPL,298.18,302.37,298.09,301.05,16927199
2026-05-20 13:30:00,AAPL,301.06,302.8,300.91,302.265,11034062
2026-05-21 09:30:00,AAPL,301.05,304.68,300.4,304.591,16174810
2026-05-21 13:30:00,AAPL,304.61,305.539,303.89,305.09,10981464
2026-05-22 09:30:00,AAPL,306.06,311.4,305.85,309.8601,25505065
2026-05-22 13:30:00,AAPL,309.87,310.155,307.97,308.88,9463786
2026-05-26 09:30:00,AAPL,309.4,311.82,309.03,309.185,22105291
2026-05-26 13:30:00,AAPL,309.19,310.2,307.67,308.38,10304537
2026-05-27 09:30:00,AAPL,308.44,313.26,308.33,310.47,29803167
2026-05-27 13:30:00,AAPL,310.47,311.1,309.52,310.93,9709418
2026-05-28 09:30:00,AAPL,310.68,312.76,309.57,310.8,18765608
2026-05-28 13:30:00,AAPL,310.815,312.56,310.11,312.5,13220688
2026-05-29 09:30:00,AAPL,311.775,315.0,310.2,310.42,20431608
2026-05-29 13:30:00,AAPL,310.42,313.11,309.53,312.07,12848976
2026-06-01 09:30:00,AAPL,309.535,310.93,305.03,306.47,23743850
2026-06-01 13:30:00,AAPL,306.52,308.4,305.9099,306.32,12978890
2026-06-02 09:30:00,AAPL,307.46,315.1,306.72,314.68,21214458
2026-06-02 13:30:00,AAPL,314.68,315.45,313.755,315.19,11862109
2026-06-03 09:30:00,AAPL,314.175,316.94,308.85,309.21,26146966
2026-06-03 13:30:00,AAPL,309.195,311.1,308.98,310.38,12154340
2026-06-04 09:30:00,AAPL,313.305,313.54,309.65,311.665,19859187
2026-06-04 13:30:00,AAPL,311.67,312.07,310.26,311.16,8970333
2026-06-05 09:30:00,AAPL,312.99,315.17,309.58,311.51,27664119
2026-06-05 13:30:00,AAPL,311.495,312.8,307.15,307.39,22968736
2026-06-08 09:30:00,AAPL,308.739,315.36,308.522,314.57,26882873
2026-06-08 13:30:00,AAPL,314.565,317.4,301.17,301.57,37120790
2026-06-09 09:30:00,AAPL,300.275,300.72,287.78,290.46,41750160
2026-06-09 13:30:00,AAPL,290.44,291.92,288.8,290.36,16884603
2026-06-10 09:30:00,AAPL,290.765,293.2295,287.38,293.1501,26739292
2026-06-10 13:30:00,AAPL,293.16,294.745,291.39,291.5,15912551
2026-06-11 09:30:00,AAPL,293.72,296.0,289.6,295.955,18862006
2026-06-11 13:30:00,AAPL,295.99,297.0,294.7,295.36,12952821
2026-06-12 09:30:00,AAPL,296.08,297.14,290.01,291.4601,20360323
2026-06-12 13:30:00,AAPL,291.48,291.64,289.62,291.08,10149513
2026-06-15 09:30:00,AAPL,294.12,297.78,291.7,296.66,20263933
2026-06-15 13:30:00,AAPL,296.66,297.0,294.96,296.42,24844881
2026-06-16 09:30:00,AAPL,295.245,300.48,293.97,300.275,19090391
2026-06-16 13:30:00,AAPL,300.26,300.46,298.22,299.25,10468754
2026-06-17 09:30:00,AAPL,300.845,302.07,296.57,296.81,16856335
2026-06-17 13:30:00,AAPL,296.8,297.6,294.38,295.88,12093112
2026-06-18 09:30:00,AAPL,298.44,300.57,295.62,297.82,42636626
2026-06-18 13:30:00,AAPL,297.825,299.2394,297.01,297.89,10408565
2026-06-22 09:30:00,AAPL,297.5,302.42,297.5,299.81,18622424
2026-06-22 13:30:00,AAPL,299.815,299.86,296.79,296.79,11480940
2026-06-23 09:30:00,AAPL,296.5,301.64,296.2,299.395,20945895
2026-06-23 13:30:00,AAPL,299.395,300.085,294.212,294.28,16250387
2026-06-24 09:30:00,AAPL,295.375,299.7,293.2,296.42,17415221
2026-06-24 13:30:00,AAPL,296.41,296.8644,292.94,293.26,16770397
2026-06-25 09:30:00,AAPL,287.51,288.8,273.75,278.04,55599814
2026-06-25 13:30:00,AAPL,278.05,280.2201,273.9,275.05,33439695
2026-06-26 09:30:00,AAPL,275.0,280.47,274.21,279.195,48612916
2026-06-26 13:30:00,AAPL,279.18,285.95,278.6408,281.2,47350345
2026-06-29 09:30:00,AAPL,286.86,288.3697,279.85,281.48,31124078
2026-06-29 13:30:00,AAPL,281.47,283.0775,280.86,281.63,16405683
2026-06-30 09:30:00,AAPL,281.17,289.66,280.695,288.43,22673780
2026-06-30 13:30:00,AAPL,288.445,289.91,286.68,289.09,16219505
2026-07-01 09:30:00,AAPL,293.33,296.59,289.195,294.09,22492717
2026-07-01 13:30:00,AAPL,294.08,295.55,292.7,294.25,16140727
2026-07-02 09:30:00,AAPL,294.085,308.5299,293.68,307.805,40764977
2026-07-02 13:30:00,AAPL,307.805,309.42,306.8201,308.22,19661337
2026-07-06 09:30:00,AAPL,307.68,314.2,307.01,312.38,27553391
2026-07-06 13:30:00,AAPL,312.3876,313.74,312.05,312.81,10941518
2026-07-07 09:30:00,AAPL,315.29,315.48,310.15,312.84,22880960
2026-07-07 13:30:00,AAPL,312.82,313.18,310.33,310.66,18864606
2026-07-08 09:30:00,AAPL,311.66,314.19,307.0515,314.1199,19869674
2026-07-08 13:30:00,AAPL,314.13,314.81,311.1504,313.26,12559252
2026-07-09 09:30:00,AAPL,310.445,315.5,308.16,314.7214,24718113
2026-07-09 13:30:00,AAPL,314.7235,316.53,314.235,316.18,11302224
2026-07-10 09:30:00,AAPL,314.72,316.39,312.17,314.46,14806943
2026-07-10 13:30:00,AAPL,314.47,316.91,313.8903,315.3299,9096755
2026-07-13 09:30:00,AAPL,317.015,323.45,315.78,316.47,23494686
2026-07-13 13:30:00,AAPL,316.49,317.74,315.9,317.42,10511225
2026-07-14 09:30:00,AAPL,313.64,316.19,311.91,314.87,17380212
2026-07-14 13:30:00,AAPL,314.89,315.87,314.59,314.92,7170852
2026-07-15 09:30:00,AAPL,317.625,328.53,317.32,326.99,33112374
2026-07-15 13:30:00,AAPL,327.0,328.72,325.72,327.57,16460786
2026-07-16 09:30:00,AAPL,328.005,332.97,326.79,332.9,28386891
2026-07-16 13:30:00,AAPL,332.8982,334.68,329.34,333.27,22978127
2026-07-17 09:30:00,AAPL,331.98,334.98,329.0006,330.54,35605594
2026-07-17 13:30:00,AAPL,330.5108,334.67,330.08,333.74,16739860
2026-07-20 09:30:00,AAPL,333.025,333.71,323.7,324.72,27318913
2026-07-20 13:30:00,AAPL,324.73,329.76,324.2,326.7,16334877
2026-07-21 09:30:00,AAPL,323.345,329.6,322.2204,327.07,21065094
2026-07-21 13:30:00,AAPL,327.07,328.49,326.72,327.6,10278549
2026-07-22 09:30:00,AAPL,327.875,328.9995,323.34,323.665,17336960
2026-07-22 13:30:00,AAPL,323.665,326.91,323.555,325.87,9650029
2026-07-23 09:30:00,AAPL,321.73,323.3,319.35,320.87,18804779
2026-07-23 13:30:00,AAPL,320.8701,321.98,319.76,321.61,10590560
2026-07-24 09:30:00,AAPL,322.04,334.37,321.62,332.4,25311229
2026-07-24 13:30:00,AAPL,332.395,333.45,331.85,333.07,13748356
2026-07-27 09:30:00,AAPL,334.9,339.57,334.02,336.05,28902531
2026-07-27 13:30:00,AAPL,336.07,337.22,334.7,336.92,10241996
2026-07-28 09:30:00,AAPL,340.03,342.89,335.6,339.03,26522448
2026-07-28 13:30:00,AAPL,339.04,340.53,338.28,340.16,13228677
2026-07-29 09:30:00,AAPL,339.69,343.67,339.52,342.72,23185706
2026-07-29 13:30:00,AAPL,342.695,344.5699,337.3501,338.33,18553654
2026-07-30 09:30:00,AAPL,333.13,334.48,329.59,332.09,26409232
2026-07-30 13:30:00,AAPL,332.08,334.75,331.7201,333.85,44876714
2026-07-31 09:30:00,AAPL,304.81,306.9,300.0,301.2,70840407
2026-07-31 13:30:00,AAPL,301.21,310.66,300.5,309.03,42070580
2026-08-03 09:30:00,AAPL,309.67,311.8,302.56,307.225,39610907
2026-08-03 13:30:00,AAPL,307.225,307.23,302.68,303.27,20561948
2026-08-04 09:30:00,AAPL,302.725,310.42,301.32,308.9,31472577
2026-08-04 13:30:00,AAPL,308.9,310.42,308.25,309.39,15451860
2026-08-05 09:30:00,AAPL,309.36,311.7082,305.67,309.74,24500890
2026-08-05 13:30:00,AAPL,309.75,311.555,308.08,310.92,12833842
2026-08-06 09:30:00,AAPL,314.34,316.2894,309.23,311.2006,23748112
2026-08-06 13:30:00,AAPL,311.21,312.94,311.1801,312.45,9274871
2026-08-07 09:30:00,AAPL,311.32,314.81,310.74,312.74,16809079
2026-08-07 13:30:00,AAPL,312.74,314.18,311.68,313.3,9233594
2026-08-10 09:30:00,AAPL,306.83,307.4559,304.63,306.47,25005256
2026-08-10 13:30:00,AAPL,306.47,308.23,306.0,308.19,10201919
2026-08-11 09:30:00,AAPL,307.75,309.97,305.67,306.19,15587947
2026-08-11 13:30:00,AAPL,306.165,306.52,302.79,304.9,12856087
2026-08-12 09:30:00,AAPL,305.13,305.66,300.57,302.1601,18726122
2026-08-12 13:30:00,AAPL,302.17,302.2977,301.0,302.225,13252749
2026-08-13 09:30:00,AAPL,304.258,306.0,302.05,303.34,20833108
2026-08-13 13:30:00,AAPL,303.3301,305.32,302.93,305.32,9513280
2026-08-14 09:30:00,AAPL,306.028,307.49,304.3,305.1944,12883041
2026-08-14 13:30:00,AAPL,305.195,306.25,305.04,305.95,7376490
2026-08-17 09:30:00,AAPL,306.21,307.66,302.939,304.415,17466763
2026-08-17 13:30:00,AAPL,304.415,306.32,303.96,305.69,9368399
2026-08-18 09:30:00,AAPL,307.53,311.49,305.74,310.4,24950038
2026-08-18 13:30:00,AAPL,310.4,311.24,309.37,310.2,13678918
2026-08-19 09:30:00,AAPL,310.13,319.2799,309.6,315.06,24531485
2026-08-19 13:30:00,AAPL,315.06,316.88,314.29,316.88,13252486
2026-08-20 09:30:00,AAPL,317.455,320.28,315.96,316.67,14753267
2026-08-20 13:30:00,AAPL,316.66,316.86,310.65,311.34,11187892
2026-08-21 09:30:00,AAPL,312.05,312.38,307.01,311.06,27217148
2026-08-21 13:30:00,AAPL,311.02,311.16,308.16,309.42,9895832
2026-08-24 09:30:00,AAPL,311.47,313.36,309.97,312.1199,15119328
2026-08-24 13:30:00,AAPL,312.119,312.35,310.172,310.35,7501659
2026-08-25 09:30:00,AAPL,310.935,313.58,308.39,309.655,11510118
2026-08-25 13:30:00,AAPL,309.655,310.34,308.21,309.83,7514021
2026-08-26 09:30:00,AAPL,310.245,313.94,308.8001,313.13,13117825
2026-08-26 13:30:00,AAPL,313.155,315.43,312.6501,313.49,10222314
2026-08-27 09:30:00,AAPL,311.99,315.4,309.4001,315.27,15988723
2026-08-27 13:30:00,AAPL,315.28,315.34,313.37,314.575,6881840
2026-08-28 09:30:00,AAPL,317.088,322.37,315.4504,319.74,20613244
2026-08-28 13:30:00,AAPL,319.81,320.33,319.05,319.64,8684251
2026-08-31 09:30:00,AAPL,319.55,321.235,312.8,313.88,16138856
2026-08-31 13:30:00,AAPL,313.85,317.69,313.385,317.23,9925904
2026-09-01 09:30:00,AAPL,316.98,327.3,314.737,324.65,31602235
2026-09-01 13:30:00,AAPL,324.69,325.93,324.1,325.14,12134077
2026-09-02 09:30:00,AAPL,326.97,328.4,323.53,325.075,19701976
2026-09-02 13:30:00,AAPL,325.075,326.49,324.6001,324.99,8392821
2026-09-03 09:30:00,AAPL,324.9477,330.81,324.11,327.73,18962551
2026-09-03 13:30:00,AAPL,327.72,328.84,326.51,328.21,9590991
2026-09-04 09:30:00,AAPL,328.305,328.93,317.86,321.685,22092226
2026-09-04 13:30:00,AAPL,321.68,322.1,319.651,319.99,8936128
2026-09-08 09:30:00,AAPL,317.12,320.7,315.27,316.27,16332333
2026-09-08 13:30:00,AAPL,316.272,316.74,314.92,316.35,9564325
2026-09-09 09:30:00,AAPL,315.9301,318.13,310.97,311.705,25716579
2026-09-09 13:30:00,AAPL,311.72,319.15,309.9,315.41,32028220
2026-09-10 09:30:00,AAPL,319.86,324.865,316.57,324.822,42534982
2026-09-10 13:30:00,AAPL,324.84,326.68,323.38,326.595,17881444
2026-09-11 09:30:00,AAPL,327.63,336.22,326.3,333.95,30860620
2026-09-11 13:30:00,AAPL,333.96,334.3,332.07,332.23,11362761
2026-09-14 09:30:00,AAPL,332.67,335.5,331.34,334.62,20947794
2026-09-14 13:30:00,AAPL,334.62,335.42,333.0,333.05,10059395
2026-09-15 09:30:00,AAPL,330.26,331.59,328.35,330.03,15404834
2026-09-15 13:30:00,AAPL,330.04,331.76,329.83,331.335,8224438
2026-09-16 09:30:00,AAPL,332.42,335.48,331.87,333.27,14921346
2026-09-16 13:30:00,AAPL,333.28,334.79,330.7,332.5,11257711
2026-09-17 09:30:00,AAPL,334.755,336.47,330.1937,335.45,16215091
2026-09-17 13:30:00,AAPL,335.44,338.34,335.4,337.08,9676577
2026-09-18 09:30:00,AAPL,337.99,338.49,332.53,335.215,24932992
2026-09-18 13:30:00,AAPL,335.2,336.94,335.0601,335.59,10727966
2026-09-21 09:30:00,AAPL,335.2,339.26,333.05,338.76,16783163
2026-09-21 13:30:00,AAPL,338.76,339.64,337.75,338.89,8103857
2026-09-22 09:30:00,AAPL,340.22,345.34,338.75,341.56,21555890
2026-09-22 13:30:00,AAPL,341.545,341.6,339.27,339.73,8211286
2026-09-23 09:30:00,AAPL,339.87,341.8,335.911,336.83,14922591
2026-09-23 13:30:00,AAPL,336.825,337.675,335.61,336.98,7974475
2026-09-24 09:30:00,AAPL,336.32,338.91,334.3,338.145,12226759
2026-09-24 13:30:00,AAPL,338.155,338.29,335.86,335.87,6773214
2026-09-25 09:30:00,AAPL,336.04,340.24,334.53,340.11,12625884
2026-09-25 13:30:00,AAPL,340.11,341.67,339.6,341.04,10028786
2026-09-28 09:30:00,AAPL,340.37,342.988,339.32,339.97,15547044
2026-09-28 13:30:00,AAPL,339.985,340.24,338.04,338.365,7818517
2026-09-29 09:30:00,AAPL,333.25,337.06,330.55,331.57,17596535
2026-09-29 13:30:00,AAPL,331.56,332.34,328.7,329.59,10587842
2026-09-30 09:30:00,AAPL,330.8,339.5,330.1401,335.786,20927459
2026-09-30 13:30:00,AAPL,335.8,337.1099,332.47,333.01,11929398
2026-10-01 09:30:00,AAPL,330.17,332.4816,325.81,328.89,18477866
2026-10-01 13:30:00,AAPL,328.91,330.75,328.56,330.48,8390500
2026-10-02 09:30:00,AAPL,333.205,334.54,330.61,333.4136,17066363
2026-10-02 13:30:00,AAPL,333.41,334.13,332.71,333.79,6433199
2026-10-05 09:30:00,AAPL,332.795,336.19,331.65,333.5391,12651542
2026-10-05 13:30:00,AAPL,333.55,334.2299,332.37,333.13,8838014
2026-10-06 09:30:00,AAPL,332.305,334.38,330.62,332.868,12629482
2026-10-06 13:30:00,AAPL,332.88,334.38,332.2,333.66,6736393
2026-10-07 09:30:00,AAPL,337.675,338.67,332.79,335.79,16252598
2026-10-07 13:30:00,AAPL,335.785,337.45,335.48,336.62,8715675
2026-10-08 09:30:00,AAPL,336.83,340.36,335.9,338.015,13332241
2026-10-08 13:30:00,AAPL,338.09,341.57,337.89,340.42,11133010
2026-05-18 09:30:00,GOOGL,395.84,408.61,394.53,401.9202,29677381
2026-05-18 13:30:00,GOOGL,401.96,401.9999,395.91,396.96,5795922
2026-05-19 09:30:00,GOOGL,394.7,395.49,386.12,391.55,20255406
2026-05-19 13:30:00,GOOGL,391.49,391.98,386.51,387.7,8484018
2026-05-20 09:30:00,GOOGL,387.695,393.8599,382.9,385.195,14977549
2026-05-20 13:30:00,GOOGL,385.2,389.55,384.37,388.88,8591566
2026-05-21 09:30:00,GOOGL,385.7,390.98,383.02,390.3256,10651640
2026-05-21 13:30:00,GOOGL,390.37,392.5,386.08,387.66,6216035
2026-05-22 09:30:00,GOOGL,387.33,388.74,383.98,386.13,9351431
2026-05-22 13:30:00,GOOGL,386.16,386.49,381.7716,383.0,5846339
2026-05-26 09:30:00,GOOGL,384.51,389.2599,382.6,385.97,12943241
2026-05-26 13:30:00,GOOGL,385.975,389.0,385.71,388.9601,5226521
2026-05-27 09:30:00,GOOGL,386.665,393.88,385.91,390.535,10747778
2026-05-27 13:30:00,GOOGL,390.535,392.92,388.59,388.865,5418435
2026-05-28 09:30:00,GOOGL,387.955,391.5,385.16,390.1,9554274
2026-05-28 13:30:00,GOOGL,390.0801,391.86,389.4,390.17,5427184
2026-05-29 09:30:00,GOOGL,385.24,385.24,380.38,382.35,15763028
2026-05-29 13:30:00,GOOGL,382.33,383.32,378.46,380.39,9084400
2026-06-01 09:30:00,GOOGL,376.6,378.0928,373.52,378.09,11782851
2026-06-01 13:30:00,GOOGL,378.12,378.55,375.45,376.38,5444028
2026-06-02 09:30:00,GOOGL,366.65,373.54,358.44,367.3345,28024295
2026-06-02 13:30:00,GOOGL,367.33,368.35,360.87,361.84,12681936
2026-06-03 09:30:00,GOOGL,362.03,366.45,358.45,361.59,30464126
2026-06-03 13:30:00,GOOGL,361.61,362.126,358.08,359.4,12705008
2026-06-04 09:30:00,GOOGL,358.85,373.16,358.3,373.11,22321542
2026-06-04 13:30:00,GOOGL,373.12,373.2499,358.99,372.33,9205280
2026-06-05 09:30:00,GOOGL,366.34,372.08,364.52,369.655,17157421
2026-06-05 13:30:00,GOOGL,369.63,369.805,364.1207,368.7175,12721288
2026-06-08 09:30:00,GOOGL,365.17,366.2,360.5309,364.7671,15050620
2026-06-08 13:30:00,GOOGL,364.64,365.57,362.38,363.33,6810364
2026-06-09 09:30:00,GOOGL,367.09,372.06,357.31,363.08,15998421
2026-06-09 13:30:00,GOOGL,363.05,366.7372,362.55,363.96,7264670
2026-06-10 09:30:00,GOOGL,362.985,368.555,356.53,356.91,16037203
2026-06-10 13:30:00,GOOGL,356.9,357.44,355.23,356.285,10669900
2026-06-11 09:30:00,GOOGL,355.925,357.42,346.36,350.88,18888886
2026-06-11 13:30:00,GOOGL,350.98,358.79,350.96,357.66,10749292
2026-06-12 09:30:00,GOOGL,362.62,366.57,354.94,362.775,15019770
2026-06-12 13:30:00,GOOGL,362.775,362.9799,358.43,359.67,5482847
2026-06-15 09:30:00,GOOGL,367.955,372.99,366.56,371.67,13377872
2026-06-15 13:30:00,GOOGL,371.68,372.18,367.53,369.31,5925586
2026-06-16 09:30:00,GOOGL,369.68,375.85,367.075,370.42,13369882
2026-06-16 13:30:00,GOOGL,370.37,373.96,370.3,373.28,6063664
2026-06-17 09:30:00,GOOGL,369.125,372.33,362.68,365.1551,11223756
2026-06-17 13:30:00,GOOGL,365.16,366.64,362.02,363.69,7216201
2026-06-18 09:30:00,GOOGL,365.75,367.85,358.67,367.845,16954776
2026-06-18 13:30:00,GOOGL,367.845,369.48,366.03,367.99,8364104
2026-06-22 09:30:00,GOOGL,357.875,358.75,341.7219,347.1055,29642439
2026-06-22 13:30:00,GOOGL,347.12,350.0,346.33,349.49,12120225
2026-06-23 09:30:00,GOOGL,342.75,349.28,341.64,347.81,18001940
2026-06-23 13:30:00,GOOGL,347.77,348.16,346.0,346.12,7793402
2026-06-24 09:30:00,GOOGL,348.965,353.476,346.975,349.011,14775571
2026-06-24 13:30:00,GOOGL,349.02,349.59,341.93,345.36,19647431
2026-06-25 09:30:00,GOOGL,336.72,343.0,335.84,341.11,19576769
2026-06-25 13:30:00,GOOGL,341.13,345.57,339.5901,343.56,15202460
2026-06-26 09:30:00,GOOGL,342.65,346.36,336.5,342.165,18086988
2026-06-26 13:30:00,GOOGL,342.13,343.09,334.69,336.1,15897428
2026-06-29 09:30:00,GOOGL,344.0,352.9793,343.9201,352.68,18591172
2026-06-29 13:30:00,GOOGL,352.64,354.35,351.82,353.47,8635337
2026-06-30 09:30:00,GOOGL,353.855,358.62,350.4,356.08,13517890
2026-06-30 13:30:00,GOOGL,356.08,358.16,355.54,357.08,8765451
2026-07-01 09:30:00,GOOGL,358.24,362.97,356.43,358.6813,13152311
2026-07-01 13:30:00,GOOGL,358.71,361.62,358.27,361.22,7952163
2026-07-02 09:30:00,GOOGL,359.48,364.205,353.42,355.055,12306774
2026-07-02 13:30:00,GOOGL,355.055,360.61,354.86,359.55,7814290
2026-07-06 09:30:00,GOOGL,361.93,365.1,357.3805,364.87,10620687
2026-07-06 13:30:00,GOOGL,364.89,367.93,363.67,366.42,8490070
2026-07-07 09:30:00,GOOGL,368.53,373.16,366.53,369.92,13013674
2026-07-07 13:30:00,GOOGL,369.8925,370.65,365.5002,367.04,6944223
2026-07-08 09:30:00,GOOGL,365.0525,367.72,359.75,361.37,9180866
2026-07-08 13:30:00,GOOGL,361.39,362.9,358.02,361.64,6517879
2026-07-09 09:30:00,GOOGL,354.154,359.65,351.08,355.735,13826187
2026-07-09 13:30:00,GOOGL,355.73,359.29,355.46,358.87,5736096
2026-07-10 09:30:00,GOOGL,357.525,357.82,352.75,354.41,9165152
2026-07-10 13:30:00,GOOGL,354.43,357.64,353.87,356.91,5172483
2026-07-13 09:30:00,GOOGL,356.2,358.12,354.11,355.985,6762284
2026-07-13 13:30:00,GOOGL,356.03,356.13,351.75,352.53,5362258
2026-07-14 09:30:00,GOOGL,351.09,358.7199,351.09,358.59,7969274
2026-07-14 13:30:00,GOOGL,358.6375,360.16,357.36,359.55,5422611
2026-07-15 09:30:00,GOOGL,358.15,373.65,357.76,371.06,15142690
2026-07-15 13:30:00,GOOGL,371.02,373.29,369.21,370.92,7485576
2026-07-16 09:30:00,GOOGL,373.195,375.27,369.202,371.77,13645223
2026-07-16 13:30:00,GOOGL,371.77,372.15,352.32,354.29,19542867
2026-07-17 09:30:00,GOOGL,345.995,348.52,341.36,345.6,15611848
2026-07-17 13:30:00,GOOGL,345.72,347.415,342.8,346.62,8318833
2026-07-20 09:30:00,GOOGL,351.15,359.67,350.52,352.7,12243054
2026-07-20 13:30:00,GOOGL,352.69,353.71,350.75,352.1,6857626
2026-07-21 09:30:00,GOOGL,350.85,351.14,347.59,349.135,10998300
2026-07-21 13:30:00,GOOGL,349.14,349.9,347.02,347.11,6462524
2026-07-22 09:30:00,GOOGL,348.155,349.94,346.19,347.9999,11640217
2026-07-22 13:30:00,GOOGL,347.95,348.3993,341.73,342.09,10719924
2026-07-23 09:30:00,GOOGL,321.13,324.49,314.91,320.38,46937988
2026-07-23 13:30:00,GOOGL,320.36,320.43,317.33,317.65,15324643
2026-07-24 09:30:00,GOOGL,318.315,324.18,317.33,320.53,17736623
2026-07-24 13:30:00,GOOGL,320.52,321.14,318.96,319.77,8533710
2026-07-27 09:30:00,GOOGL,325.04,330.4199,324.46,326.74,17598470
2026-07-27 13:30:00,GOOGL,326.75,327.9,325.6301,326.56,6362935
2026-07-28 09:30:00,GOOGL,327.9,335.26,324.44,335.05,15256176
2026-07-28 13:30:00,GOOGL,335.06,335.88,333.38,333.73,7936904
2026-07-29 09:30:00,GOOGL,334.52,338.18,331.62,337.23,11799472
2026-07-29 13:30:00,GOOGL,337.17,342.5,335.2701,336.67,10991352
2026-07-30 09:30:00,GOOGL,334.195,336.51,330.34,332.8799,15946003
2026-07-30 13:30:00,GOOGL,332.87,334.93,332.03,333.68,8027480
2026-07-31 09:30:00,GOOGL,341.5,354.64,340.0,354.41,23522826
2026-07-31 13:30:00,GOOGL,354.38,358.55,353.26,356.33,14542370
2026-08-03 09:30:00,GOOGL,365.24,376.6932,363.35,374.74,23018095
2026-08-03 13:30:00,GOOGL,374.72,375.805,373.165,373.56,9740007
2026-08-04 09:30:00,GOOGL,367.6488,378.44,367.54,377.61,18602350
2026-08-04 13:30:00,GOOGL,377.61,380.52,377.51,377.79,8887566
2026-08-05 09:30:00,GOOGL,382.94,384.12,356.82,362.41,31027855
2026-08-05 13:30:00,GOOGL,362.43,364.97,360.8101,362.47,11068916
2026-08-06 09:30:00,GOOGL,360.77,364.1259,357.65,357.84,13302165
2026-08-06 13:30:00,GOOGL,357.85,358.47,356.88,357.89,6808682
2026-08-07 09:30:00,GOOGL,356.765,358.9,353.78,354.83,11249598
2026-08-07 13:30:00,GOOGL,354.8125,355.61,353.81,354.25,5101498
2026-08-10 09:30:00,GOOGL,355.175,357.18,352.71,354.72,10855853
2026-08-10 13:30:00,GOOGL,354.7155,357.61,353.98,357.55,4354675
2026-08-11 09:30:00,GOOGL,355.9,356.81,346.44,346.9445,12756064
2026-08-11 13:30:00,GOOGL,346.95,347.87,343.395,343.79,10189990
2026-08-12 09:30:00,GOOGL,346.0,346.48,340.88,342.58,12958744
2026-08-12 13:30:00,GOOGL,342.56,344.85,341.055,343.55,7417886
2026-08-13 09:30:00,GOOGL,345.62,347.93,343.76,345.68,10160178
2026-08-13 13:30:00,GOOGL,345.67,347.2,345.58,346.41,4495268
2026-08-14 09:30:00,GOOGL,346.54,350.45,344.6019,344.745,10556250
2026-08-14 13:30:00,GOOGL,344.78,346.05,344.5,345.88,4125932
2026-08-17 09:30:00,GOOGL,346.26,347.155,341.93,343.3,9339302
2026-08-17 13:30:00,GOOGL,343.2877,344.25,342.83,344.08,4535575
2026-08-18 09:30:00,GOOGL,342.45,344.14,340.19,343.2257,9087539
2026-08-18 13:30:00,GOOGL,343.225,344.8699,342.58,344.07,5441762
2026-08-19 09:30:00,GOOGL,343.47,346.73,340.66,344.065,10353350
2026-08-19 13:30:00,GOOGL,344.08,345.18,343.33,344.78,4216277
2026-08-20 09:30:00,GOOGL,342.795,343.9,338.5651,341.0,8542752
2026-08-20 13:30:00,GOOGL,341.0,341.59,339.5,340.665,5653851
2026-08-21 09:30:00,GOOGL,342.3525,346.2,340.4,345.22,10846823
2026-08-21 13:30:00,GOOGL,345.22,346.18,343.86,344.9,4591109
2026-08-24 09:30:00,GOOGL,343.615,351.6,342.5,349.26,13503861
2026-08-24 13:30:00,GOOGL,349.3043,349.46,347.87,348.06,5468491
2026-08-25 09:30:00,GOOGL,349.375,350.16,345.62,346.55,7484909
2026-08-25 13:30:00,GOOGL,346.55,348.06,345.6,346.94,4111333
2026-08-26 09:30:00,GOOGL,346.62,346.88,340.18,341.4184,9177107
2026-08-26 13:30:00,GOOGL,341.425,342.67,341.235,342.06,4847339
2026-08-27 09:30:00,GOOGL,339.69,341.69,338.52,341.02,10224132
2026-08-27 13:30:00,GOOGL,341.04,341.57,340.24,340.63,4567292
2026-08-28 09:30:00,GOOGL,340.755,349.14,340.27,346.45,11332285
2026-08-28 13:30:00,GOOGL,346.4645,348.08,345.72,346.47,5909850
2026-08-31 09:30:00,GOOGL,343.698,344.59,337.156,338.37,10278231
2026-08-31 13:30:00,GOOGL,338.37,341.42,337.74,339.28,8064213
2026-09-01 09:30:00,GOOGL,336.0,337.2,333.06,335.21,10387943
2026-09-01 13:30:00,GOOGL,335.25,335.63,333.48,335.01,5021081
2026-09-02 09:30:00,GOOGL,334.06,340.0,332.82,338.2577,11964199
2026-09-02 13:30:00,GOOGL,338.26,338.41,336.99,337.13,4697444
2026-09-03 09:30:00,GOOGL,340.355,344.66,340.06,342.305,9768317
2026-09-03 13:30:00,GOOGL,342.3,343.66,342.1067,342.48,4582988
2026-09-04 09:30:00,GOOGL,342.575,343.53,337.09,338.72,10389944
2026-09-04 13:30:00,GOOGL,338.72,339.6,337.75,338.5,5480465
2026-09-08 09:30:00,GOOGL,335.38,339.505,333.22,339.31,12332847
2026-09-08 13:30:00,GOOGL,339.295,339.665,337.0,338.43,5599309
2026-09-09 09:30:00,GOOGL,331.69,331.85,327.9,331.135,19249458
2026-09-09 13:30:00,GOOGL,331.13,331.56,329.87,330.64,6212086
2026-09-10 09:30:00,GOOGL,328.01,332.39,327.7465,331.78,12686291
2026-09-10 13:30:00,GOOGL,331.78,333.23,331.3,332.67,4994883
2026-09-11 09:30:00,GOOGL,335.065,342.97,335.065,340.73,12524986
2026-09-11 13:30:00,GOOGL,340.725,341.07,338.09,338.42,5079927
2026-09-14 09:30:00,GOOGL,343.2,348.16,342.28,348.05,28200678
2026-09-14 13:30:00,GOOGL,348.03,349.9,346.66,349.51,10856018
2026-09-15 09:30:00,GOOGL,346.78,348.07,342.7,342.885,10016964
2026-09-15 13:30:00,GOOGL,342.865,345.2097,342.759,345.03,4657511
2026-09-16 09:30:00,GOOGL,346.98,348.4,343.75,345.21,7569454
2026-09-16 13:30:00,GOOGL,345.21,346.68,340.64,342.85,6099803
2026-09-17 09:30:00,GOOGL,348.67,349.5,343.8857,344.93,9168935
2026-09-17 13:30:00,GOOGL,344.93,347.9,344.79,347.38,4773363
2026-09-18 09:30:00,GOOGL,356.92,359.44,348.89,349.355,23079479
2026-09-18 13:30:00,GOOGL,349.32,352.14,348.45,349.06,7894421
2026-09-21 09:30:00,GOOGL,350.67,357.58,349.1,356.0,14323157
2026-09-21 13:30:00,GOOGL,355.995,356.76,354.0,355.22,7522604
2026-09-22 09:30:00,GOOGL,357.905,364.17,350.22,352.45,17980211
2026-09-22 13:30:00,GOOGL,352.37,353.87,350.93,351.185,6754269
2026-09-23 09:30:00,GOOGL,349.59,350.0,337.73,338.37,20215343
2026-09-23 13:30:00,GOOGL,338.35,339.93,337.45,337.86,8532132
2026-09-24 09:30:00,GOOGL,336.235,343.09,336.0201,341.47,13512629
2026-09-24 13:30:00,GOOGL,341.49,343.02,340.905,342.42,5656157
2026-09-25 09:30:00,GOOGL,342.41,347.03,341.11,344.68,10454265
2026-09-25 13:30:00,GOOGL,344.69,344.9399,343.22,343.84,6085714
2026-09-28 09:30:00,GOOGL,340.7,343.59,339.56,341.78,9400242
2026-09-28 13:30:00,GOOGL,341.83,342.9599,341.46,342.8,4252272
2026-09-29 09:30:00,GOOGL,341.95,342.84,338.02,339.1,10101970
2026-09-29 13:30:00,GOOGL,339.18,342.04,338.3001,340.94,6104046
2026-09-30 09:30:00,GOOGL,344.215,352.6,344.08,350.0643,16224406
2026-09-30 13:30:00,GOOGL,350.07,350.3194,341.0,344.13,10096483
2026-10-01 09:30:00,GOOGL,350.785,353.22,335.5108,338.89,20903314
2026-10-01 13:30:00,GOOGL,338.9,339.89,337.96,338.26,6843326
2026-10-02 09:30:00,GOOGL,341.315,345.77,341.16,343.7,13959202
2026-10-02 13:30:00,GOOGL,343.675,344.02,342.61,343.59,4014230
2026-10-05 09:30:00,GOOGL,342.695,346.585,342.41,346.46,9073999
2026-10-05 13:30:00,GOOGL,346.455,348.09,345.4,346.64,6194665
2026-10-06 09:30:00,GOOGL,347.37,349.09,344.6805,346.9,9359096
2026-10-06 13:30:00,GOOGL,346.92,349.001,346.7675,347.7,3866944
2026-10-07 09:30:00,GOOGL,346.61,347.25,343.0658,347.0095,9922559
2026-10-07 13:30:00,GOOGL,346.9855,350.8,346.64,350.37,5782362
2026-10-08 09:30:00,GOOGL,353.65,356.83,346.74,347.06,12563963
2026-10-08 13:30:00,GOOGL,347.13,348.48,346.52,348.3,5187509
2026-05-18 09:30:00,META,605.0,613.6189,605.0,613.05,8027297
2026-05-18 13:30:00,META,613.05,615.59,607.3887,611.33,3416619
2026-05-19 09:30:00,META,608.0,613.93,600.56,603.795,6790983
2026-05-19 13:30:00,META,603.74,604.43,600.62,602.75,2778079
2026-05-20 09:30:00,META,600.7,608.0,597.81,605.265,6554015
2026-05-20 13:30:00,META,605.27,607.01,602.68,605.06,2640270
2026-05-21 09:30:00,META,600.2,607.88,594.8083,607.01,7100438
2026-05-21 13:30:00,META,606.98,609.6,604.87,607.64,2926982
2026-05-22 09:30:00,META,607.49,614.81,606.955,609.99,5718287
2026-05-22 13:30:00,META,609.985,612.035,608.51,610.37,3523992
2026-05-26 09:30:00,META,609.6,614.47,605.3001,609.09,6948778
2026-05-26 13:30:00,META,609.165,612.42,608.31,612.34,2446376
2026-05-27 09:30:00,META,609.76,616.7,609.21,609.7999,6252122
2026-05-27 13:30:00,META,609.76,638.4999,609.38,635.255,13600339
2026-05-28 09:30:00,META,639.98,643.0,629.31,631.215,10200799
2026-05-28 13:30:00,META,631.2475,635.7,630.71,635.22,3472273
2026-05-29 09:30:00,META,633.97,634.46,623.35,624.07,7424646
2026-05-29 13:30:00,META,624.07,634.5,624.01,632.52,5330764
2026-06-01 09:30:00,META,629.415,635.68,607.77,610.35,14008995
2026-06-01 13:30:00,META,610.31,611.67,599.53,600.37,11155195
2026-06-02 09:30:00,META,603.35,608.88,596.68,606.23,9724561
2026-06-02 13:30:00,META,606.155,606.39,597.26,597.66,4628936
2026-06-03 09:30:00,META,602.99,620.28,600.27,617.86,12018875
2026-06-03 13:30:00,META,617.82,624.1,617.16,623.11,6458972
2026-06-04 09:30:00,META,623.67,642.33,622.6,630.02,12088607
2026-06-04 13:30:00,META,630.06,630.2999,622.8,627.54,3485125
2026-06-05 09:30:00,META,623.46,629.04,607.33,608.73,8708914
2026-06-05 13:30:00,META,608.7,611.6,582.91,592.64,15611845
2026-06-08 09:30:00,META,590.23,591.92,579.22,588.26,8354393
2026-06-08 13:30:00,META,588.1,590.0,584.855,585.335,3307492
2026-06-09 09:30:00,META,591.75,597.63,581.01,586.7275,7624259
2026-06-09 13:30:00,META,586.55,591.53,584.5,584.56,4026719
2026-06-10 09:30:00,META,580.73,591.3,575.02,576.085,6584034
2026-06-10 13:30:00,META,576.0358,577.01,570.6,570.79,5140061
2026-06-11 09:30:00,META,565.57,567.99,557.01,565.7675,8274709
2026-06-11 13:30:00,META,565.8,572.17,564.66,568.39,5322094
2026-06-12 09:30:00,META,572.95,576.07,560.9,567.68,7614445
2026-06-12 13:30:00,META,567.75,567.8681,563.0,566.7,4342991
2026-06-15 09:30:00,META,579.9,601.27,579.2975,594.71,10040168
2026-06-15 13:30:00,META,594.88,596.72,590.7,593.49,4107295
2026-06-16 09:30:00,META,593.49,605.78,592.0,596.17,6156169
2026-06-16 13:30:00,META,596.305,601.24,595.0801,600.3,3147854
2026-06-17 09:30:00,META,592.002,593.81,576.8,579.445,8993138
2026-06-17 13:30:00,META,579.46,580.8,566.19,567.485,7408054
2026-06-18 09:30:00,META,572.955,578.69,563.1,577.9,11275004
2026-06-18 13:30:00,META,577.94,580.215,573.0201,577.22,15341961
2026-06-22 09:30:00,META,572.02,575.78,559.81,562.55,8521766
2026-06-22 13:30:00,META,562.55,566.15,561.39,563.85,3719140
2026-06-23 09:30:00,META,562.245,572.2,561.03,565.69,6185213
2026-06-23 13:30:00,META,565.655,567.7,561.66,562.22,3787196
2026-06-24 09:30:00,META,562.15,569.04,555.5503,556.865,6908454
2026-06-24 13:30:00,META,556.91,560.97,555.83,557.805,3553307
2026-06-25 09:30:00,META,553.1299,556.34,540.205,544.3301,8216610
2026-06-25 13:30:00,META,544.51,548.47,542.39,542.87,4391058
2026-06-26 09:30:00,META,542.99,556.85,540.4,554.77,6770586
2026-06-26 13:30:00,META,554.87,555.9276,548.97,549.35,4992570
2026-06-29 09:30:00,META,560.0,570.9,559.84,564.62,7682027
2026-06-29 13:30:00,META,564.68,567.43,562.05,562.33,3314688
2026-06-30 09:30:00,META,560.94,561.51,551.43,559.0,6760962
2026-06-30 13:30:00,META,559.1,565.5225,558.77,563.1,5073915
2026-07-01 09:30:00,META,607.91,628.28,595.1,617.865,31814963
2026-07-01 13:30:00,META,617.98,622.87,611.4,612.95,8927096
2026-07-02 09:30:00,META,607.895,610.0,584.15,584.99,12634349
2026-07-02 13:30:00,META,584.965,587.69,580.42,582.65,5634253
2026-07-06 09:30:00,META,594.84,598.2,581.76,594.64,7525859
2026-07-06 13:30:00,META,594.67,603.58,592.54,600.27,5411798
2026-07-07 09:30:00,META,608.0,615.9899,603.66,607.565,8334241
2026-07-07 13:30:00,META,607.47,625.37,607.2701,615.57,8162239
2026-07-08 09:30:00,META,614.385,615.88,600.25,605.375,5551236
2026-07-08 13:30:00,META,605.49,607.75,598.0105,603.07,4694097
2026-07-09 09:30:00,META,583.92,616.31,577.07,612.6,13063305
2026-07-09 13:30:00,META,612.61,633.27,610.21,631.48,9221633
2026-07-10 09:30:00,META,660.335,677.85,658.01,662.97,27480623
2026-07-10 13:30:00,META,663.04,671.2,662.0,669.31,8720512
2026-07-13 09:30:00,META,661.51,676.62,654.2,660.825,10539656
2026-07-13 13:30:00,META,661.14,663.59,654.81,656.73,5211713
2026-07-14 09:30:00,META,652.0,666.5,649.05,663.09,7154178
2026-07-14 13:30:00,META,663.21,664.7,657.5,661.08,4276283
2026-07-15 09:30:00,META,663.6,686.08,656.6601,674.99,12112901
2026-07-15 13:30:00,META,674.75,682.03,673.37,681.275,3890235
2026-07-16 09:30:00,META,678.61,681.9,665.0,669.9699,7596698
2026-07-16 13:30:00,META,669.74,674.31,660.16,664.54,4764420
2026-07-17 09:30:00,META,647.7,652.17,626.0,651.9,13810377
2026-07-17 13:30:00,META,651.9,652.2,641.08,646.02,5562248
2026-07-20 09:30:00,META,646.7,653.3,636.0105,649.775,5378551
2026-07-20 13:30:00,META,649.79,651.035,645.26,645.86,2796090
2026-07-21 09:30:00,META,654.13,655.88,643.2,646.685,3864791
2026-07-21 13:30:00,META,646.685,650.0,643.41,643.44,2571849
2026-07-22 09:30:00,META,647.7,648.998,627.8,628.2,5374386
2026-07-22 13:30:00,META,628.2,628.87,624.0,627.07,3215971
2026-07-23 09:30:00,META,608.41,614.635,597.22,605.92,8373303
2026-07-23 13:30:00,META,605.8401,608.135,603.04,605.97,4258551
2026-07-24 09:30:00,META,605.34,609.98,600.07,602.99,5546674
2026-07-24 13:30:00,META,603.0,603.78,594.6,595.2,3782495
2026-07-27 09:30:00,META,607.22,611.26,596.325,596.85,5953059
2026-07-27 13:30:00,META,596.82,598.04,593.15,593.93,2970543
2026-07-28 09:30:00,META,595.9,601.0,587.0,593.55,5848737
2026-07-28 13:30:00,META,593.5,595.3897,591.69,593.66,3216662
2026-07-29 09:30:00,META,593.42,595.4495,585.25,592.94,6785191
2026-07-29 13:30:00,META,592.91,599.97,582.22,587.0,6717885
2026-07-30 09:30:00,META,525.74,538.94,524.519,532.77,28139842
2026-07-30 13:30:00,META,532.695,539.88,531.52,539.06,10010431
2026-07-31 09:30:00,META,543.56,557.96,540.24,549.325,14290748
2026-07-31 13:30:00,META,549.335,558.33,547.5,556.5,7414286
2026-08-03 09:30:00,META,562.42,597.52,559.36,593.845,16238708
2026-08-03 13:30:00,META,593.8813,594.2,589.02,590.53,4943457
2026-08-04 09:30:00,META,581.165,588.7753,578.25,588.33,9937509
2026-08-04 13:30:00,META,588.3675,592.787,587.08,587.71,4573454
2026-08-05 09:30:00,META,600.525,601.0,580.12,583.7,7624816
2026-08-05 13:30:00,META,583.89,590.18,580.28,588.91,4772333
2026-08-06 09:30:00,META,586.335,595.31,585.995,587.91,7474185
2026-08-06 13:30:00,META,587.96,591.5,587.14,589.84,2859896
2026-08-07 09:30:00,META,585.64,598.7399,585.62,591.82,6498572
2026-08-07 13:30:00,META,591.82,595.59,590.18,591.815,2482999
2026-08-10 09:30:00,META,598.46,608.21,592.33,594.58,8892800
2026-08-10 13:30:00,META,594.605,595.35,592.0301,594.92,5424452
2026-08-11 09:30:00,META,597.73,612.42,593.4,604.6185,7834637
2026-08-11 13:30:00,META,604.565,605.77,598.47,599.21,2598658
2026-08-12 09:30:00,META,601.7,604.499,580.72,581.61,7978243
2026-08-12 13:30:00,META,581.61,583.6783,578.25,578.85,6295547
2026-08-13 09:30:00,META,580.375,591.0,579.43,588.48,5964703
2026-08-13 13:30:00,META,588.48,595.85,587.66,594.905,3418051
2026-08-14 09:30:00,META,596.98,601.86,590.8,591.33,4898966
2026-08-14 13:30:00,META,591.36,592.125,589.29,589.76,2546447
2026-08-17 09:30:00,META,589.75,590.24,566.1605,566.43,9950405
2026-08-17 13:30:00,META,566.43,569.98,564.75,569.01,5213625
2026-08-18 09:30:00,META,557.31,560.63,545.47,548.92,15980269
2026-08-18 13:30:00,META,548.9577,549.36,543.21,543.7279,7520402
2026-08-19 09:30:00,META,541.34,554.06,537.28,553.28,10113028
2026-08-19 13:30:00,META,553.235,553.44,545.33,545.98,4996193
2026-08-20 09:30:00,META,546.95,549.988,541.34,542.13,6830911
2026-08-20 13:30:00,META,542.5538,548.01,539.31,545.885,4256427
2026-08-21 09:30:00,META,546.885,553.8733,543.23,552.205,7496370
2026-08-21 13:30:00,META,552.1,552.22,548.95,549.91,4195620
2026-08-24 09:30:00,META,550.2,558.99,546.3,557.72,6646730
2026-08-24 13:30:00,META,557.67,561.42,556.0,559.14,4338336
2026-08-25 09:30:00,META,563.75,568.64,561.4001,565.32,4639195
2026-08-25 13:30:00,META,565.3419,570.8,559.02,569.865,3170231
2026-08-26 09:30:00,META,590.4375,593.27,561.945,578.2948,24709615
2026-08-26 13:30:00,META,578.315,580.9235,575.81,576.11,4820928
2026-08-27 09:30:00,META,576.48,588.39,567.62,571.22,9652297
2026-08-27 13:30:00,META,571.135,572.19,568.05,571.07,3127593
2026-08-28 09:30:00,META,571.95,589.19,571.08,575.84,9471790
2026-08-28 13:30:00,META,575.9656,578.98,573.88,578.02,3940140
2026-08-31 09:30:00,META,576.77,578.65,569.1386,571.06,5334596
2026-08-31 13:30:00,META,570.8608,576.18,570.6938,572.75,4224248
2026-09-01 09:30:00,META,557.8,583.4383,556.47,580.305,9436758
2026-09-01 13:30:00,META,580.47,584.9,576.23,578.53,3735676
2026-09-02 09:30:00,META,579.55,600.38,577.0,592.6601,9681548
2026-09-02 13:30:00,META,592.76,596.64,590.8401,592.9,3537041
2026-09-03 09:30:00,META,604.49,619.44,604.4,613.01,11418247
2026-09-03 13:30:00,META,613.01,616.0,609.6,610.68,4240976
2026-09-04 09:30:00,META,612.495,616.33,605.27,609.5,7438404
2026-09-04 13:30:00,META,609.5,617.46,608.1024,616.75,4058618
2026-09-08 09:30:00,META,615.875,623.22,613.47,617.894,6746530
2026-09-08 13:30:00,META,617.89,624.8,609.74,613.31,6793367
2026-09-09 09:30:00,META,648.64,657.86,638.5601,653.585,23449192
2026-09-09 13:30:00,META,653.53,656.98,649.84,653.415,8287121
2026-09-10 09:30:00,META,653.6,663.5,643.09,648.94,12290431
2026-09-10 13:30:00,META,648.9,650.4937,642.14,644.37,4066809
2026-09-11 09:30:00,META,653.02,664.24,647.4,650.244,8424011
2026-09-11 13:30:00,META,650.315,651.27,646.2,648.23,3613105
2026-09-14 09:30:00,META,657.62,666.22,649.25,665.46,11357077
2026-09-14 13:30:00,META,665.63,668.6,663.89,665.71,4889783
2026-09-15 09:30:00,META,659.3,678.87,656.2,665.12,10784375
2026-09-15 13:30:00,META,665.2,672.48,664.88,670.49,4631689
2026-09-16 09:30:00,META,679.75,685.31,674.2901,676.345,8521126
2026-09-16 13:30:00,META,676.36,684.87,671.9142,673.33,6428938
2026-09-17 09:30:00,META,682.44,683.07,667.05,678.0,7865011
2026-09-17 13:30:00,META,678.09,683.2,675.82,682.7,4234078
2026-09-18 09:30:00,META,686.82,690.15,668.4906,670.6,14231830
2026-09-18 13:30:00,META,670.65,674.3,660.8,665.5,5069574
2026-09-21 09:30:00,META,680.38,738.31,679.6,737.649,27111847
2026-09-21 13:30:00,META,737.6397,753.0,736.34,741.13,17363126
2026-09-22 09:30:00,META,731.475,757.27,730.0,742.515,19762112
2026-09-22 13:30:00,META,742.515,744.33,735.63,736.68,6431584
2026-09-23 09:30:00,META,747.95,763.9,739.51,746.61,20667922
2026-09-23 13:30:00,META,746.32,754.85,743.7657,744.02,6836872
2026-09-24 09:30:00,META,744.35,774.25,743.006,771.2363,23975094
2026-09-24 13:30:00,META,771.31,779.8192,768.9,777.44,8527906
2026-09-25 09:30:00,META,768.845,769.57,746.5405,751.26,16241597
2026-09-25 13:30:00,META,751.26,753.8,748.1,751.9,6445608
2026-09-28 09:30:00,META,750.425,750.576,717.25,721.48,17602958
2026-09-28 13:30:00,META,721.52,723.5499,713.19,715.72,5970662
2026-09-29 09:30:00,META,725.335,734.17,715.1,727.225,12150872
2026-09-29 13:30:00,META,727.225,740.45,722.59,739.02,8193353
2026-09-30 09:30:00,META,729.0,738.25,721.3,732.89,10074463
2026-09-30 13:30:00,META,732.7151,734.88,725.0,725.29,4945744
2026-10-01 09:30:00,META,728.525,735.88,721.51,728.115,7383945
2026-10-01 13:30:00,META,728.22,730.59,724.56,726.09,3359816
2026-10-02 09:30:00,META,733.205,741.58,727.4935,729.25,6618868
2026-10-02 13:30:00,META,729.0701,729.47,726.2,728.07,3110997
2026-10-05 09:30:00,META,727.355,746.7,727.12,743.95,8020785
2026-10-05 13:30:00,META,743.955,745.64,741.01,742.19,3113930
2026-10-06 09:30:00,META,746.8,747.6,736.69,741.94,6050824
2026-10-06 13:30:00,META,741.8019,744.6599,738.8,739.19,2519774
2026-10-07 09:30:00,META,737.9675,738.0,720.5501,724.595,7105159
2026-10-07 13:30:00,META,724.595,727.51,720.1503,721.15,3848443
2026-10-08 09:30:00,META,724.54,724.76,711.6832,713.415,8495378
2026-10-08 13:30:00,META,713.49,721.87,712.54,720.84,3082737
2026-05-18 09:30:00,MSFT,416.102,424.16,415.61,423.01,16508650
2026-05-18 13:30:00,MSFT,422.935,425.11,420.9201,423.66,8948781
2026-05-19 09:30:00,MSFT,432.22,432.7,417.1,418.79,18825202
2026-05-19 13:30:00,MSFT,418.77,419.87,416.5,417.56,6577254
2026-05-20 09:30:00,MSFT,413.986,419.7,411.3001,419.3425,13843462
2026-05-20 13:30:00,MSFT,419.325,422.08,418.89,421.06,7441454
2026-05-21 09:30:00,MSFT,424.82,426.34,415.72,417.4268,15584211
2026-05-21 13:30:00,MSFT,417.4,420.2691,417.33,419.04,7309227
2026-05-22 09:30:00,MSFT,419.48,424.4,416.34,418.8101,12629922
2026-05-22 13:30:00,MSFT,418.855,419.9,417.25,418.58,4818010
2026-05-26 09:30:00,MSFT,416.43,419.77,413.17,413.655,17251345
2026-05-26 13:30:00,MSFT,413.645,416.35,413.02,416.15,6294761
2026-05-27 09:30:00,MSFT,411.045,415.93,409.59,411.44,15176418
2026-05-27 13:30:00,MSFT,411.46,413.51,411.36,412.69,6565703
2026-05-28 09:30:00,MSFT,412.975,429.49,412.67,425.81,24699308
2026-05-28 13:30:00,MSFT,425.795,429.155,424.93,427.02,9281529
2026-05-29 09:30:00,MSFT,432.7125,445.64,432.36,443.63,26812881
2026-05-29 13:30:00,MSFT,443.63,450.33,441.36,448.64,16044138
2026-06-01 09:30:00,MSFT,465.06,466.32,458.92,460.28,32251873
2026-06-01 13:30:00,MSFT,460.35,464.15,458.27,460.57,11490172
2026-06-02 09:30:00,MSFT,447.169,453.5,442.34,444.47,21622002
2026-06-02 13:30:00,MSFT,444.47,444.59,440.43,441.29,8946003
2026-06-03 09:30:00,MSFT,438.45,440.39,424.25,425.4599,21772830
2026-06-03 13:30:00,MSFT,425.48,428.96,425.09,427.58,9514072
2026-06-04 09:30:00,MSFT,435.995,436.15,426.41,426.93,14427534
2026-06-04 13:30:00,MSFT,426.975,429.0,426.7,428.08,6496639
2026-06-05 09:30:00,MSFT,428.34,429.47,418.5801,419.69,15211066
2026-06-05 13:30:00,MSFT,419.65,421.52,414.4,416.68,10911851
2026-06-08 09:30:00,MSFT,414.16,417.1599,408.56,410.0103,15466673
2026-06-08 13:30:00,MSFT,409.99,413.25,409.63,411.74,7476024
2026-06-09 09:30:00,MSFT,409.03,411.98,398.4814,401.69,18885192
2026-06-09 13:30:00,MSFT,401.705,404.46,401.44,403.1,8703227
2026-06-10 09:30:00,MSFT,398.41,405.04,397.47,401.74,15421783
2026-06-10 13:30:00,MSFT,401.72,402.1999,397.18,397.2613,7724456
2026-06-11 09:30:00,MSFT,395.11,396.85,384.0,387.55,22089406
2026-06-11 13:30:00,MSFT,387.61,391.31,386.59,390.03,15420293
2026-06-12 09:30:00,MSFT,391.42,391.62,382.27,388.2,22898456
2026-06-12 13:30:00,MSFT,388.2,390.94,386.52,390.67,7337278
2026-06-15 09:30:00,MSFT,396.795,401.75,392.845,399.4824,16753835
2026-06-15 13:30:00,MSFT,399.49,400.61,398.25,399.97,6104595
2026-06-16 09:30:00,MSFT,395.78,396.84,390.93,391.5,15536879
2026-06-16 13:30:00,MSFT,391.48,394.32,390.69,393.92,7967587
2026-06-17 09:30:00,MSFT,390.25,390.37,383.38,384.89,18713902
2026-06-17 13:30:00,MSFT,384.88,385.98,377.37,378.87,14443827
2026-06-18 09:30:00,MSFT,377.915,381.37,373.28,379.695,29341433
2026-06-18 13:30:00,MSFT,379.68,380.54,377.1191,379.05,11232460
2026-06-22 09:30:00,MSFT,375.56,381.63,367.93,368.99,22885366
2026-06-22 13:30:00,MSFT,368.995,370.6563,367.07,367.18,11835584
2026-06-23 09:30:00,MSFT,371.0,377.22,370.805,373.015,20371987
2026-06-23 13:30:00,MSFT,373.02,376.1212,372.27,373.905,10321204
2026-06-24 09:30:00,MSFT,371.58,378.88,370.8,370.91,15694687
2026-06-24 13:30:00,MSFT,370.91,372.2968,364.78,365.45,14298678
2026-06-25 09:30:00,MSFT,362.7,364.22,350.86,351.62,32198696
2026-06-25 13:30:00,MSFT,351.62,357.78,349.2,352.69,23785767
2026-06-26 09:30:00,MSFT,357.125,371.52,355.43,369.91,40177034
2026-06-26 13:30:00,MSFT,369.905,376.61,368.57,371.36,30750230
2026-06-29 09:30:00,MSFT,377.5,380.5,366.02,369.63,28214617
2026-06-29 13:30:00,MSFT,369.65,370.25,366.83,368.5,14291062
2026-06-30 09:30:00,MSFT,370.88,373.4,367.47,371.37,16710060
2026-06-30 13:30:00,MSFT,371.37,374.15,369.817,372.84,12439643
2026-07-01 09:30:00,MSFT,380.825,388.15,374.89,387.83,25138572
2026-07-01 13:30:00,MSFT,387.88,388.83,382.96,384.22,13670109
2026-07-02 09:30:00,MSFT,384.48,391.79,383.7,391.7414,22306695
2026-07-02 13:30:00,MSFT,391.72,392.19,389.62,389.62,10934767
2026-07-06 09:30:00,MSFT,386.8095,389.15,381.22,385.81,17185876
2026-07-06 13:30:00,MSFT,385.825,387.2,384.12,386.9,7529155
2026-07-07 09:30:00,MSFT,392.54,395.57,388.53,393.595,17688933
2026-07-07 13:30:00,MSFT,393.595,393.595,388.22,388.83,7353003
2026-07-08 09:30:00,MSFT,384.075,385.29,381.33,383.49,12783856
2026-07-08 13:30:00,MSFT,383.49,384.56,382.65,383.05,6052858
2026-07-09 09:30:00,MSFT,374.45,380.91,373.35,380.8335,14742933
2026-07-09 13:30:00,MSFT,380.813,384.65,380.2538,384.35,8261386
2026-07-10 09:30:00,MSFT,387.8,391.875,381.5,384.15,13251560
2026-07-10 13:30:00,MSFT,384.15,385.71,383.1226,385.08,5768891
2026-07-13 09:30:00,MSFT,387.725,393.57,384.15,392.535,14747772
2026-07-13 13:30:00,MSFT,392.55,393.64,389.59,390.98,7610221
2026-07-14 09:30:00,MSFT,382.505,388.19,378.65,386.7446,15076110
2026-07-14 13:30:00,MSFT,386.72,387.63,384.73,384.95,6437622
2026-07-15 09:30:00,MSFT,389.29,398.96,386.4,396.445,19492959
2026-07-15 13:30:00,MSFT,396.445,397.15,394.64,395.62,8893839
2026-07-16 09:30:00,MSFT,398.08,404.45,392.0501,403.75,16825042
2026-07-16 13:30:00,MSFT,403.75,405.99,399.0,401.12,12425093
2026-07-17 09:30:00,MSFT,394.855,398.39,389.39,394.66,18924764
2026-07-17 13:30:00,MSFT,394.66,395.97,393.73,393.77,7390168
2026-07-20 09:30:00,MSFT,391.1,403.18,389.67,401.89,14467249
2026-07-20 13:30:00,MSFT,401.92,402.68,399.8401,402.51,8226297
2026-07-21 09:30:00,MSFT,398.805,401.47,396.32,399.455,12711928
2026-07-21 13:30:00,MSFT,399.455,399.65,397.12,397.64,5112311
2026-07-22 09:30:00,MSFT,399.58,401.0,387.15,387.8101,13629537
2026-07-22 13:30:00,MSFT,387.95,390.84,386.97,390.28,7558097
2026-07-23 09:30:00,MSFT,389.965,391.78,377.4,381.465,16911160
2026-07-23 13:30:00,MSFT,381.46,382.45,379.43,381.43,7272867
2026-07-24 09:30:00,MSFT,387.05,389.03,380.65,384.18,14896342
2026-07-24 13:30:00,MSFT,384.1998,384.95,381.42,381.74,6936835
2026-07-27 09:30:00,MSFT,390.07,393.895,387.99,391.5479,14965537
2026-07-27 13:30:00,MSFT,391.52,394.2,388.84,389.13,8065797
2026-07-28 09:30:00,MSFT,393.16,400.32,391.3,398.07,17824623
2026-07-28 13:30:00,MSFT,398.09,399.54,392.37,393.47,9086444
2026-07-29 09:30:00,MSFT,393.4,397.18,388.743,396.165,17263267
2026-07-29 13:30:00,MSFT,396.14,401.25,389.36,392.4,16573137
2026-07-30 09:30:00,MSFT,438.5,456.49,432.44,455.95,78522663
2026-07-30 13:30:00,MSFT,455.99,458.69,450.37,451.48,21091625
2026-07-31 09:30:00,MSFT,449.585,464.8,449.552,463.6,32270736
2026-07-31 13:30:00,MSFT,463.6,466.84,460.0,464.92,15972937
2026-08-03 09:30:00,MSFT,476.395,491.37,475.175,489.11,39342096
2026-08-03 13:30:00,MSFT,489.105,491.64,487.0,487.65,15359901
2026-08-04 09:30:00,MSFT,480.755,499.4399,479.17,495.2576,27536418
2026-08-04 13:30:00,MSFT,495.28,497.8,492.31,492.82,11012129
2026-08-05 09:30:00,MSFT,496.355,498.21,487.2118,488.34,17389077
2026-08-05 13:30:00,MSFT,488.27,491.49,485.68,487.46,9521882
2026-08-06 09:30:00,MSFT,488.89,498.97,488.525,496.412,15986886
2026-08-06 13:30:00,MSFT,496.43,501.555,495.3886,499.86,12360672
2026-08-07 09:30:00,MSFT,499.21,505.18,498.81,499.76,13807463
2026-08-07 13:30:00,MSFT,499.754,501.93,498.73,499.89,6540799
2026-08-10 09:30:00,MSFT,503.44,513.726,502.5,508.32,17071633
2026-08-10 13:30:00,MSFT,508.32,508.59,504.03,505.97,6823626
2026-08-11 09:30:00,MSFT,504.005,505.33,499.55,502.62,10156950
2026-08-11 13:30:00,MSFT,502.64,504.39,501.9,503.81,6672975
2026-08-12 09:30:00,MSFT,500.24,501.5,491.9501,493.23,13201487
2026-08-12 13:30:00,MSFT,493.24,494.64,491.52,492.44,6412848
2026-08-13 09:30:00,MSFT,493.265,501.34,493.25,494.5,10437764
2026-08-13 13:30:00,MSFT,494.485,498.55,493.01,496.81,6319812
2026-08-14 09:30:00,MSFT,496.4,500.01,493.925,495.81,7655668
2026-08-14 13:30:00,MSFT,495.785,496.34,494.65,495.42,3325255
2026-08-17 09:30:00,MSFT,490.2175,492.66,479.07,479.36,14099814
2026-08-17 13:30:00,MSFT,479.32,481.76,478.41,480.54,6394995
2026-08-18 09:30:00,MSFT,481.54,484.27,477.1505,481.695,9655603
2026-08-18 13:30:00,MSFT,481.7,483.7947,481.022,481.93,5960178
2026-08-19 09:30:00,MSFT,479.81,489.29,479.55,483.455,9601714
2026-08-19 13:30:00,MSFT,483.46,484.83,482.89,484.48,5422703
2026-08-20 09:30:00,MSFT,483.0,484.16,479.5,481.945,6749803
2026-08-20 13:30:00,MSFT,481.945,482.54,480.475,481.379,5451524
2026-08-21 09:30:00,MSFT,479.88,486.36,478.53,484.22,11215039
2026-08-21 13:30:00,MSFT,484.13,484.34,480.7247,483.35,5877162
2026-08-24 09:30:00,MSFT,483.205,490.605,481.86,488.78,8073373
2026-08-24 13:30:00,MSFT,488.79,489.16,487.27,487.34,3476705
2026-08-25 09:30:00,MSFT,485.565,490.765,484.3,489.86,8496265
2026-08-25 13:30:00,MSFT,489.89,492.435,487.31,491.55,4685012
2026-08-26 09:30:00,MSFT,487.85,497.1399,487.31,494.74,10532075
2026-08-26 13:30:00,MSFT,494.745,497.4,493.565,496.17,3805610
2026-08-27 09:30:00,MSFT,493.555,505.4,490.08,503.28,13564084
2026-08-27 13:30:00,MSFT,503.325,506.47,501.37,504.88,6656625
2026-08-28 09:30:00,MSFT,505.33,517.78,504.8675,517.16,15263709
2026-08-28 13:30:00,MSFT,517.13,517.6,512.5,513.67,9219464
2026-08-31 09:30:00,MSFT,510.325,512.19,507.31,510.6799,8583004
2026-08-31 13:30:00,MSFT,510.67,512.19,506.4,507.32,6925810
2026-09-01 09:30:00,MSFT,498.01,505.97,496.78,500.975,10068574
2026-09-01 13:30:00,MSFT,500.975,502.07,500.02,501.15,4249774
2026-09-02 09:30:00,MSFT,500.17,500.27,493.81,496.46,7860917
2026-09-02 13:30:00,MSFT,496.45,497.85,494.85,496.81,3568084
2026-09-03 09:30:00,MSFT,502.14,514.97,500.8,510.1,12134459
2026-09-03 13:30:00,MSFT,510.0728,515.64,509.56,510.08,6948023
2026-09-04 09:30:00,MSFT,510.0,511.0,499.65,500.905,7709364
2026-09-04 13:30:00,MSFT,500.905,501.19,499.36,499.68,4219487
2026-09-08 09:30:00,MSFT,493.01,495.19,490.19,492.33,7676968
2026-09-08 13:30:00,MSFT,492.3,494.175,490.15,493.96,4182556
2026-09-09 09:30:00,MSFT,493.07,494.39,489.8,493.105,5679607
2026-09-09 13:30:00,MSFT,493.11,493.3817,490.89,491.77,3676255
2026-09-10 09:30:00,MSFT,488.32,494.52,486.0,492.64,7183729
2026-09-10 13:30:00,MSFT,492.615,492.86,490.12,492.49,3153187
2026-09-11 09:30:00,MSFT,495.625,498.97,492.58,495.28,6802284
2026-09-11 13:30:00,MSFT,495.3,497.5,494.65,495.58,2841583
2026-09-14 09:30:00,MSFT,497.5,509.1,495.3416,508.98,12444756
2026-09-14 13:30:00,MSFT,508.96,509.93,504.7,505.31,5959814
2026-09-15 09:30:00,MSFT,500.002,505.9,498.2,499.16,7575646
2026-09-15 13:30:00,MSFT,499.17,499.7,495.54,497.12,4389910
2026-09-16 09:30:00,MSFT,493.17,495.92,491.13,493.8,6548448
2026-09-16 13:30:00,MSFT,493.825,494.47,487.23,490.36,5348450
2026-09-17 09:30:00,MSFT,497.795,501.47,493.275,495.0399,7507552
2026-09-17 13:30:00,MSFT,495.05,499.05,494.6,498.43,3795702
2026-09-18 09:30:00,MSFT,497.47,498.65,491.1,494.24,11575474
2026-09-18 13:30:00,MSFT,494.21,496.9,492.02,493.46,4956907
2026-09-21 09:30:00,MSFT,495.58,498.04,491.33,497.25,10793336
2026-09-21 13:30:00,MSFT,497.25,501.87,496.43,501.61,6411384
2026-09-22 09:30:00,MSFT,507.515,508.5,493.65,496.91,11669190
2026-09-22 13:30:00,MSFT,496.965,499.43,495.9,497.94,4292244
2026-09-23 09:30:00,MSFT,500.755,509.44,495.9,499.28,10588187
2026-09-23 13:30:00,MSFT,499.25,501.15,498.74,500.78,3831222
2026-09-24 09:30:00,MSFT,495.39,496.98,491.22,495.95,8777129
2026-09-24 13:30:00,MSFT,495.94,498.88,494.71,497.585,4129097
2026-09-25 09:30:00,MSFT,499.49,519.4,497.3,516.42,24672048
2026-09-25 13:30:00,MSFT,516.35,519.08,515.33,516.1,8785665
2026-09-28 09:30:00,MSFT,505.425,513.33,502.22,511.855,10393837
2026-09-28 13:30:00,MSFT,511.85,512.49,508.595,509.47,4186470
2026-09-29 09:30:00,MSFT,508.13,513.64,502.4,506.19,9109403
2026-09-29 13:30:00,MSFT,506.11,511.65,505.19,509.04,6801052
2026-09-30 09:30:00,MSFT,510.8,519.8297,510.33,516.93,9727545
2026-09-30 13:30:00,MSFT,516.94,519.04,511.46,512.96,7523752
2026-10-01 09:30:00,MSFT,519.88,522.85,512.17,515.13,9932805
2026-10-01 13:30:00,MSFT,515.74,516.68,512.3501,513.105,3961409
2026-10-02 09:30:00,MSFT,519.095,522.5,513.66,514.825,8058623
2026-10-02 13:30:00,MSFT,514.8196,517.87,513.91,517.86,4640652
2026-10-05 09:30:00,MSFT,521.815,532.35,521.53,525.45,13940269
2026-10-05 13:30:00,MSFT,525.45,529.01,523.96,525.49,5688307
2026-10-06 09:30:00,MSFT,531.68,535.69,528.82,532.07,10189680
2026-10-06 13:30:00,MSFT,532.06,532.35,529.08,529.49,5050877
2026-10-07 09:30:00,MSFT,530.725,531.59,524.69,529.04,7409008
2026-10-07 13:30:00,MSFT,529.03,531.73,528.89,529.54,4020630
2026-10-08 09:30:00,MSFT,529.39,533.51,521.65,523.29,10296752
2026-10-08 13:30:00,MSFT,523.34,523.894,518.79,522.69,5656022
2026-05-18 09:30:00,JPM,298.0,301.26,297.22,300.85,2689233
2026-05-18 13:30:00,JPM,300.87,301.06,298.5601,300.775,2087591
2026-05-19 09:30:00,JPM,301.09,301.79,297.44,298.33,2983829
2026-05-19 13:30:00,JPM,298.325,298.64,295.26,295.87,2160168
2026-05-20 09:30:00,JPM,296.7,302.44,293.67,301.95,3562711
2026-05-20 13:30:00,JPM,302.0,302.925,301.47,301.97,2841511
2026-05-21 09:30:00,JPM,301.23,303.68,300.21,302.25,3138424
2026-05-21 13:30:00,JPM,302.25,303.975,302.07,302.96,2450938
2026-05-22 09:30:00,JPM,304.68,307.41,303.84,307.35,2759269
2026-05-22 13:30:00,JPM,307.41,307.45,306.03,306.37,1630870
2026-05-26 09:30:00,JPM,308.49,309.93,306.03,306.14,3329880
2026-05-26 13:30:00,JPM,306.115,306.83,305.44,306.82,1619295
2026-05-27 09:30:00,JPM,305.0,305.9,295.75,297.8099,6942481
2026-05-27 13:30:00,JPM,297.785,299.5999,297.25,299.27,2616976
2026-05-28 09:30:00,JPM,297.57,301.07,296.41,297.0912,3751374
2026-05-28 13:30:00,JPM,297.09,297.14,295.75,296.64,3172293
2026-05-29 09:30:00,JPM,296.4,298.81,295.195,298.585,4163984
2026-05-29 13:30:00,JPM,298.58,299.88,297.29,299.4,3077647
2026-06-01 09:30:00,JPM,297.69,299.55,295.27,296.555,2963689
2026-06-01 13:30:00,JPM,296.59,297.34,295.82,296.685,2533178
2026-06-02 09:30:00,JPM,296.5,301.18,295.27,300.47,4032765
2026-06-02 13:30:00,JPM,300.445,302.07,300.445,300.99,2453775
2026-06-03 09:30:00,JPM,299.92,300.6299,296.56,300.1,2877806
2026-06-03 13:30:00,JPM,300.1,301.96,299.85,300.88,2119871
2026-06-04 09:30:00,JPM,305.74,312.91,304.44,310.9,4755450
2026-06-04 13:30:00,JPM,310.84,312.2,310.0,310.89,3089445
2026-06-05 09:30:00,JPM,314.29,315.0,309.6,312.32,3862823
2026-06-05 13:30:00,JPM,312.32,313.53,311.2,312.49,2734389
2026-06-08 09:30:00,JPM,313.25,316.295,311.39,312.41,3024689
2026-06-08 13:30:00,JPM,312.35,312.935,310.78,311.13,1710068
2026-06-09 09:30:00,JPM,313.51,316.415,309.01,311.625,3832221
2026-06-09 13:30:00,JPM,311.625,313.45,311.2,312.59,2159039
2026-06-10 09:30:00,JPM,312.56,314.75,310.305,311.715,2919516
2026-06-10 13:30:00,JPM,311.79,312.51,309.04,309.21,2440800
2026-06-11 09:30:00,JPM,309.56,313.15,308.88,312.91,2779895
2026-06-11 13:30:00,JPM,312.99,314.72,312.63,313.43,3532587
2026-06-12 09:30:00,JPM,315.97,321.3,315.55,319.36,3430773
2026-06-12 13:30:00,JPM,319.39,320.94,319.1001,320.71,1882152
2026-06-15 09:30:00,JPM,323.92,325.92,320.56,321.26,3152237
2026-06-15 13:30:00,JPM,321.26,321.43,318.84,319.65,1840084
2026-06-16 09:30:00,JPM,324.3,331.75,324.02,330.87,4945293
2026-06-16 13:30:00,JPM,330.85,331.47,329.0,331.18,2975394
2026-06-17 09:30:00,JPM,332.18,337.77,331.5,336.33,5327505
2026-06-17 13:30:00,JPM,336.335,337.0,331.6318,333.57,4445942
2026-06-18 09:30:00,JPM,336.95,338.09,328.6,329.47,5953732
2026-06-18 13:30:00,JPM,329.48,329.53,324.16,325.24,4113945
2026-06-22 09:30:00,JPM,329.7,332.43,326.75,332.02,4634244
2026-06-22 13:30:00,JPM,332.02,332.77,331.255,331.85,2463023
2026-06-23 09:30:00,JPM,329.47,335.37,327.21,333.9294,3520148
2026-06-23 13:30:00,JPM,333.87,335.07,333.5,334.14,1947195
2026-06-24 09:30:00,JPM,333.07,334.26,329.77,332.115,2698971
2026-06-24 13:30:00,JPM,332.12,334.53,331.815,333.49,2099653
2026-06-25 09:30:00,JPM,334.96,343.4485,334.76,335.95,4978683
2026-06-25 13:30:00,JPM,335.93,336.83,334.84,335.21,2196604
2026-06-26 09:30:00,JPM,336.0,336.4,329.91,330.35,4623987
2026-06-26 13:30:00,JPM,330.35,330.78,327.58,327.92,3315428
2026-06-29 09:30:00,JPM,328.28,332.39,327.2,330.67,2973172
2026-06-29 13:30:00,JPM,330.64,331.77,329.35,329.44,1890538
2026-06-30 09:30:00,JPM,328.89,330.4372,326.78,328.795,1852677
2026-06-30 13:30:00,JPM,328.795,329.33,326.68,327.23,2331238
2026-07-01 09:30:00,JPM,328.365,335.64,325.01,333.965,3116059
2026-07-01 13:30:00,JPM,333.965,334.23,332.79,334.08,2074135
2026-07-02 09:30:00,JPM,338.02,340.0,331.77,333.2,2644387
2026-07-02 13:30:00,JPM,333.22,334.59,332.37,334.2,1903918
2026-07-06 09:30:00,JPM,335.0,339.715,334.11,336.565,2453600
2026-07-06 13:30:00,JPM,336.57,338.12,336.36,337.87,1921487
2026-07-07 09:30:00,JPM,340.975,341.4,337.09,338.13,2970669
2026-07-07 13:30:00,JPM,338.16,339.48,337.985,339.26,1751710
2026-07-08 09:30:00,JPM,336.53,336.53,331.665,333.5,3835071
2026-07-08 13:30:00,JPM,333.5299,333.75,330.13,330.52,2307644
2026-07-09 09:30:00,JPM,331.46,337.0,330.8053,336.08,3444623
2026-07-09 13:30:00,JPM,336.035,336.23,334.07,335.39,1755673
2026-07-10 09:30:00,JPM,337.47,338.5859,335.77,336.57,1883684
2026-07-10 13:30:00,JPM,336.56,337.3199,335.85,336.47,1871962
2026-07-13 09:30:00,JPM,338.34,338.35,332.5001,334.525,3165744
2026-07-13 13:30:00,JPM,334.525,335.64,334.01,334.59,2169346
2026-07-14 09:30:00,JPM,327.0,344.73,325.75,339.88,7509824
2026-07-14 13:30:00,JPM,339.85,343.5,337.66,343.04,2900399
2026-07-15 09:30:00,JPM,345.845,351.24,344.05,347.145,5500467
2026-07-15 13:30:00,JPM,347.1,348.53,345.21,346.98,2553255
2026-07-16 09:30:00,JPM,349.28,349.34,341.11,345.29,3412720
2026-07-16 13:30:00,JPM,345.29,345.6,341.73,343.08,2524714
2026-07-17 09:30:00,JPM,336.528,346.125,335.05,343.34,4561090
2026-07-17 13:30:00,JPM,343.305,344.39,340.38,341.19,2514293
2026-07-20 09:30:00,JPM,341.8,344.26,338.85,339.315,2963543
2026-07-20 13:30:00,JPM,339.405,339.5999,337.37,338.89,2495652
2026-07-21 09:30:00,JPM,340.115,345.735,337.3,344.91,2445883
2026-07-21 13:30:00,JPM,344.8772,345.46,344.03,345.16,1660794
2026-07-22 09:30:00,JPM,345.07,349.07,344.2501,346.93,2712789
2026-07-22 13:30:00,JPM,346.8604,348.92,346.78,348.37,2011263
2026-07-23 09:30:00,JPM,346.58,349.23,345.42,348.545,2570059
2026-07-23 13:30:00,JPM,348.5375,349.92,346.99,349.76,1799866
2026-07-24 09:30:00,JPM,350.64,353.37,347.5,352.4999,3770505
2026-07-24 13:30:00,JPM,352.46,353.23,351.72,353.16,1811012
2026-07-27 09:30:00,JPM,357.89,359.05,352.58,353.525,3442445
2026-07-27 13:30:00,JPM,353.55,356.38,353.25,356.18,2275942
2026-07-28 09:30:00,JPM,357.3,359.3,354.15,356.035,3144581
2026-07-28 13:30:00,JPM,356.03,357.74,355.41,357.39,1778971
2026-07-29 09:30:00,JPM,356.5,357.37,347.75,349.82,3908377
2026-07-29 13:30:00,JPM,349.82,350.47,343.78,344.74,2784983
2026-07-30 09:30:00,JPM,347.54,352.25,345.37,351.73,2915440
2026-07-30 13:30:00,JPM,351.74,352.28,350.38,350.95,2951837
2026-07-31 09:30:00,JPM,353.3,354.47,349.7,353.87,2534690
2026-07-31 13:30:00,JPM,353.895,354.09,351.69,351.87,2145543
2026-08-03 09:30:00,JPM,353.75,355.62,351.22,351.275,2225475
2026-08-03 13:30:00,JPM,351.275,352.97,350.84,352.61,1959877
2026-08-04 09:30:00,JPM,355.0,363.0,353.873,360.14,4131430
2026-08-04 13:30:00,JPM,360.125,360.54,357.26,357.58,1914289
2026-08-05 09:30:00,JPM,358.97,362.17,358.2,360.08,2073474
2026-08-05 13:30:00,JPM,360.05,361.46,359.07,359.24,1383191
2026-08-06 09:30:00,JPM,361.6975,362.81,354.99,355.09,2304512
2026-08-06 13:30:00,JPM,355.0522,357.08,354.945,356.3,1433513
2026-08-07 09:30:00,JPM,355.76,357.96,353.33,357.77,1983349
2026-08-07 13:30:00,JPM,357.71,358.8543,356.9,357.47,1241296
2026-08-10 09:30:00,JPM,356.865,359.99,356.5,357.34,2053436
2026-08-10 13:30:00,JPM,357.4307,359.94,357.2101,359.83,1410553
2026-08-11 09:30:00,JPM,360.05,362.985,358.6,362.16,1784471
2026-08-11 13:30:00,JPM,362.12,363.12,361.36,362.005,1228282
2026-08-12 09:30:00,JPM,362.97,365.85,361.3,365.0501,1932125
2026-08-12 13:30:00,JPM,365.095,366.09,364.4301,365.22,1182343
2026-08-13 09:30:00,JPM,366.5,366.5,361.52,363.025,2399541
2026-08-13 13:30:00,JPM,363.006,364.19,362.33,363.13,1322638
2026-08-14 09:30:00,JPM,363.03,365.9,361.45,362.83,2880508
2026-08-14 13:30:00,JPM,362.83,363.73,362.025,362.8,1321797
2026-08-17 09:30:00,JPM,361.94,365.75,361.68,363.91,1715315
2026-08-17 13:30:00,JPM,363.97,364.07,360.97,361.2,1440584
2026-08-18 09:30:00,JPM,361.0,362.78,359.27,360.775,2315788
2026-08-18 13:30:00,JPM,360.775,363.57,360.58,363.25,1759953
2026-08-19 09:30:00,JPM,363.01,363.05,356.67,357.26,3127493
2026-08-19 13:30:00,JPM,357.235,357.74,355.645,357.32,1824819
2026-08-20 09:30:00,JPM,357.6,357.95,353.5405,353.785,2222104
2026-08-20 13:30:00,JPM,353.776,353.9529,351.69,352.04,2097908
2026-08-21 09:30:00,JPM,354.07,356.86,350.39,350.51,3989356
2026-08-21 13:30:00,JPM,350.6199,352.55,350.3666,351.635,1587377
2026-08-24 09:30:00,JPM,352.815,358.28,352.815,355.03,1862340
2026-08-24 13:30:00,JPM,355.06,356.67,354.67,356.43,1074134
2026-08-25 09:30:00,JPM,357.0,357.37,353.0737,355.65,1930463
2026-08-25 13:30:00,JPM,355.62,357.15,355.51,356.69,1309300
2026-08-26 09:30:00,JPM,356.5,357.7999,354.6001,357.7999,2492280
2026-08-26 13:30:00,JPM,357.8347,358.35,356.3,356.59,1269741
2026-08-27 09:30:00,JPM,354.68,357.57,352.225,354.96,2026099
2026-08-27 13:30:00,JPM,354.955,355.3299,353.17,354.05,1208703
2026-08-28 09:30:00,JPM,356.02,358.73,354.22,356.795,1596004
2026-08-28 13:30:00,JPM,356.75,357.77,355.67,357.51,1230387
2026-08-31 09:30:00,JPM,355.9,357.77,354.79,355.97,1918617
2026-08-31 13:30:00,JPM,355.98,356.585,354.7701,356.165,1593653
2026-09-01 09:30:00,JPM,355.78,359.93,354.23,355.46,2331163
2026-09-01 13:30:00,JPM,355.51,355.97,354.12,355.06,1321118
2026-09-02 09:30:00,JPM,357.55,361.47,353.79,354.37,2205213
2026-09-02 13:30:00,JPM,354.38,356.59,354.1,356.58,1750659
2026-09-03 09:30:00,JPM,358.675,361.9884,356.39,361.54,2350768
2026-09-03 13:30:00,JPM,361.49,362.85,361.375,362.05,1329476
2026-09-04 09:30:00,JPM,361.0,362.86,355.2,358.265,2263379
2026-09-04 13:30:00,JPM,358.3,359.45,357.5,358.61,1229108
2026-09-08 09:30:00,JPM,357.1,358.55,353.94,355.11,2103055
2026-09-08 13:30:00,JPM,355.06,355.9606,353.23,353.55,1394505
2026-09-09 09:30:00,JPM,352.0,356.28,348.69,355.395,2384351
2026-09-09 13:30:00,JPM,355.395,356.33,354.18,354.71,1479294
2026-09-10 09:30:00,JPM,353.51,354.22,351.12,352.54,1863261
2026-09-10 13:30:00,JPM,352.455,353.65,351.9,353.54,1214964
2026-09-11 09:30:00,JPM,358.32,360.05,354.79,356.86,2333364
2026-09-11 13:30:00,JPM,356.88,357.28,355.7201,356.28,1204230
2026-09-14 09:30:00,JPM,354.23,355.28,349.0,349.74,2707362
2026-09-14 13:30:00,JPM,349.79,350.79,347.545,350.13,2379139
2026-09-15 09:30:00,JPM,351.0,351.7251,343.0717,344.725,3559888
2026-09-15 13:30:00,JPM,344.725,354.7,344.19,353.33,5544884
2026-09-16 09:30:00,JPM,353.38,355.6,348.64,350.935,2929163
2026-09-16 13:30:00,JPM,350.935,352.81,344.685,349.07,2993054
2026-09-17 09:30:00,JPM,352.245,353.49,345.27,349.505,2853304
2026-09-17 13:30:00,JPM,349.51,350.5251,348.71,349.34,1671434
2026-09-18 09:30:00,JPM,347.89,348.7399,345.01,346.62,4635160
2026-09-18 13:30:00,JPM,346.62,349.61,346.27,349.345,2421277
2026-09-21 09:30:00,JPM,353.67,354.5,350.08,352.37,2352391
2026-09-21 13:30:00,JPM,352.36,352.9,351.12,352.04,2081150
2026-09-22 09:30:00,JPM,352.0,352.1025,337.3,340.26,5858028
2026-09-22 13:30:00,JPM,340.3133,341.41,339.77,340.0,3025096
2026-09-23 09:30:00,JPM,337.61,341.44,336.981,338.52,3293766
2026-09-23 13:30:00,JPM,338.48,338.56,337.19,337.66,1856391
2026-09-24 09:30:00,JPM,338.12,339.37,335.28,336.94,3108607
2026-09-24 13:30:00,JPM,336.96,338.52,336.59,338.36,2214011
2026-09-25 09:30:00,JPM,340.765,343.02,338.64,341.775,3017864
2026-09-25 13:30:00,JPM,341.775,343.31,341.12,342.92,2565922
2026-09-28 09:30:00,JPM,341.83,342.0,337.37,337.75,2731522
2026-09-28 13:30:00,JPM,337.74,338.0699,336.3,336.82,2426979
2026-09-29 09:30:00,JPM,337.0,338.75,333.33,334.86,2226103
2026-09-29 13:30:00,JPM,334.88,335.85,334.6,335.0,1445885
2026-09-30 09:30:00,JPM,335.0,336.34,331.875,332.22,1891318
2026-09-30 13:30:00,JPM,332.24,332.79,330.84,330.84,2652660
2026-10-01 09:30:00,JPM,328.7,332.69,325.87,331.69,4275990
2026-10-01 13:30:00,JPM,331.91,333.58,331.565,333.33,2011958
2026-10-02 09:30:00,JPM,334.0,334.845,330.0,330.88,2697561
2026-10-02 13:30:00,JPM,330.97,332.86,330.745,332.39,1499067
2026-10-05 09:30:00,JPM,333.31,333.75,330.59,333.03,2091843
2026-10-05 13:30:00,JPM,333.03,333.37,332.0,332.47,1495456
2026-10-06 09:30:00,JPM,332.73,333.79,330.93,331.4329,1896924
2026-10-06 13:30:00,JPM,331.455,332.32,330.93,331.28,1679313
2026-10-07 09:30:00,JPM,327.2,329.62,325.07,329.515,3094003
2026-10-07 13:30:00,JPM,329.5231,329.8699,328.4,329.48,1905609
2026-10-08 09:30:00,JPM,327.25,331.0,325.625,330.1,3925400
2026-10-08 13:30:00,JPM,330.115,332.31,329.77,331.46,2060905
2026-05-18 09:30:00,WMT,131.6,132.99,131.135,132.01,7735353
2026-05-18 13:30:00,WMT,132.0097,133.47,131.99,133.36,4687099
2026-05-19 09:30:00,WMT,132.955,135.155,132.07,134.5,8042792
2026-05-19 13:30:00,WMT,134.52,134.581,133.89,134.2,5373420
2026-05-20 09:30:00,WMT,132.905,133.65,130.885,132.1,11728361
2026-05-20 13:30:00,WMT,132.1,132.165,130.33,130.89,8950811
2026-05-21 09:30:00,WMT,124.408,125.62,120.4,121.8,35092026
2026-05-21 13:30:00,WMT,121.81,122.43,121.285,121.33,12754543
2026-05-22 09:30:00,WMT,121.24,121.94,118.91,119.89,17601725
2026-05-22 13:30:00,WMT,119.9,120.55,119.755,120.26,8137570
2026-05-26 09:30:00,WMT,120.77,121.05,118.085,118.09,13673811
2026-05-26 13:30:00,WMT,118.0865,119.105,117.92,118.575,8792009
2026-05-27 09:30:00,WMT,118.33,119.4299,118.04,118.735,12050094
2026-05-27 13:30:00,WMT,118.735,118.97,118.4,118.545,5640555
2026-05-28 09:30:00,WMT,118.9375,119.17,117.33,118.22,10488098
2026-05-28 13:30:00,WMT,118.22,119.045,118.0301,118.9,6232091
2026-05-29 09:30:00,WMT,118.14,119.08,114.71,115.5932,18273552
2026-05-29 13:30:00,WMT,115.59,116.75,115.22,115.71,8125514
2026-06-01 09:30:00,WMT,114.725,115.98,113.56,114.0,15495690
2026-06-01 13:30:00,WMT,114.02,114.9,113.925,114.595,6450646
2026-06-02 09:30:00,WMT,113.85,114.5694,112.87,113.36,11310927
2026-06-02 13:30:00,WMT,113.36,113.485,112.73,113.035,6554995
2026-06-03 09:30:00,WMT,113.1,117.29,112.97,116.885,14946315
2026-06-03 13:30:00,WMT,116.8899,117.1399,116.27,116.92,8674003
2026-06-04 09:30:00,WMT,119.895,119.938,117.575,117.87,12309317
2026-06-04 13:30:00,WMT,117.8701,118.17,116.89,117.755,6432304
2026-06-05 09:30:00,WMT,118.28,120.86,118.12,120.19,16438660
2026-06-05 13:30:00,WMT,120.16,120.88,118.74,118.9,11632865
2026-06-08 09:30:00,WMT,118.22,120.1,118.15,119.7401,8788805
2026-06-08 13:30:00,WMT,119.74,120.18,119.5,119.81,4843695
2026-06-09 09:30:00,WMT,120.32,120.5,118.36,118.69,10528095
2026-06-09 13:30:00,WMT,118.695,119.18,118.0,118.83,6227191
2026-06-10 09:30:00,WMT,119.82,120.17,117.53,119.87,10630122
2026-06-10 13:30:00,WMT,119.8699,120.8192,119.28,120.56,7205180
2026-06-11 09:30:00,WMT,120.57,121.73,119.46,121.555,7710075
2026-06-11 13:30:00,WMT,121.56,121.85,120.24,120.435,8256171
2026-06-12 09:30:00,WMT,120.51,121.61,119.53,120.26,7200338
2026-06-12 13:30:00,WMT,120.245,121.06,120.2,121.02,4047967
2026-06-15 09:30:00,WMT,119.83,121.49,118.58,120.885,8178991
2026-06-15 13:30:00,WMT,120.885,120.95,120.42,120.84,4003461
2026-06-16 09:30:00,WMT,121.14,122.94,119.9,121.115,8967873
2026-06-16 13:30:00,WMT,121.1,121.34,120.37,121.02,7531223
2026-06-17 09:30:00,WMT,119.58,121.01,118.18,118.285,7426665
2026-06-17 13:30:00,WMT,118.28,118.5599,117.45,118.16,8821591
2026-06-18 09:30:00,WMT,118.18,118.48,116.9126,116.93,14427951
2026-06-18 13:30:00,WMT,116.94,117.38,116.795,117.18,6123370
2026-06-22 09:30:00,WMT,117.07,118.4,117.03,117.345,7324350
2026-06-22 13:30:00,WMT,117.345,117.4747,116.95,117.12,4418620
2026-06-23 09:30:00,WMT,119.75,120.25,118.42,119.415,9802147
2026-06-23 13:30:00,WMT,119.43,119.97,119.1401,119.42,7522728
2026-06-24 09:30:00,WMT,119.718,120.4,119.06,119.215,6963843
2026-06-24 13:30:00,WMT,119.19,119.93,118.93,119.0,5332021
2026-06-25 09:30:00,WMT,117.47,118.58,115.38,115.66,9435812
2026-06-25 13:30:00,WMT,115.68,116.55,115.47,115.77,5551430
2026-06-26 09:30:00,WMT,117.03,117.88,116.53,116.845,7217133
2026-06-26 13:30:00,WMT,116.86,117.14,115.09,115.3,9502328
2026-06-29 09:30:00,WMT,116.32,116.8,114.23,114.6251,8926165
2026-06-29 13:30:00,WMT,114.64,115.01,114.2,114.56,6337750
2026-06-30 09:30:00,WMT,113.97,114.61,113.215,113.705,7166515
2026-06-30 13:30:00,WMT,113.71,113.93,112.93,113.22,7384386
2026-07-01 09:30:00,WMT,110.0,110.71,107.25,108.06,24988480
2026-07-01 13:30:00,WMT,108.06,109.0,107.955,108.86,10022498
2026-07-02 09:30:00,WMT,109.33,112.45,109.16,111.86,13676082
2026-07-02 13:30:00,WMT,111.85,112.28,111.5,111.71,7233258
2026-07-06 09:30:00,WMT,111.5,112.37,109.37,110.44,12667348
2026-07-06 13:30:00,WMT,110.45,111.01,110.28,110.66,6880149
2026-07-07 09:30:00,WMT,112.968,113.5,111.54,111.72,9185213
2026-07-07 13:30:00,WMT,111.715,111.87,111.3,111.54,5691180
2026-07-08 09:30:00,WMT,113.15,113.86,111.81,112.9,9298730
2026-07-08 13:30:00,WMT,112.89,113.21,112.72,113.05,4864378
2026-07-09 09:30:00,WMT,111.26,112.76,111.04,111.79,8179645
2026-07-09 13:30:00,WMT,111.78,112.37,111.6,112.2,4846046
2026-07-10 09:30:00,WMT,111.96,114.0,111.9301,113.7,6172733
2026-07-10 13:30:00,WMT,113.7,114.16,113.62,113.89,3485542
2026-07-13 09:30:00,WMT,114.675,115.53,114.01,114.51,7376614
2026-07-13 13:30:00,WMT,114.52,115.27,114.5,114.805,5083284
2026-07-14 09:30:00,WMT,114.925,115.88,114.13,114.25,6301773
2026-07-14 13:30:00,WMT,114.24,114.48,113.5005,113.665,5106525
2026-07-15 09:30:00,WMT,113.18,114.73,113.18,113.94,6343905
2026-07-15 13:30:00,WMT,113.935,114.0,112.07,112.53,5768268
2026-07-16 09:30:00,WMT,113.65,115.39,112.53,115.23,8937881
2026-07-16 13:30:00,WMT,115.23,115.585,114.67,114.92,6687531
2026-07-17 09:30:00,WMT,116.79,118.09,113.615,113.69,11904950
2026-07-17 13:30:00,WMT,113.71,114.775,113.6,114.21,5765148
2026-07-20 09:30:00,WMT,113.83,114.4,112.2601,112.34,7264816
2026-07-20 13:30:00,WMT,112.325,112.635,112.14,112.2,5607661
2026-07-21 09:30:00,WMT,111.305,111.8,109.89,110.115,11241435
2026-07-21 13:30:00,WMT,110.11,110.79,110.09,110.37,6253896
2026-07-22 09:30:00,WMT,109.63,110.0,108.72,108.81,9997062
2026-07-22 13:30:00,WMT,108.81,109.61,108.77,109.335,6303562
2026-07-23 09:30:00,WMT,107.25,108.3299,106.79,107.94,10256769
2026-07-23 13:30:00,WMT,107.93,108.555,107.65,108.38,6397359
2026-07-24 09:30:00,WMT,108.12,109.29,108.01,109.09,8606909
2026-07-24 13:30:00,WMT,109.09,109.6,108.95,109.46,6342317
2026-07-27 09:30:00,WMT,109.96,112.5,109.9,111.355,10254197
2026-07-27 13:30:00,WMT,111.3503,112.06,111.26,111.74,5336369
2026-07-28 09:30:00,WMT,113.955,116.025,113.32,113.365,14626287
2026-07-28 13:30:00,WMT,113.36,113.74,112.835,113.1,5971531
2026-07-29 09:30:00,WMT,113.48,114.14,112.45,113.805,8986781
2026-07-29 13:30:00,WMT,113.8,114.69,113.66,114.23,9390618
2026-07-30 09:30:00,WMT,112.0,113.0259,110.45,110.6,13722139
2026-07-30 13:30:00,WMT,110.595,111.23,110.435,111.09,7803071
2026-07-31 09:30:00,WMT,110.78,111.9,109.9,111.1113,10479463
2026-07-31 13:30:00,WMT,111.11,111.7,110.88,111.21,6423906
2026-08-03 09:30:00,WMT,113.1,113.29,110.155,110.4801,11347397
2026-08-03 13:30:00,WMT,110.48,110.89,110.4,110.71,6204223
2026-08-04 09:30:00,WMT,108.9,110.425,108.56,110.425,13305038
2026-08-04 13:30:00,WMT,110.44,111.68,110.36,111.55,7756751
2026-08-05 09:30:00,WMT,112.595,113.155,111.435,112.02,9434855
2026-08-05 13:30:00,WMT,112.01,112.465,111.36,112.345,6895602
2026-08-06 09:30:00,WMT,113.96,114.56,111.045,111.14,10576722
2026-08-06 13:30:00,WMT,111.145,112.1,111.12,112.072,6787134
2026-08-07 09:30:00,WMT,110.61,112.29,110.5,111.465,8476269
2026-08-07 13:30:00,WMT,111.485,112.1,111.205,111.82,4304076
2026-08-10 09:30:00,WMT,110.88,111.97,110.76,111.7351,8586579
2026-08-10 13:30:00,WMT,111.735,112.7,111.65,112.675,5434567
2026-08-11 09:30:00,WMT,112.505,113.29,112.19,112.605,6963959
2026-08-11 13:30:00,WMT,112.635,113.33,112.36,113.26,5489405
2026-08-12 09:30:00,WMT,112.375,115.6,112.28,115.48,10804120
2026-08-12 13:30:00,WMT,115.475,116.04,115.0301,116.035,6401560
2026-08-13 09:30:00,WMT,116.14,116.32,114.89,115.105,7602684
2026-08-13 13:30:00,WMT,115.11,115.83,114.805,115.73,4988175
2026-08-14 09:30:00,WMT,115.59,116.45,114.635,115.26,6694562
2026-08-14 13:30:00,WMT,115.26,115.575,115.1075,115.27,4357206
2026-08-17 09:30:00,WMT,114.022,115.175,114.022,114.64,6688522
2026-08-17 13:30:00,WMT,114.465,114.76,113.915,114.33,6180752
2026-08-18 09:30:00,WMT,116.3,116.31,114.48,115.445,9209031
2026-08-18 13:30:00,WMT,115.43,115.815,115.11,115.21,6246186
2026-08-19 09:30:00,WMT,115.19,116.87,114.6,115.79,12622767
2026-08-19 13:30:00,WMT,115.79,116.1,113.99,114.38,10490777
2026-08-20 09:30:00,WMT,106.345,106.95,102.85,103.9225,54160073
2026-08-20 13:30:00,WMT,103.925,104.29,103.0,103.83,21932301
2026-08-21 09:30:00,WMT,103.685,104.28,102.16,102.775,27179734
2026-08-21 13:30:00,WMT,102.775,103.71,102.665,103.7,11890540
2026-08-24 09:30:00,WMT,104.191,105.53,104.0,105.2012,18824988
2026-08-24 13:30:00,WMT,105.21,106.595,105.17,106.5201,10095834
2026-08-25 09:30:00,WMT,105.65,106.07,104.4,105.02,13255388
2026-08-25 13:30:00,WMT,105.02,106.49,105.02,105.385,8183635
2026-08-26 09:30:00,WMT,105.51,106.09,104.075,104.645,15495655
2026-08-26 13:30:00,WMT,104.65,104.99,104.31,104.35,6073250
2026-08-27 09:30:00,WMT,103.45,103.67,102.27,102.935,14750585
2026-08-27 13:30:00,WMT,102.94,102.96,102.46,102.62,6559565
2026-08-28 09:30:00,WMT,103.03,103.395,102.5003,102.775,9845344
2026-08-28 13:30:00,WMT,102.78,103.21,102.765,103.11,5468949
2026-08-31 09:30:00,WMT,103.08,104.76,102.84,104.41,10622325
2026-08-31 13:30:00,WMT,104.4,104.987,104.31,104.8,7547948
2026-09-01 09:30:00,WMT,105.19,106.64,104.66,106.26,11545479
2026-09-01 13:30:00,WMT,106.27,106.38,105.71,105.94,6997934
2026-09-02 09:30:00,WMT,105.97,106.49,105.46,106.11,7349699
2026-09-02 13:30:00,WMT,106.115,106.78,105.695,106.05,5722792
2026-09-03 09:30:00,WMT,106.45,109.35,106.02,109.0295,12383538
2026-09-03 13:30:00,WMT,109.03,109.13,108.35,108.45,5962633
2026-09-04 09:30:00,WMT,108.21,109.23,107.26,107.265,8992782
2026-09-04 13:30:00,WMT,107.27,107.46,106.935,107.14,5348503
2026-09-08 09:30:00,WMT,106.78,106.87,105.66,106.0802,9223367
2026-09-08 13:30:00,WMT,106.08,106.28,105.83,106.07,5067318
2026-09-09 09:30:00,WMT,105.69,106.145,105.16,105.875,6990913
2026-09-09 13:30:00,WMT,105.875,106.13,105.57,105.845,4183108
2026-09-10 09:30:00,WMT,106.17,107.155,105.76,106.03,7282417
2026-09-10 13:30:00,WMT,106.01,106.08,105.59,105.75,4560016
2026-09-11 09:30:00,WMT,106.49,106.6366,105.715,106.44,6288927
2026-09-11 13:30:00,WMT,106.445,107.21,106.41,107.125,5710833
2026-09-14 09:30:00,WMT,108.098,109.65,108.0,109.285,9272075
2026-09-14 13:30:00,WMT,109.28,109.735,108.96,109.09,7536949
2026-09-15 09:30:00,WMT,108.7025,109.24,108.201,108.585,8626825
2026-09-15 13:30:00,WMT,108.59,108.8704,107.86,108.1,5514826
2026-09-16 09:30:00,WMT,108.315,108.62,107.57,108.45,7560916
2026-09-16 13:30:00,WMT,108.45,108.675,107.45,107.52,5635673
2026-09-17 09:30:00,WMT,107.69,107.76,106.15,106.835,7304256
2026-09-17 13:30:00,WMT,106.83,106.9,106.38,106.77,5497385
2026-09-18 09:30:00,WMT,106.57,107.71,106.53,107.06,12895997
2026-09-18 13:30:00,WMT,107.06,107.67,106.67,106.698,5555016
2026-09-21 09:30:00,WMT,106.16,107.7599,106.15,107.715,7745770
2026-09-21 13:30:00,WMT,107.715,107.7199,107.325,107.455,4427397
2026-09-22 09:30:00,WMT,108.238,109.92,107.61,109.9,7806091
2026-09-22 13:30:00,WMT,109.9,110.1869,109.4601,110.12,6063940
2026-09-23 09:30:00,WMT,110.37,111.23,109.49,110.465,8015923
2026-09-23 13:30:00,WMT,110.475,110.615,110.1,110.53,4640088
2026-09-24 09:30:00,WMT,111.17,111.17,108.205,108.35,14341872
2026-09-24 13:30:00,WMT,108.3408,108.84,107.51,107.54,6771936
2026-09-25 09:30:00,WMT,107.08,107.91,106.45,107.78,9147868
2026-09-25 13:30:00,WMT,107.78,108.15,107.75,107.98,3821169
2026-09-28 09:30:00,WMT,107.9,109.415,107.27,108.58,7255158
2026-09-28 13:30:00,WMT,108.57,108.97,108.56,108.735,4811725
2026-09-29 09:30:00,WMT,107.47,107.86,105.352,106.09,11483823
2026-09-29 13:30:00,WMT,106.09,107.01,106.03,106.83,6292595
2026-09-30 09:30:00,WMT,106.97,107.03,105.31,105.45,8614949
2026-09-30 13:30:00,WMT,105.45,105.525,103.92,103.925,9926817
2026-10-01 09:30:00,WMT,104.395,105.0,103.585,104.87,8891718
2026-10-01 13:30:00,WMT,104.89,105.0937,104.17,104.29,5642060
2026-10-02 09:30:00,WMT,104.92,105.135,103.8101,104.17,9472956
2026-10-02 13:30:00,WMT,104.17,104.29,103.945,104.29,4725609
2026-10-05 09:30:00,WMT,103.84,104.85,103.39,104.835,7417413
2026-10-05 13:30:00,WMT,104.835,105.09,104.6,105.09,4372954
2026-10-06 09:30:00,WMT,104.6,106.985,104.5,106.719,9437398
2026-10-06 13:30:00,WMT,106.72,107.55,106.58,107.22,6601150
2026-10-07 09:30:00,WMT,107.585,108.8,107.4,108.075,8088588
2026-10-07 13:30:00,WMT,108.075,108.385,107.975,108.12,4045340
2026-10-08 09:30:00,WMT,108.8,111.05,108.56,110.63,9216516
2026-10-08 13:30:00,WMT,110.645,111.13,110.31,110.59,7236402
2026-05-18 09:30:00,V,324.43,331.41,323.77,331.22,2328705
2026-05-18 13:30:00,V,331.21,333.43,330.76,332.71,2034444
2026-05-19 09:30:00,V,333.33,335.17,329.75,330.56,3779092
2026-05-19 13:30:00,V,330.56,331.54,329.49,329.91,2193114
2026-05-20 09:30:00,V,329.035,330.6,326.8201,330.35,3218265
2026-05-20 13:30:00,V,330.3901,331.655,330.3,330.79,1751964
2026-05-21 09:30:00,V,329.84,332.3,327.235,332.27,2398791
2026-05-21 13:30:00,V,332.27,332.52,330.29,331.085,1754136
2026-05-22 09:30:00,V,330.52,333.43,329.13,330.39,2655604
2026-05-22 13:30:00,V,330.375,330.49,328.82,328.88,2191972
2026-05-26 09:30:00,V,326.455,328.5,324.51,326.195,3131134
2026-05-26 13:30:00,V,326.195,327.3899,325.82,326.62,1919357
2026-05-27 09:30:00,V,325.83,331.46,325.66,328.75,2875565
2026-05-27 13:30:00,V,328.72,329.53,327.555,327.61,1796356
2026-05-28 09:30:00,V,326.01,327.08,320.9,321.81,3281965
2026-05-28 13:30:00,V,321.81,325.275,321.7301,324.96,2883564
2026-05-29 09:30:00,V,325.5,331.67,325.3455,330.94,3148028
2026-05-29 13:30:00,V,330.94,331.08,326.32,326.47,2905106
2026-06-01 09:30:00,V,327.26,327.86,318.68,320.045,5347874
2026-06-01 13:30:00,V,320.09,323.02,319.715,322.77,3161191
2026-06-02 09:30:00,V,322.51,323.5,313.39,316.81,5091788
2026-06-02 13:30:00,V,316.81,317.88,316.5618,317.31,2545728
2026-06-03 09:30:00,V,317.65,317.65,309.0,313.32,4475000
2026-06-03 13:30:00,V,313.32,314.93,313.22,313.66,2296595
2026-06-04 09:30:00,V,316.79,324.76,316.7,319.84,3408348
2026-06-04 13:30:00,V,319.79,320.66,319.495,320.19,2190839
2026-06-05 09:30:00,V,322.4,324.12,320.97,323.5,2762521
2026-06-05 13:30:00,V,323.49,325.9799,323.205,323.72,2086201
2026-06-08 09:30:00,V,321.35,323.92,318.43,319.73,2732953
2026-06-08 13:30:00,V,319.74,321.87,319.2,319.74,1976769
2026-06-09 09:30:00,V,318.66,324.845,317.0,324.345,2565397
2026-06-09 13:30:00,V,324.37,325.49,323.61,324.97,2080278
2026-06-10 09:30:00,V,326.62,326.8956,320.18,321.42,2632624
2026-06-10 13:30:00,V,321.3628,325.28,320.25,322.975,2238969
2026-06-11 09:30:00,V,322.0,323.71,317.96,319.96,2776720
2026-06-11 13:30:00,V,320.02,322.04,318.825,319.06,2219181
2026-06-12 09:30:00,V,321.76,325.93,319.8,322.65,3032828
2026-06-12 13:30:00,V,322.68,322.69,320.79,322.27,1493999
2026-06-15 09:30:00,V,323.36,326.435,322.75,325.8307,2906314
2026-06-15 13:30:00,V,325.845,325.95,323.69,323.97,1799355
2026-06-16 09:30:00,V,325.69,332.48,324.3751,332.05,3479871
2026-06-16 13:30:00,V,332.08,333.26,330.7549,333.22,2691030
2026-06-17 09:30:00,V,333.5,336.8199,332.45,332.5501,2890719
2026-06-17 13:30:00,V,332.585,332.77,329.97,330.38,2264358
2026-06-18 09:30:00,V,331.0,332.33,328.04,329.38,4300860
2026-06-18 13:30:00,V,329.3401,329.47,327.0,327.31,2667812
2026-06-22 09:30:00,V,328.325,333.0,328.0001,328.81,4177838
2026-06-22 13:30:00,V,328.81,329.64,325.86,327.5,3930854
2026-06-23 09:30:00,V,328.82,331.28,328.085,330.515,3101262
2026-06-23 13:30:00,V,330.515,330.95,328.12,328.42,3567687
2026-06-24 09:30:00,V,329.0,334.8,327.215,330.695,2736143
2026-06-24 13:30:00,V,330.695,333.6401,330.66,332.32,3273822
2026-06-25 09:30:00,V,332.56,339.94,330.834,333.48,3256475
2026-06-25 13:30:00,V,333.46,335.7,330.07,330.78,2220230
2026-06-26 09:30:00,V,332.24,339.72,331.44,337.655,3827847
2026-06-26 13:30:00,V,337.655,338.65,335.01,335.01,2538731
2026-06-29 09:30:00,V,338.27,345.81,338.27,341.77,4127218
2026-06-29 13:30:00,V,341.78,342.85,341.52,341.69,2187993
2026-06-30 09:30:00,V,341.76,343.7699,339.08,342.61,2634696
2026-06-30 13:30:00,V,342.61,344.29,341.935,342.63,2207146
2026-07-01 09:30:00,V,344.56,353.36,340.98,352.3301,4878891
2026-07-01 13:30:00,V,352.365,352.48,349.5701,351.03,3265308
2026-07-02 09:30:00,V,352.51,359.898,352.51,358.88,3639721
2026-07-02 13:30:00,V,358.87,361.86,358.6775,361.58,3260183
2026-07-06 09:30:00,V,363.0,365.02,348.8501,356.555,4517325
2026-07-06 13:30:00,V,356.57,358.4,356.03,357.34,2473538
2026-07-07 09:30:00,V,348.39,356.075,346.92,350.42,4341532
2026-07-07 13:30:00,V,350.465,352.7,349.505,352.13,1713748
2026-07-08 09:30:00,V,350.295,351.6,345.69,347.14,3042249
2026-07-08 13:30:00,V,347.155,349.61,346.8401,347.48,2499724
2026-07-09 09:30:00,V,345.3,348.5,344.42,347.415,2992171
2026-07-09 13:30:00,V,347.415,348.17,346.08,348.1,1996934
2026-07-10 09:30:00,V,350.63,351.17,345.33,346.0305,1886774
2026-07-10 13:30:00,V,346.04,349.214,345.81,348.98,1488966
2026-07-13 09:30:00,V,351.73,358.55,351.05,358.165,2736083
2026-07-13 13:30:00,V,358.22,359.49,356.51,357.76,2967198
2026-07-14 09:30:00,V,355.77,359.94,353.68,358.1239,1962876
2026-07-14 13:30:00,V,358.105,358.275,355.28,356.03,1810283
2026-07-15 09:30:00,V,354.0,360.43,349.12,358.735,3736495
2026-07-15 13:30:00,V,358.68,359.04,354.91,355.22,2273236
2026-07-16 09:30:00,V,358.04,362.255,357.1101,361.78,2559492
2026-07-16 13:30:00,V,361.79,364.91,361.2,364.9,2430977
2026-07-17 09:30:00,V,363.57,364.6296,357.0,358.0,3783212
2026-07-17 13:30:00,V,358.0,359.15,357.42,358.61,1778698
2026-07-20 09:30:00,V,357.1,363.0,356.43,361.97,3248620
2026-07-20 13:30:00,V,361.97,362.53,360.12,361.04,2218070
2026-07-21 09:30:00,V,357.38,359.12,354.69,358.16,2109497
2026-07-21 13:30:00,V,358.15,358.165,355.77,355.96,1674202
2026-07-22 09:30:00,V,356.57,357.53,354.26,354.705,1482797
2026-07-22 13:30:00,V,354.74,354.84,352.27,353.43,1276136
2026-07-23 09:30:00,V,352.045,352.045,348.5,350.67,1788527
2026-07-23 13:30:00,V,350.65,351.935,349.965,351.53,1311840
2026-07-24 09:30:00,V,354.11,355.84,351.05,353.12,1586854
2026-07-24 13:30:00,V,353.135,355.74,353.0623,355.64,1894313
2026-07-27 09:30:00,V,359.35,363.66,358.25,363.03,2491836
2026-07-27 13:30:00,V,363.045,363.66,361.63,362.44,1828758
2026-07-28 09:30:00,V,365.06,369.12,362.7258,368.5499,4223447
2026-07-28 13:30:00,V,368.4501,371.16,365.77,366.89,5194445
2026-07-29 09:30:00,V,357.0,373.97,355.48,371.56,5853946
2026-07-29 13:30:00,V,371.53,371.57,366.34,369.03,3840440
2026-07-30 09:30:00,V,365.0,367.0,360.75,363.95,4511261
2026-07-30 13:30:00,V,363.95,366.91,363.23,366.225,2535192
2026-07-31 09:30:00,V,363.76,366.267,360.1,365.85,3089836
2026-07-31 13:30:00,V,365.84,366.88,365.01,366.16,1781919
2026-08-03 09:30:00,V,368.5,371.97,364.35,365.58,2748703
2026-08-03 13:30:00,V,365.57,366.81,365.37,365.7,1418180
2026-08-04 09:30:00,V,361.76,369.71,360.0864,369.54,2841785
2026-08-04 13:30:00,V,369.58,371.11,369.13,369.46,1754380
2026-08-05 09:30:00,V,372.3,372.4,366.72,368.09,2052647
2026-08-05 13:30:00,V,368.075,369.13,367.74,368.43,1286844
2026-08-06 09:30:00,V,369.57,371.0993,365.25,367.65,2193101
2026-08-06 13:30:00,V,367.68,370.53,367.68,370.455,1363657
2026-08-07 09:30:00,V,368.51,370.25,363.33,363.725,2316882
2026-08-07 13:30:00,V,363.725,364.0,361.52,362.4,1753584
2026-08-10 09:30:00,V,362.0,364.17,359.03,359.92,2298646
2026-08-10 13:30:00,V,359.915,361.49,358.87,361.27,1379211
2026-08-11 09:30:00,V,360.98,364.55,359.9689,363.3,1863479
2026-08-11 13:30:00,V,363.29,363.64,361.64,362.61,1203604
2026-08-12 09:30:00,V,361.0,363.35,358.31,359.09,1658831
2026-08-12 13:30:00,V,359.12,360.76,358.65,359.46,1154501
2026-08-13 09:30:00,V,363.7,363.7,358.71,360.8496,1363609
2026-08-13 13:30:00,V,360.8212,365.38,360.52,365.14,1772681
2026-08-14 09:30:00,V,365.89,366.8,362.76,365.19,1841145
2026-08-14 13:30:00,V,365.11,365.96,363.205,364.02,1944028
2026-08-17 09:30:00,V,362.84,363.5599,359.6,360.385,2390102
2026-08-17 13:30:00,V,360.43,361.19,358.52,358.91,2030056
2026-08-18 09:30:00,V,359.62,365.805,358.05,365.32,3586406
2026-08-18 13:30:00,V,365.25,365.91,364.03,364.385,1624359
2026-08-19 09:30:00,V,364.09,370.635,362.8958,368.67,2225443
2026-08-19 13:30:00,V,368.65,369.36,365.35,365.725,1429896
2026-08-20 09:30:00,V,365.095,368.93,363.63,367.2325,2591877
2026-08-20 13:30:00,V,367.35,367.425,365.68,366.11,1659954
2026-08-21 09:30:00,V,367.87,371.74,366.656,370.22,3020596
2026-08-21 13:30:00,V,370.235,371.8,369.42,371.04,1723253
2026-08-24 09:30:00,V,373.26,381.98,372.2143,380.09,3496322
2026-08-24 13:30:00,V,380.09,383.425,379.97,382.44,1941152
2026-08-25 09:30:00,V,381.205,383.42,380.27,382.3499,2539922
2026-08-25 13:30:00,V,382.34,384.2,381.99,384.02,1924817
2026-08-26 09:30:00,V,384.14,385.5699,381.08,383.245,1952058
2026-08-26 13:30:00,V,383.245,384.74,383.03,383.81,1489058
2026-08-27 09:30:00,V,381.14,381.7693,378.5,380.96,2117093
2026-08-27 13:30:00,V,380.945,381.3,379.0,379.61,1261208
2026-08-28 09:30:00,V,380.3,383.68,379.03,381.805,2358615
2026-08-28 13:30:00,V,381.77,382.69,380.92,381.58,1071105
2026-08-31 09:30:00,V,381.35,382.48,378.8,380.71,1619322
2026-08-31 13:30:00,V,380.675,381.18,378.85,379.49,1454475
2026-09-01 09:30:00,V,379.65,380.75,375.17,375.38,2050969
2026-09-01 13:30:00,V,375.38,375.89,372.22,372.71,1392896
2026-09-02 09:30:00,V,374.01,380.1,374.01,378.12,1910124
2026-09-02 13:30:00,V,378.1,380.17,377.78,378.57,1663829
2026-09-03 09:30:00,V,380.17,382.21,376.8611,377.0711,1565461
2026-09-03 13:30:00,V,377.14,379.65,377.09,378.74,1359568
2026-09-04 09:30:00,V,374.89,377.5,373.64,376.1629,1364506
2026-09-04 13:30:00,V,376.16,376.205,373.89,375.01,1125166
2026-09-08 09:30:00,V,371.6,373.5,367.44,367.76,2166155
2026-09-08 13:30:00,V,367.74,369.74,367.61,368.83,1558256
2026-09-09 09:30:00,V,368.45,369.48,365.88,369.335,1904262
2026-09-09 13:30:00,V,369.31,369.325,367.0,367.58,1500136
2026-09-10 09:30:00,V,366.4,368.0,365.52,366.61,1699274
2026-09-10 13:30:00,V,366.6464,367.63,366.0608,367.21,1185242
2026-09-11 09:30:00,V,368.92,371.75,367.98,371.18,1350092
2026-09-11 13:30:00,V,371.19,371.8125,370.39,370.5,1168109
2026-09-14 09:30:00,V,375.07,377.17,373.99,376.08,2101511
2026-09-14 13:30:00,V,376.08,376.4798,371.67,375.32,2246976
2026-09-15 09:30:00,V,374.815,376.085,372.82,374.93,1936043
2026-09-15 13:30:00,V,374.96,376.37,374.71,375.7,1557005
2026-09-16 09:30:00,V,374.96,376.4746,370.39,371.66,2339551
2026-09-16 13:30:00,V,371.69,372.2,368.12,370.94,2180429
2026-09-17 09:30:00,V,371.375,372.27,368.39,371.54,1636442
2026-09-17 13:30:00,V,371.55,372.48,369.59,369.935,1439842
2026-09-18 09:30:00,V,368.56,370.34,367.09,369.63,2671653
2026-09-18 13:30:00,V,369.64,370.8,366.9317,367.61,2832507
2026-09-21 09:30:00,V,369.54,370.9,366.09,368.36,1932378
2026-09-21 13:30:00,V,368.31,370.604,367.1201,369.94,1704178
2026-09-22 09:30:00,V,371.91,372.0,359.8,363.57,2858746
2026-09-22 13:30:00,V,363.5973,364.19,361.75,362.14,2341021
2026-09-23 09:30:00,V,361.24,366.33,360.0,362.245,2204613
2026-09-23 13:30:00,V,362.245,362.55,360.8,361.56,1566388
2026-09-24 09:30:00,V,362.27,368.21,362.0,365.6,2057696
2026-09-24 13:30:00,V,365.64,368.09,365.55,367.82,1377768
2026-09-25 09:30:00,V,366.02,368.3347,363.79,367.595,2032078
2026-09-25 13:30:00,V,367.61,368.205,366.5401,367.3,1436206
2026-09-28 09:30:00,V,366.7,370.5,366.0604,369.09,2362464
2026-09-28 13:30:00,V,369.0,369.73,367.58,367.82,1738518
2026-09-29 09:30:00,V,366.93,368.26,365.0,366.88,1922918
2026-09-29 13:30:00,V,366.94,367.98,365.84,366.02,1462333
2026-09-30 09:30:00,V,364.5,364.6,359.61,359.835,2255371
2026-09-30 13:30:00,V,359.835,361.75,359.42,359.42,2145887
2026-10-01 09:30:00,V,358.35,363.239,357.355,358.62,2147616
2026-10-01 13:30:00,V,358.63,360.78,358.561,359.97,1309941
2026-10-02 09:30:00,V,360.21,361.12,356.75,360.825,1718514
2026-10-02 13:30:00,V,360.91,361.38,360.35,360.72,1050020
2026-10-05 09:30:00,V,359.49,368.483,359.05,368.37,1772059
2026-10-05 13:30:00,V,368.37,370.165,367.2272,369.82,1433539
2026-10-06 09:30:00,V,368.79,371.84,368.15,369.625,1834155
2026-10-06 13:30:00,V,369.64,371.12,369.4483,370.64,935879
2026-10-07 09:30:00,V,369.72,374.12,369.6,373.6922,1721270
2026-10-07 13:30:00,V,373.66,374.6185,371.76,372.04,1252626
2026-10-08 09:30:00,V,371.4,379.43,370.3748,378.85,2041346
2026-10-08 13:30:00,V,378.875,379.99,371.785,375.12,3212478
2026-05-18 09:30:00,MA,491.49,502.4,490.95,502.14,1345225
2026-05-18 13:30:00,MA,502.15,506.23,501.48,505.86,1067626
2026-05-19 09:30:00,MA,507.56,512.9,499.0,500.58,1331588
2026-05-19 13:30:00,MA,500.55,502.385,498.5,499.8,1066496
2026-05-20 09:30:00,MA,493.5,496.51,490.8,495.6599,1920618
2026-05-20 13:30:00,MA,495.48,499.7,495.34,498.06,1001597
2026-05-21 09:30:00,MA,496.0,501.22,490.07,500.4985,1071471
2026-05-21 13:30:00,MA,500.425,501.38,497.66,499.34,745591
2026-05-22 09:30:00,MA,499.11,504.26,497.32,499.52,807379
2026-05-22 13:30:00,MA,499.52,499.92,497.79,498.53,549684
2026-05-26 09:30:00,MA,496.0,496.8499,492.06,493.595,892380
2026-05-26 13:30:00,MA,493.655,495.175,493.0,493.18,541320
2026-05-27 09:30:00,MA,493.01,499.35,492.51,493.99,1063009
2026-05-27 13:30:00,MA,493.87,496.11,493.87,495.49,799222
2026-05-28 09:30:00,MA,493.34,494.58,486.35,489.105,1759880
2026-05-28 13:30:00,MA,489.105,494.19,488.63,493.68,1389990
2026-05-29 09:30:00,MA,494.5,500.11,492.835,498.365,1281153
2026-05-29 13:30:00,MA,498.45,499.0,493.32,493.98,1361595
2026-06-01 09:30:00,MA,494.25,496.0,488.65,492.93,2175909
2026-06-01 13:30:00,MA,492.94,497.13,492.29,495.53,1306602
2026-06-02 09:30:00,MA,493.06,493.99,479.21,482.46,2497439
2026-06-02 13:30:00,MA,482.38,483.18,477.68,477.84,1366660
2026-06-03 09:30:00,MA,477.35,481.96,464.52,471.195,3033207
2026-06-03 13:30:00,MA,471.185,473.82,471.185,471.95,1407143
2026-06-04 09:30:00,MA,479.56,488.55,477.455,478.96,1842394
2026-06-04 13:30:00,MA,479.02,482.5,478.67,481.85,1423773
2026-06-05 09:30:00,MA,483.995,491.1344,483.995,490.35,1740053
2026-06-05 13:30:00,MA,490.27,494.0,490.15,491.21,1255049
2026-06-08 09:30:00,MA,486.76,489.52,483.7001,485.3534,1691231
2026-06-08 13:30:00,MA,485.28,486.79,484.3801,485.63,892735
2026-06-09 09:30:00,MA,483.89,495.4199,482.0,492.33,1570581
2026-06-09 13:30:00,MA,492.43,495.29,492.12,495.21,949835
2026-06-10 09:30:00,MA,497.47,498.8,486.5,488.4,1451715
2026-06-10 13:30:00,MA,488.3187,490.81,487.46,489.01,1098005
2026-06-11 09:30:00,MA,488.66,490.79,484.39,487.48,1214340
2026-06-11 13:30:00,MA,487.73,491.47,485.11,486.39,1270014
2026-06-12 09:30:00,MA,488.88,492.37,484.54,489.215,1476112
2026-06-12 13:30:00,MA,489.08,490.21,486.56,490.02,1190606
2026-06-15 09:30:00,MA,490.5,493.545,486.66,491.16,1826927
2026-06-15 13:30:00,MA,491.16,491.4207,488.17,490.7,925927
2026-06-16 09:30:00,MA,491.86,500.2499,489.51,498.295,1956873
2026-06-16 13:30:00,MA,498.295,501.49,496.5101,501.335,1050918
2026-06-17 09:30:00,MA,502.93,504.635,497.6132,497.92,901758
2026-06-17 13:30:00,MA,497.82,498.79,492.4001,493.15,1068090
2026-06-18 09:30:00,MA,494.77,495.99,488.91,490.545,2584246
2026-06-18 13:30:00,MA,490.63,491.89,489.61,489.77,816207
2026-06-22 09:30:00,MA,488.16,495.66,484.63,485.87,1281129
2026-06-22 13:30:00,MA,485.87,487.37,483.14,484.31,1248268
2026-06-23 09:30:00,MA,488.83,491.56,484.42,488.02,1564236
2026-06-23 13:30:00,MA,487.922,489.665,487.2,488.11,1405467
2026-06-24 09:30:00,MA,488.08,498.44,486.22,493.25,1159441
2026-06-24 13:30:00,MA,493.175,497.21,493.175,494.62,1060046
2026-06-25 09:30:00,MA,496.0,504.8,492.525,492.64,1273654
2026-06-25 13:30:00,MA,492.64,495.91,488.77,489.04,1078752
2026-06-26 09:30:00,MA,488.58,504.36,488.58,501.84,2004870
2026-06-26 13:30:00,MA,501.8,502.52,495.41,498.6,1814279
2026-06-29 09:30:00,MA,502.5,515.45,502.5,511.27,2264846
2026-06-29 13:30:00,MA,511.27,513.065,509.63,509.64,1357691
2026-06-30 09:30:00,MA,511.9,513.51,507.14,511.12,1171094
2026-06-30 13:30:00,MA,511.06,514.0,509.34,513.45,1279399
2026-07-01 09:30:00,MA,517.25,530.41,513.42,527.02,1556895
2026-07-01 13:30:00,MA,527.16,527.4,522.16,522.49,998491
2026-07-02 09:30:00,MA,529.73,537.27,526.07,535.23,1659784
2026-07-02 13:30:00,MA,535.19,539.63,535.01,539.29,1053536
2026-07-06 09:30:00,MA,540.74,541.89,522.68,532.735,1725295
2026-07-06 13:30:00,MA,532.88,534.94,531.97,533.31,1076313
2026-07-07 09:30:00,MA,533.84,543.645,530.0,532.365,2158338
2026-07-07 13:30:00,MA,532.35,533.87,530.33,531.69,880979
2026-07-08 09:30:00,MA,531.11,531.62,517.55,517.9,1174930
2026-07-08 13:30:00,MA,517.855,522.035,517.21,519.97,955036
2026-07-09 09:30:00,MA,518.03,523.225,515.11,521.55,832469
2026-07-09 13:30:00,MA,521.65,523.21,519.65,523.16,641436
2026-07-10 09:30:00,MA,527.26,528.94,519.65,520.01,770197
2026-07-10 13:30:00,MA,520.12,526.5,519.94,526.5,485575
2026-07-13 09:30:00,MA,530.71,539.06,530.71,538.86,1066512
2026-07-13 13:30:00,MA,538.755,539.93,536.2,537.79,833092
2026-07-14 09:30:00,MA,534.99,543.46,532.06,540.15,1491580
2026-07-14 13:30:00,MA,540.15,540.45,537.0,538.22,832546
2026-07-15 09:30:00,MA,538.54,541.235,529.08,538.04,1538183
2026-07-15 13:30:00,MA,538.045,538.265,534.79,535.36,716227
2026-07-16 09:30:00,MA,541.5,548.84,539.6852,547.89,1381435
2026-07-16 13:30:00,MA,547.79,551.68,547.0401,551.53,968493
2026-07-17 09:30:00,MA,550.5,551.72,540.2301,541.63,1462843
2026-07-17 13:30:00,MA,541.59,543.79,541.12,543.6,935628
2026-07-20 09:30:00,MA,540.0,547.91,538.014,546.85,890153
2026-07-20 13:30:00,MA,546.99,547.845,545.105,547.5,1056622
2026-07-21 09:30:00,MA,543.76,544.34,538.81,541.65,1309826
2026-07-21 13:30:00,MA,541.59,541.6,536.85,538.15,1128110
2026-07-22 09:30:00,MA,538.94,540.0,533.0,533.4218,791781
2026-07-22 13:30:00,MA,533.44,533.91,530.73,531.97,773042
2026-07-23 09:30:00,MA,527.98,529.185,523.6075,527.01,873653
2026-07-23 13:30:00,MA,527.025,530.76,526.3175,530.29,760137
2026-07-24 09:30:00,MA,531.46,537.71,529.685,534.31,830611
2026-07-24 13:30:00,MA,534.34,540.0,534.23,539.66,934279
2026-07-27 09:30:00,MA,543.18,553.89,542.024,552.36,1136228
2026-07-27 13:30:00,MA,552.36,553.5125,550.5412,551.845,815404
2026-07-28 09:30:00,MA,561.03,564.6144,557.43,560.71,1585799
2026-07-28 13:30:00,MA,560.57,563.46,560.07,562.76,942000
2026-07-29 09:30:00,MA,555.06,569.99,554.9151,567.5,1696069
2026-07-29 13:30:00,MA,567.47,567.47,562.55,563.43,1059163
2026-07-30 09:30:00,MA,577.36,582.62,567.63,578.77,2768493
2026-07-30 13:30:00,MA,578.89,579.605,573.66,577.64,1371773
2026-07-31 09:30:00,MA,567.05,575.42,563.4151,574.3088,2080882
2026-07-31 13:30:00,MA,574.285,574.5,572.055,573.18,1624832
2026-08-03 09:30:00,MA,580.0,583.7089,570.78,575.07,1643670
2026-08-03 13:30:00,MA,575.07,575.1999,570.8001,570.99,918603
2026-08-04 09:30:00,MA,566.99,573.35,564.0,571.1,1450949
2026-08-04 13:30:00,MA,571.24,573.26,570.5356,571.0,1049883
2026-08-05 09:30:00,MA,575.74,578.2625,568.6,571.03,1006994
2026-08-05 13:30:00,MA,571.01,572.92,569.56,570.48,892613
2026-08-06 09:30:00,MA,573.21,573.21,566.37,568.905,1000078
2026-08-06 13:30:00,MA,568.91,576.36,568.91,576.03,953844
2026-08-07 09:30:00,MA,572.57,572.99,562.915,563.81,1559073
2026-08-07 13:30:00,MA,563.78,564.5,561.62,562.75,904104
2026-08-10 09:30:00,MA,561.11,566.765,559.62,561.59,1131924
2026-08-10 13:30:00,MA,561.66,563.22,559.36,563.15,894964
2026-08-11 09:30:00,MA,562.71,567.63,561.11,564.655,1163369
2026-08-11 13:30:00,MA,564.655,564.95,560.0,561.57,654120
2026-08-12 09:30:00,MA,557.56,563.5499,556.06,558.25,1278097
2026-08-12 13:30:00,MA,558.31,561.61,557.79,559.81,911396
2026-08-13 09:30:00,MA,565.61,565.74,557.7,561.675,921371
2026-08-13 13:30:00,MA,561.65,568.275,561.02,567.18,633628
2026-08-14 09:30:00,MA,567.95,569.56,564.435,568.51,1039135
2026-08-14 13:30:00,MA,568.5,570.67,567.265,569.26,907577
2026-08-17 09:30:00,MA,565.24,569.27,561.71,563.615,1245119
2026-08-17 13:30:00,MA,563.615,565.16,561.2601,562.39,903217
2026-08-18 09:30:00,MA,563.87,575.91,563.18,575.33,1627125
2026-08-18 13:30:00,MA,575.46,578.5,573.77,574.38,1336146
2026-08-19 09:30:00,MA,571.5,582.9269,570.3302,575.445,1546788
2026-08-19 13:30:00,MA,575.44,577.4,573.38,573.87,911343
2026-08-20 09:30:00,MA,572.07,579.61,571.8,577.63,852722
2026-08-20 13:30:00,MA,577.71,577.85,573.56,574.09,736190
2026-08-21 09:30:00,MA,574.55,582.275,573.0401,580.14,914747
2026-08-21 13:30:00,MA,580.28,580.77,578.02,580.62,799597
2026-08-24 09:30:00,MA,585.0,598.61,584.2162,595.63,1758229
2026-08-24 13:30:00,MA,595.49,599.99,595.27,599.83,908944
2026-08-25 09:30:00,MA,596.87,601.23,595.35,598.145,1455159
2026-08-25 13:30:00,MA,598.09,599.85,596.74,599.29,934579
2026-08-26 09:30:00,MA,599.37,600.49,594.71,597.77,1378556
2026-08-26 13:30:00,MA,597.705,599.9,597.4,598.46,826937
2026-08-27 09:30:00,MA,593.76,594.01,588.1101,591.89,997223
2026-08-27 13:30:00,MA,591.82,592.8275,590.89,591.64,938212
2026-08-28 09:30:00,MA,593.95,598.02,592.0825,595.37,756755
2026-08-28 13:30:00,MA,595.31,596.4,594.52,595.215,572397
2026-08-31 09:30:00,MA,593.54,595.1793,589.55,592.685,668004
2026-08-31 13:30:00,MA,592.685,593.03,588.38,589.4,1111390
2026-09-01 09:30:00,MA,589.875,592.64,584.6,584.81,960929
2026-09-01 13:30:00,MA,585.1,586.17,580.88,581.19,885617
2026-09-02 09:30:00,MA,584.0,590.71,583.695,587.99,963496
2026-09-02 13:30:00,MA,588.035,590.51,587.5,588.19,735992
2026-09-03 09:30:00,MA,590.69,592.97,583.81,584.195,1004838
2026-09-03 13:30:00,MA,584.21,586.69,584.12,585.62,618949
2026-09-04 09:30:00,MA,580.73,584.4999,578.71,582.1,709948
2026-09-04 13:30:00,MA,582.035,582.16,578.75,579.16,523035
2026-09-08 09:30:00,MA,572.67,575.67,567.01,567.525,951065
2026-09-08 13:30:00,MA,567.52,571.35,567.37,570.945,749679
2026-09-09 09:30:00,MA,569.0,570.84,565.73,570.435,712068
2026-09-09 13:30:00,MA,570.4101,570.5899,567.5,567.63,515607
2026-09-10 09:30:00,MA,565.0,568.7312,563.17,564.06,680229
2026-09-10 13:30:00,MA,564.285,565.83,563.51,565.38,519274
2026-09-11 09:30:00,MA,568.88,572.5121,564.245,569.775,671777
2026-09-11 13:30:00,MA,569.75,572.68,569.15,569.19,729391
2026-09-14 09:30:00,MA,575.72,578.9,573.92,574.8,859004
2026-09-14 13:30:00,MA,574.8,575.55,565.96,574.45,1032044
2026-09-15 09:30:00,MA,571.48,574.0,567.305,571.31,774900
2026-09-15 13:30:00,MA,571.36,573.32,571.08,573.3,720110
2026-09-16 09:30:00,MA,571.59,573.04,567.61,569.98,705282
2026-09-16 13:30:00,MA,569.995,570.53,565.32,568.43,1003651
2026-09-17 09:30:00,MA,568.07,569.86,564.07,568.58,792121
2026-09-17 13:30:00,MA,568.59,569.36,565.51,565.74,586286
2026-09-18 09:30:00,MA,564.95,568.05,561.9,566.145,1043828
2026-09-18 13:30:00,MA,566.0802,568.43,564.02,565.06,821253
2026-09-21 09:30:00,MA,567.11,568.22,562.36,565.08,814486
2026-09-21 13:30:00,MA,565.185,568.87,564.41,567.66,934379
2026-09-22 09:30:00,MA,571.18,571.35,553.115,559.49,1662460
2026-09-22 13:30:00,MA,559.46,559.78,555.9,556.69,1061782
2026-09-23 09:30:00,MA,555.78,565.75,554.0,559.56,1222261
2026-09-23 13:30:00,MA,559.62,560.76,558.74,559.95,925670
2026-09-24 09:30:00,MA,561.0,568.18,559.68,560.785,959860
2026-09-24 13:30:00,MA,560.83,566.055,560.7124,565.91,691189
2026-09-25 09:30:00,MA,567.08,568.21,562.29,567.68,878877
2026-09-25 13:30:00,MA,567.68,568.78,566.58,567.8,748806
2026-09-28 09:30:00,MA,566.28,569.57,563.5,568.065,677338
2026-09-28 13:30:00,MA,568.065,569.18,566.905,568.34,655915
2026-09-29 09:30:00,MA,564.0,566.9899,561.3,564.27,810650
2026-09-29 13:30:00,MA,564.365,566.28,563.48,563.66,684081
2026-09-30 09:30:00,MA,562.26,563.0,554.085,554.4,1240343
2026-09-30 13:30:00,MA,554.4,556.79,551.43,551.44,1125351
2026-10-01 09:30:00,MA,551.0,557.2,546.12,549.12,1211325
2026-10-01 13:30:00,MA,549.23,552.55,548.471,550.5,929925
2026-10-02 09:30:00,MA,551.32,553.46,545.405,553.18,1036409
2026-10-02 13:30:00,MA,553.325,554.68,552.24,552.39,726939
2026-10-05 09:30:00,MA,552.04,563.99,551.15,563.81,1070830
2026-10-05 13:30:00,MA,563.75,565.87,562.7101,564.94,815990
2026-10-06 09:30:00,MA,563.5,568.925,562.14,564.125,915670
2026-10-06 13:30:00,MA,564.16,567.26,563.8,566.71,627415
2026-10-07 09:30:00,MA,567.49,573.4,567.0,572.69,943952
2026-10-07 13:30:00,MA,572.72,573.71,569.19,570.0,568236
2026-10-08 09:30:00,MA,568.49,581.17,568.49,580.53,1376195
2026-10-08 13:30:00,MA,580.65,581.59,571.09,574.6,1391315
2026-05-18 09:30:00,NVDA,229.82,230.0,219.6402,221.48,92198697
2026-05-18 13:30:00,NVDA,221.47,222.35,218.37,222.35,38427066
2026-05-19 09:30:00,NVDA,219.735,224.48,217.91,223.345,78092839
2026-05-19 13:30:00,NVDA,223.3101,224.13,219.0,220.63,36808858
2026-05-20 09:30:00,NVDA,223.1,226.13,220.495,224.92,84630083
2026-05-20 13:30:00,NVDA,224.92,225.16,222.0307,223.435,43469820
2026-05-21 09:30:00,NVDA,222.2,227.3999,217.93,221.1199,138920197
2026-05-21 13:30:00,NVDA,221.11,221.85,218.62,219.5,45491212
2026-05-22 09:30:00,NVDA,220.904,221.01,215.16,218.24,97246219
2026-05-22 13:30:00,NVDA,218.2402,218.29,214.86,215.25,51509760
2026-05-26 09:30:00,NVDA,216.5775,218.18,212.0,213.643,106166505
2026-05-26 13:30:00,NVDA,213.64,214.86,212.84,214.83,38226260
2026-05-27 09:30:00,NVDA,214.12,214.14,208.78,211.97,100310379
2026-05-27 13:30:00,NVDA,211.97,213.32,211.8,212.58,35628139
2026-05-28 09:30:00,NVDA,211.275,214.29,211.222,213.23,74164247
2026-05-28 13:30:00,NVDA,213.246,215.5191,212.93,214.3,35974091
2026-05-29 09:30:00,NVDA,214.45,217.52,212.81,216.28,83627052
2026-05-29 13:30:00,NVDA,216.29,217.8599,211.13,211.15,64774194
2026-06-01 09:30:00,NVDA,215.78,222.4,215.705,221.96,126994103
2026-06-01 13:30:00,NVDA,221.96,224.87,221.53,224.42,52534695
2026-06-02 09:30:00,NVDA,227.19,232.28,223.86,224.1601,123311459
2026-06-02 13:30:00,NVDA,224.1617,224.21,221.35,222.82,41546448
2026-06-03 09:30:00,NVDA,221.685,222.82,214.58,215.765,99761058
2026-06-03 13:30:00,NVDA,215.775,216.6986,214.52,214.835,36460305
2026-06-04 09:30:00,NVDA,213.905,219.4699,210.97,218.8501,102283095
2026-06-04 13:30:00,NVDA,218.86,221.6,214.75,218.715,42795698
2026-06-05 09:30:00,NVDA,214.43,214.87,206.64,207.745,114155050
2026-06-05 13:30:00,NVDA,207.695,208.97,204.34,205.105,66582718
2026-06-08 09:30:00,NVDA,210.18,210.3899,206.0,208.61,85098826
2026-06-08 13:30:00,NVDA,208.59,209.62,207.37,208.61,27940169
2026-06-09 09:30:00,NVDA,210.615,211.39,199.34,203.9,108960153
2026-06-09 13:30:00,NVDA,203.9,208.28,203.67,208.19,47857570
2026-06-10 09:30:00,NVDA,204.425,207.22,201.61,202.51,89515359
2026-06-10 13:30:00,NVDA,202.52,203.46,199.92,200.34,45225030
2026-06-11 09:30:00,NVDA,201.395,203.65,199.54,202.81,72134558
2026-06-11 13:30:00,NVDA,202.825,205.66,201.64,204.67,53073424
2026-06-12 09:30:00,NVDA,204.73,207.07,203.4385,205.03,66262262
2026-06-12 13:30:00,NVDA,205.0695,205.55,203.91,205.13,28306791
2026-06-15 09:30:00,NVDA,208.855,212.7107,208.34,212.53,77537658
2026-06-15 13:30:00,NVDA,212.52,212.65,211.29,212.46,30709224
2026-06-16 09:30:00,NVDA,211.115,211.46,208.28,209.1,66265879
2026-06-16 13:30:00,NVDA,209.095,209.82,207.29,207.29,27908167
2026-06-17 09:30:00,NVDA,208.53,209.21,205.92,207.364,54623407
2026-06-17 13:30:00,NVDA,207.38,207.91,203.45,204.678,44824460
2026-06-18 09:30:00,NVDA,207.275,211.2,206.5,210.06,95753436
2026-06-18 13:30:00,NVDA,210.065,211.39,209.52,210.23,37253752
2026-06-22 09:30:00,NVDA,211.445,213.99,208.62,208.99,70394903
2026-06-22 13:30:00,NVDA,208.992,209.27,207.72,208.56,27771017
2026-06-23 09:30:00,NVDA,200.805,203.77,200.04,202.51,74096016
2026-06-23 13:30:00,NVDA,202.5,202.62,200.0,200.021,36506682
2026-06-24 09:30:00,NVDA,200.07,201.65,197.86,197.96,60932991
2026-06-24 13:30:00,NVDA,197.979,199.23,196.58,199.09,44657067
2026-06-25 09:30:00,NVDA,199.965,200.31,192.13,195.395,84823526
2026-06-25 13:30:00,NVDA,195.4,195.96,193.7033,195.74,35810452
2026-06-26 09:30:00,NVDA,193.105,195.25,191.22,195.035,67192371
2026-06-26 13:30:00,NVDA,195.035,195.55,191.71,191.72,41220940
2026-06-29 09:30:00,NVDA,192.125,196.17,189.8,194.67,83084655
2026-06-29 13:30:00,NVDA,194.67,195.18,193.69,194.9,31413446
2026-06-30 09:30:00,NVDA,197.195,199.0599,195.11,198.21,62001392
2026-06-30 13:30:00,NVDA,198.21,200.63,198.06,199.77,46191672
2026-07-01 09:30:00,NVDA,196.17,198.48,193.45,198.205,74204890
2026-07-01 13:30:00,NVDA,198.2,199.85,197.23,197.58,41237967
2026-07-02 09:30:00,NVDA,197.15,200.055,192.762,193.05,73515308
2026-07-02 13:30:00,NVDA,193.045,195.0,192.35,194.62,37589575
2026-07-06 09:30:00,NVDA,194.39,197.55,194.0,195.97,53294865
2026-07-06 13:30:00,NVDA,195.97,197.14,195.42,195.575,26984266
2026-07-07 09:30:00,NVDA,192.37,198.41,191.15,197.44,76790416
2026-07-07 13:30:00,NVDA,197.43,198.25,195.47,196.93,30442632
2026-07-08 09:30:00,NVDA,195.13,203.129,195.105,203.08,76059323
2026-07-08 13:30:00,NVDA,203.09,205.15,201.9,204.15,48334196
2026-07-09 09:30:00,NVDA,204.46,204.46,198.97,202.83,78010074
2026-07-09 13:30:00,NVDA,202.83,204.58,202.59,202.73,31040485
2026-07-10 09:30:00,NVDA,201.92,210.56,201.92,210.19,89818004
2026-07-10 13:30:00,NVDA,210.19,211.0,209.56,210.95,40318407
2026-07-13 09:30:00,NVDA,208.54,210.57,203.84,204.24,65229634
2026-07-13 13:30:00,NVDA,204.25,204.5,203.35,203.48,31779901
2026-07-14 09:30:00,NVDA,208.2,211.52,203.8,211.03,67447589
2026-07-14 13:30:00,NVDA,211.03,212.54,210.51,211.8,34761321
2026-07-15 09:30:00,NVDA,212.01,213.81,206.04,209.03,67865947
2026-07-15 13:30:00,NVDA,209.03,212.5693,208.86,212.49,33323521
2026-07-16 09:30:00,NVDA,210.265,212.5,205.85,207.3226,62463070
2026-07-16 13:30:00,NVDA,207.33,207.66,205.875,207.47,36029546
2026-07-17 09:30:00,NVDA,202.4,206.645,197.97,206.135,94682783
2026-07-17 13:30:00,NVDA,206.14,206.23,201.6301,202.64,32074585
2026-07-20 09:30:00,NVDA,206.038,207.74,203.0426,203.79,48169745
2026-07-20 13:30:00,NVDA,203.79,205.015,202.28,203.37,23735807
2026-07-21 09:30:00,NVDA,207.54,208.65,204.0101,206.125,61579703
2026-07-21 13:30:00,NVDA,206.125,207.8201,205.7112,207.18,28078910
2026-07-22 09:30:00,NVDA,205.805,214.39,204.95,213.76,80332687
2026-07-22 13:30:00,NVDA,213.77,214.3799,211.72,212.0599,34959025
2026-07-23 09:30:00,NVDA,209.395,210.8687,205.96,210.13,60438722
2026-07-23 13:30:00,NVDA,210.135,210.2,206.89,208.7,27314023
2026-07-24 09:30:00,NVDA,207.56,211.9099,205.67,210.25,58988424
2026-07-24 13:30:00,NVDA,210.27,210.53,204.81,206.96,39080291
2026-07-27 09:30:00,NVDA,208.11,208.75,195.44,195.57,93269238
2026-07-27 13:30:00,NVDA,195.58,198.02,195.5,196.52,36649588
2026-07-28 09:30:00,NVDA,194.95,198.7,192.74,197.7,81749074
2026-07-28 13:30:00,NVDA,197.6901,198.15,196.5331,196.95,30649356
2026-07-29 09:30:00,NVDA,195.845,197.074,190.682,192.1695,67676783
2026-07-29 13:30:00,NVDA,192.1101,196.3299,190.02,190.06,50531301
2026-07-30 09:30:00,NVDA,193.45,197.25,191.52,193.62,127392499
2026-07-30 13:30:00,NVDA,193.6,195.3255,193.0601,195.15,29921897
2026-07-31 09:30:00,NVDA,198.4405,200.09,194.95,199.255,63685592
2026-07-31 13:30:00,NVDA,199.255,201.97,198.26,200.81,45321594
2026-08-03 09:30:00,NVDA,197.73,208.6799,196.851,208.595,73551747
2026-08-03 13:30:00,NVDA,208.6,208.74,205.92,206.69,32373732
2026-08-04 09:30:00,NVDA,211.49,212.1709,209.05,211.46,63550397
2026-08-04 13:30:00,NVDA,211.4699,213.06,211.04,211.84,37786085
2026-08-05 09:30:00,NVDA,216.86,222.22,216.4,221.05,98333791
2026-08-05 13:30:00,NVDA,221.06,222.18,218.85,219.2,39913457
2026-08-06 09:30:00,NVDA,221.53,223.6275,217.27,218.96,70671956
2026-08-06 13:30:00,NVDA,218.98,220.91,217.39,218.99,27571268
2026-08-07 09:30:00,NVDA,221.18,224.76,220.66,221.825,61844139
2026-08-07 13:30:00,NVDA,221.825,224.21,221.68,223.98,25833101
2026-08-10 09:30:00,NVDA,223.5,224.1379,216.77,218.4981,68664028
2026-08-10 13:30:00,NVDA,218.4899,219.45,217.37,217.56,26808714
2026-08-11 09:30:00,NVDA,222.15,222.2,216.72,217.2851,56379507
2026-08-11 13:30:00,NVDA,217.285,218.18,216.3,217.48,25691835
2026-08-12 09:30:00,NVDA,221.04,225.1,220.2,224.1001,66255293
2026-08-12 13:30:00,NVDA,224.0905,224.45,222.23,224.13,25509768
2026-08-13 09:30:00,NVDA,225.055,227.23,223.71,225.345,57488141
2026-08-13 13:30:00,NVDA,225.345,226.24,224.85,225.37,24740140
2026-08-14 09:30:00,NVDA,226.8,227.49,224.5,225.12,43201485
2026-08-14 13:30:00,NVDA,225.12,226.5,224.56,225.16,31940534
2026-08-17 09:30:00,NVDA,226.02,227.92,225.03,225.92,51285504
2026-08-17 13:30:00,NVDA,225.91,226.28,224.86,225.05,20367631
2026-08-18 09:30:00,NVDA,220.45,221.64,218.6902,220.33,56071370
2026-08-18 13:30:00,NVDA,220.31,220.51,218.92,219.8,26421438
2026-08-19 09:30:00,NVDA,221.67,222.87,216.76,218.9814,53168277
2026-08-19 13:30:00,NVDA,219.03,219.99,217.04,217.65,24300155
2026-08-20 09:30:00,NVDA,218.36,219.86,215.66,216.295,47252329
2026-08-20 13:30:00,NVDA,216.3,217.46,216.18,217.05,19784909
2026-08-21 09:30:00,NVDA,218.42,218.74,214.5,215.08,60339301
2026-08-21 13:30:00,NVDA,215.085,216.1268,214.57,214.75,22247217
2026-08-24 09:30:00,NVDA,215.38,215.59,208.62,209.2723,70103558
2026-08-24 13:30:00,NVDA,209.28,210.48,207.37,208.46,32071882
2026-08-25 09:30:00,NVDA,211.025,214.7291,210.11,212.26,67232776
2026-08-25 13:30:00,NVDA,212.27,213.435,208.48,212.98,25229537
2026-08-26 09:30:00,NVDA,212.42,213.6,209.47,210.065,58699502
2026-08-26 13:30:00,NVDA,210.06,211.33,209.23,209.95,44241092
2026-08-27 09:30:00,NVDA,222.585,230.47,220.9,229.2495,200338343
2026-08-27 13:30:00,NVDA,229.24,229.6,225.35,228.05,63395640
2026-08-28 09:30:00,NVDA,227.33,229.26,217.89,218.69,116298538
2026-08-28 13:30:00,NVDA,218.7,219.83,216.81,217.54,51128573
2026-08-31 09:30:00,NVDA,218.651,220.6,216.21,219.37,59037665
2026-08-31 13:30:00,NVDA,219.36,221.3,217.71,220.88,33833418
2026-09-01 09:30:00,NVDA,216.61,220.41,215.1,218.3597,59547500
2026-09-01 13:30:00,NVDA,218.345,218.6,216.3501,217.54,26305909
2026-09-02 09:30:00,NVDA,219.64,227.95,218.48,225.5072,103311881
2026-09-02 13:30:00,NVDA,225.5199,225.57,223.7301,224.4,31682213
2026-09-03 09:30:00,NVDA,226.02,229.07,224.75,227.44,70795758
2026-09-03 13:30:00,NVDA,227.4401,230.4,227.4,228.4,44096086
2026-09-04 09:30:00,NVDA,230.1875,234.76,229.82,230.75,87695261
2026-09-04 13:30:00,NVDA,230.74,231.09,229.63,230.345,28454042
2026-09-08 09:30:00,NVDA,233.21,233.71,225.46,225.65,73171372
2026-09-08 13:30:00,NVDA,225.67,226.3999,224.85,225.75,27202457
2026-09-09 09:30:00,NVDA,225.5899,226.18,223.51,224.27,47284097
2026-09-09 13:30:00,NVDA,224.27,224.42,223.46,223.7,19763056
2026-09-10 09:30:00,NVDA,220.485,220.99,217.2,218.69,61519557
2026-09-10 13:30:00,NVDA,218.685,218.94,217.69,218.38,23097331
2026-09-11 09:30:00,NVDA,221.25,222.0,218.65,219.25,52839434
2026-09-11 13:30:00,NVDA,219.256,220.01,218.15,218.2,19752162
2026-09-14 09:30:00,NVDA,211.08,212.59,208.93,212.58,126534064
2026-09-14 13:30:00,NVDA,212.59,212.77,210.79,210.89,31190401
2026-09-15 09:30:00,NVDA,213.09,213.94,211.16,211.33,48972779
2026-09-15 13:30:00,NVDA,211.3399,212.33,211.33,212.17,17751756
2026-09-16 09:30:00,NVDA,213.72,216.76,213.31,215.44,45332293
2026-09-16 13:30:00,NVDA,215.45,216.445,212.5,213.91,33753145
2026-09-17 09:30:00,NVDA,218.388,219.87,217.145,218.895,51322691
2026-09-17 13:30:00,NVDA,218.9,219.9,218.76,219.4,20758614
2026-09-18 09:30:00,NVDA,219.25,220.89,218.04,220.0,63332761
2026-09-18 13:30:00,NVDA,220.0,222.73,219.28,222.065,33109337
2026-09-21 09:30:00,NVDA,222.935,227.24,221.56,227.2,59242009
2026-09-21 13:30:00,NVDA,227.19,228.5,226.7533,227.25,28534248
2026-09-22 09:30:00,NVDA,227.8932,229.98,226.5,229.47,49235608
2026-09-22 13:30:00,NVDA,229.47,229.92,228.6,228.83,21933338
2026-09-23 09:30:00,NVDA,228.08,228.95,224.02,224.45,47100175
2026-09-23 13:30:00,NVDA,224.4455,225.8,224.3701,225.51,18974761
2026-09-24 09:30:00,NVDA,222.116,224.63,221.0908,224.13,40177277
2026-09-24 13:30:00,NVDA,224.115,224.9,223.32,224.54,20293220
2026-09-25 09:30:00,NVDA,225.15,226.94,223.1329,225.06,47402763
2026-09-25 13:30:00,NVDA,225.06,225.5299,223.55,225.08,23943699
2026-09-28 09:30:00,NVDA,229.7,233.21,228.465,230.0537,95072609
2026-09-28 13:30:00,NVDA,230.069,230.62,228.04,228.88,28796178
2026-09-29 09:30:00,NVDA,230.92,232.82,228.822,229.22,55029940
2026-09-29 13:30:00,NVDA,229.2299,229.275,227.025,227.3,26480615
2026-09-30 09:30:00,NVDA,229.0,232.37,228.8,230.2,52065102
2026-09-30 13:30:00,NVDA,230.19,230.9,228.19,228.29,30958219
2026-10-01 09:30:00,NVDA,229.95,231.91,228.16,230.84,54065226
2026-10-01 13:30:00,NVDA,230.85,232.285,230.1404,230.96,27276247
2026-10-02 09:30:00,NVDA,235.34,237.87,234.19,234.3,93151557
2026-10-02 13:30:00,NVDA,234.3,234.87,233.6,233.99,23965213
2026-10-05 09:30:00,NVDA,236.06,237.8599,235.15,237.43,56594618
2026-10-05 13:30:00,NVDA,237.44,240.0983,237.38,239.11,44652047
2026-10-06 09:30:00,NVDA,242.08,243.37,239.6,239.955,59749519
2026-10-06 13:30:00,NVDA,239.95,240.62,238.93,239.17,22061459
2026-10-07 09:30:00,NVDA,237.675,239.08,236.64,237.2199,45487391
2026-10-07 13:30:00,NVDA,237.22,238.1,236.38,237.36,21730979
2026-10-08 09:30:00,NVDA,234.93,237.07,229.85,230.38,61365443
2026-10-08 13:30:00,NVDA,230.395,231.6,229.91,230.57,35853749
2026-05-18 09:30:00,AMD,428.63,438.8,411.8,418.12,18137860
2026-05-18 13:30:00,AMD,418.11,421.92,410.71,421.02,7522917
2026-05-19 09:30:00,AMD,414.09,428.75,393.36,422.55,26674404
2026-05-19 13:30:00,AMD,422.69,423.8399,411.71,414.11,7840903
2026-05-20 09:30:00,AMD,428.04,448.75,426.05,444.79,22944585
2026-05-20 13:30:00,AMD,444.9699,449.3899,443.4001,447.58,7557993
2026-05-21 09:30:00,AMD,441.99,448.0,431.62,443.6,17206823
2026-05-21 13:30:00,AMD,443.585,451.12,441.87,449.59,7695367
2026-05-22 09:30:00,AMD,469.84,481.37,461.71,471.65,23751393
2026-05-22 13:30:00,AMD,471.7,474.85,466.1,467.51,10766930
2026-05-26 09:30:00,AMD,484.706,497.84,480.23,497.2451,21913314
2026-05-26 13:30:00,AMD,497.28,506.96,495.4,503.62,11760562
2026-05-27 09:30:00,AMD,508.0,510.21,486.6603,494.31,19659614
2026-05-27 13:30:00,AMD,494.28,498.88,492.5201,495.75,5214978
2026-05-28 09:30:00,AMD,498.67,527.1999,493.52,518.73,22307979
2026-05-28 13:30:00,AMD,518.82,521.4,516.6,518.14,6331464
2026-05-29 09:30:00,AMD,520.43,522.0,503.6,504.42,13474880
2026-05-29 13:30:00,AMD,504.54,516.8,503.43,516.4,8289384
2026-06-01 09:30:00,AMD,500.355,517.5,486.8,512.19,24632059
2026-06-01 13:30:00,AMD,512.34,515.85,508.96,510.02,6269344
2026-06-02 09:30:00,AMD,506.3,519.94,501.22,512.2216,14138239
2026-06-02 13:30:00,AMD,512.2203,522.49,511.22,521.41,5743886
2026-06-03 09:30:00,AMD,533.82,544.04,524.3001,534.71,18223521
2026-06-03 13:30:00,AMD,534.5,546.44,532.73,542.4339,8182880
2026-06-04 09:30:00,AMD,515.11,526.47,499.8701,524.69,19367566
2026-06-04 13:30:00,AMD,524.76,542.52,522.49,523.19,6838363
2026-06-05 09:30:00,AMD,499.12,505.62,470.75,474.95,24078247
2026-06-05 13:30:00,AMD,474.9988,478.51,463.97,466.3761,16154286
2026-06-08 09:30:00,AMD,485.03,494.3,477.71,490.74,15888399
2026-06-08 13:30:00,AMD,490.785,494.97,486.1701,490.12,5294933
2026-06-09 09:30:00,AMD,503.445,504.56,437.23,458.2301,23717520
2026-06-09 13:30:00,AMD,458.26,475.64,455.36,475.5,10510224
2026-06-10 09:30:00,AMD,467.97,477.4499,451.4101,453.31,15876673
2026-06-10 13:30:00,AMD,453.86,459.61,448.33,451.67,7638576
2026-06-11 09:30:00,AMD,461.6,480.09,458.02,470.0,14660967
2026-06-11 13:30:00,AMD,470.31,490.46,470.31,488.21,9713085
2026-06-12 09:30:00,AMD,499.685,519.88,494.0,519.325,20560177
2026-06-12 13:30:00,AMD,519.49,521.69,510.245,511.12,8274368
2026-06-15 09:30:00,AMD,535.75,558.37,530.5,548.485,18258541
2026-06-15 13:30:00,AMD,548.485,550.92,543.523,547.26,13375782
2026-06-16 09:30:00,AMD,546.89,548.95,515.5033,520.69,15317277
2026-06-16 13:30:00,AMD,520.58,522.91,507.27,507.29,7651361
2026-06-17 09:30:00,AMD,529.71,529.85,507.3008,525.155,13214257
2026-06-17 13:30:00,AMD,525.2399,532.5,511.0,512.06,10234380
2026-06-18 09:30:00,AMD,532.395,539.6199,526.315,533.83,18146745
2026-06-18 13:30:00,AMD,533.83,539.66,529.1802,536.83,7444144
2026-06-22 09:30:00,AMD,545.5,562.9899,535.7101,543.4044,15139227
2026-06-22 13:30:00,AMD,543.51,552.05,542.6,551.68,5470045
2026-06-23 09:30:00,AMD,508.58,528.489,506.81,524.055,15074404
2026-06-23 13:30:00,AMD,524.0551,524.4999,513.59,520.01,7388615
2026-06-24 09:30:00,AMD,521.092,524.96,508.2,508.82,12168656
2026-06-24 13:30:00,AMD,508.77,520.01,503.5,519.68,7296583
2026-06-25 09:30:00,AMD,544.08,550.88,507.0,527.785,16374092
2026-06-25 13:30:00,AMD,527.73,532.82,521.1,532.59,6853150
2026-06-26 09:30:00,AMD,519.795,525.11,502.61,521.32,16266837
2026-06-26 13:30:00,AMD,521.15,524.74,513.38,519.83,9339348
2026-06-29 09:30:00,AMD,522.83,542.19,495.35,541.55,17599813
2026-06-29 13:30:00,AMD,541.31,542.17,535.08,539.56,6316975
2026-06-30 09:30:00,AMD,546.605,582.58,546.0,579.51,19104348
2026-06-30 13:30:00,AMD,579.8773,584.73,577.82,580.82,9156810
2026-07-01 09:30:00,AMD,557.53,564.09,547.0601,553.71,15032423
2026-07-01 13:30:00,AMD,553.4618,554.2244,538.74,540.89,7753261
2026-07-02 09:30:00,AMD,538.22,547.65,509.74,512.765,15464841
2026-07-02 13:30:00,AMD,512.63,518.61,506.0,518.26,7743051
2026-07-06 09:30:00,AMD,535.2,572.5,527.04,556.53,19637049
2026-07-06 13:30:00,AMD,556.502,558.95,551.4,551.95,6461519
2026-07-07 09:30:00,AMD,516.075,524.97,503.11,521.26,18265079
2026-07-07 13:30:00,AMD,521.37,523.4999,508.11,516.57,6875945
2026-07-08 09:30:00,AMD,504.805,522.98,498.15,514.71,13523443
2026-07-08 13:30:00,AMD,514.71,519.02,510.25,517.49,7719881
2026-07-09 09:30:00,AMD,537.33,559.49,535.2,549.4701,16466087
2026-07-09 13:30:00,AMD,549.79,550.45,541.27,546.66,6584486
2026-07-10 09:30:00,AMD,542.7,559.15,540.05,559.14,11608614
2026-07-10 13:30:00,AMD,559.19,560.25,552.0701,557.99,7273808
2026-07-13 09:30:00,AMD,537.57,551.87,526.9696,538.555,13635462
2026-07-13 13:30:00,AMD,538.7,540.66,532.35,534.42,5999530
2026-07-14 09:30:00,AMD,567.737,574.2,547.84,556.16,14548370
2026-07-14 13:30:00,AMD,556.13,556.61,546.77,547.64,4328957
2026-07-15 09:30:00,AMD,556.02,558.81,509.57,526.795,18225349
2026-07-15 13:30:00,AMD,526.87,532.51,524.0101,528.79,6107579
2026-07-16 09:30:00,AMD,509.33,529.14,496.05,497.78,15354401
2026-07-16 13:30:00,AMD,498.05,501.73,491.8,500.93,7673964
2026-07-17 09:30:00,AMD,477.25,505.22,460.21,504.825,20226881
2026-07-17 13:30:00,AMD,504.79,505.8795,491.81,495.5,7861090
2026-07-20 09:30:00,AMD,516.995,522.44,506.1,511.645,14914376
2026-07-20 13:30:00,AMD,511.76,517.0,502.36,503.42,6332559
2026-07-21 09:30:00,AMD,525.76,543.5,522.6001,543.2952,16556242
2026-07-21 13:30:00,AMD,543.405,548.1399,539.8,544.45,7698574
2026-07-22 09:30:00,AMD,526.875,558.42,526.875,557.0,14907236
2026-07-22 13:30:00,AMD,556.88,561.47,550.2501,552.14,6782680
2026-07-23 09:30:00,AMD,544.74,558.1599,525.0,535.915,16206567
2026-07-23 13:30:00,AMD,535.91,541.9644,531.56,539.8,6714943
2026-07-24 09:30:00,AMD,546.905,549.0,518.1485,536.045,16355331
2026-07-24 13:30:00,AMD,536.2,537.08,518.01,522.03,7850591
2026-07-27 09:30:00,AMD,527.505,528.0,476.93,479.905,20184198
2026-07-27 13:30:00,AMD,479.88,496.28,479.66,495.07,8069041
2026-07-28 09:30:00,AMD,466.002,472.75,442.27,459.05,23887105
2026-07-28 13:30:00,AMD,459.0001,465.8117,452.61,454.85,8794664
2026-07-29 09:30:00,AMD,452.0,457.22,424.0316,436.705,17858707
2026-07-29 13:30:00,AMD,436.705,453.229,428.715,429.57,11539798
2026-07-30 09:30:00,AMD,459.16,498.2,457.68,487.885,22736865
2026-07-30 13:30:00,AMD,487.885,491.96,484.5,485.585,8033730
2026-07-31 09:30:00,AMD,510.275,515.62,483.23,490.745,16614168
2026-07-31 13:30:00,AMD,490.68,493.1,475.83,476.14,6600003
2026-08-03 09:30:00,AMD,461.79,486.85,455.3,482.4901,14137103
2026-08-03 13:30:00,AMD,482.8487,490.9464,482.6,484.73,7334651
2026-08-04 09:30:00,AMD,504.24,526.66,502.2,525.77,21131195
2026-08-04 13:30:00,AMD,525.8,530.13,518.6,526.0,11537241
2026-08-05 09:30:00,AMD,484.495,502.0,478.2,486.23,34766167
2026-08-05 13:30:00,AMD,486.12,489.031,480.44,481.64,9173369
2026-08-06 09:30:00,AMD,471.145,496.7199,469.74,494.0602,16213586
2026-08-06 13:30:00,AMD,494.0,496.4,487.0,489.67,6063764
2026-08-07 09:30:00,AMD,497.94,498.82,476.06,481.4444,17217649
2026-08-07 13:30:00,AMD,481.36,483.72,477.16,483.48,6623232
2026-08-10 09:30:00,AMD,477.423,483.36,470.6879,475.1,11908822
2026-08-10 13:30:00,AMD,475.095,476.6,469.32,469.35,5526105
2026-08-11 09:30:00,AMD,466.56,474.99,463.21,466.28,9378413
2026-08-11 13:30:00,AMD,466.24,475.98,465.7,474.39,6327192
2026-08-12 09:30:00,AMD,488.8,491.6899,480.88,486.7539,11441214
2026-08-12 13:30:00,AMD,486.65,489.89,481.0,482.79,4774279
2026-08-13 09:30:00,AMD,483.055,497.98,481.0,494.12,11626445
2026-08-13 13:30:00,AMD,494.02,494.69,482.07,483.0887,5146659
2026-08-14 09:30:00,AMD,487.6,511.4717,483.2,502.8699,16063852
2026-08-14 13:30:00,AMD,502.68,514.63,502.4401,514.37,7497177
2026-08-17 09:30:00,AMD,513.805,517.3,506.3301,509.0201,12458681
2026-08-17 13:30:00,AMD,509.38,511.09,504.52,506.09,5082897
2026-08-18 09:30:00,AMD,487.56,491.81,475.0,479.6129,13133871
2026-08-18 13:30:00,AMD,479.51,485.24,475.475,484.675,6445492
2026-08-19 09:30:00,AMD,485.55,487.005,462.55,466.4,12020991
2026-08-19 13:30:00,AMD,466.63,469.0999,463.4105,466.38,4877149
2026-08-20 09:30:00,AMD,465.915,475.5299,460.5,464.01,9314171
2026-08-20 13:30:00,AMD,464.005,469.7695,461.13,469.415,3987303
2026-08-21 09:30:00,AMD,476.67,477.32,462.111,469.4413,8115265
2026-08-21 13:30:00,AMD,469.48,474.04,469.46,472.75,4716573
2026-08-24 09:30:00,AMD,467.975,468.14,451.18,458.57,8787842
2026-08-24 13:30:00,AMD,458.56,459.75,455.29,456.7607,3686853
2026-08-25 09:30:00,AMD,474.6,480.81,469.07,476.54,12082533
2026-08-25 13:30:00,AMD,476.46,481.5,456.745,479.25,5101863
2026-08-26 09:30:00,AMD,475.04,491.12,474.58,483.434,8938236
2026-08-26 13:30:00,AMD,483.43,484.35,478.91,481.01,3664311
2026-08-27 09:30:00,AMD,482.0,483.0,471.01,474.49,10080012
2026-08-27 13:30:00,AMD,474.5,477.07,469.6975,477.0,4409907
2026-08-28 09:30:00,AMD,472.52,478.75,465.47,470.99,8501547
2026-08-28 13:30:00,AMD,470.965,473.45,465.29,465.6,4225727
2026-08-31 09:30:00,AMD,472.41,475.8099,465.19,467.75,6893695
2026-08-31 13:30:00,AMD,467.765,471.8,466.8,469.95,2974893
2026-09-01 09:30:00,AMD,459.3,461.5,452.3,456.83,9457693
2026-09-01 13:30:00,AMD,456.75,460.5,453.7882,459.75,4383835
2026-09-02 09:30:00,AMD,458.34,462.21,452.37,457.3101,7555982
2026-09-02 13:30:00,AMD,457.35,457.7509,455.5,456.3,2943151
2026-09-03 09:30:00,AMD,452.7,459.77,440.5,458.075,9394391
2026-09-03 13:30:00,AMD,458.4,458.95,454.53,456.24,3260395
2026-09-04 09:30:00,AMD,462.0,477.2,458.0,473.96,12482552
2026-09-04 13:30:00,AMD,473.83,478.83,471.0,477.45,4552928
2026-09-08 09:30:00,AMD,488.88,512.3569,486.5706,510.835,17901162
2026-09-08 13:30:00,AMD,510.8786,511.8965,503.17,505.53,6848194
2026-09-09 09:30:00,AMD,507.6201,526.79,506.36,522.0401,15904864
2026-09-09 13:30:00,AMD,522.11,524.89,518.65,521.08,4724586
2026-09-10 09:30:00,AMD,508.7,516.3322,503.24,506.505,9498713
2026-09-10 13:30:00,AMD,506.425,507.3,502.92,503.48,3847942
2026-09-11 09:30:00,AMD,511.185,521.06,501.35,516.0,12153890
2026-09-11 13:30:00,AMD,516.015,518.63,514.58,516.28,4534429
2026-09-14 09:30:00,AMD,486.13,495.45,480.33,495.315,15146606
2026-09-14 13:30:00,AMD,495.345,498.39,493.12,493.261,6490292
2026-09-15 09:30:00,AMD,501.125,513.665,497.511,504.76,10891216
2026-09-15 13:30:00,AMD,504.785,505.7,502.3001,504.3,3011680
2026-09-16 09:30:00,AMD,517.25,527.25,514.16,521.92,12200421
2026-09-16 13:30:00,AMD,522.02,526.0,506.05,512.89,8129008
2026-09-17 09:30:00,AMD,533.9,551.42,527.65,547.5,18182795
2026-09-17 13:30:00,AMD,547.47,547.99,543.01,544.78,7114503
2026-09-18 09:30:00,AMD,547.56,552.95,541.54,545.43,12956606
2026-09-18 13:30:00,AMD,545.47,559.91,543.23,559.53,7530504
2026-09-21 09:30:00,AMD,583.94,615.99,582.27,606.4,29862191
2026-09-21 13:30:00,AMD,606.5275,616.68,606.32,615.36,10230712
2026-09-22 09:30:00,AMD,607.1,622.0,606.3125,616.58,16504007
2026-09-22 13:30:00,AMD,616.665,624.52,616.0,623.99,7544435
2026-09-23 09:30:00,AMD,622.15,624.6899,608.09,612.1,10511458
2026-09-23 13:30:00,AMD,612.035,615.9,611.7,614.92,3491373
2026-09-24 09:30:00,AMD,600.755,628.87,599.35,624.1999,15841967
2026-09-24 13:30:00,AMD,624.255,630.79,616.62,629.02,7140199
2026-09-25 09:30:00,AMD,635.068,638.95,625.52,629.5,12214815
2026-09-25 13:30:00,AMD,629.7,632.33,628.17,630.35,3341178
2026-09-28 09:30:00,AMD,624.895,628.765,596.07,606.18,14826433
2026-09-28 13:30:00,AMD,606.125,608.78,603.88,607.86,4195826
2026-09-29 09:30:00,AMD,616.96,624.13,607.695,612.255,10228271
2026-09-29 13:30:00,AMD,612.16,613.189,605.25,607.77,3947425
2026-09-30 09:30:00,AMD,609.33,615.17,600.1,604.8,8890067
2026-09-30 13:30:00,AMD,604.77,614.085,603.92,611.74,5321780
2026-10-01 09:30:00,AMD,611.005,618.9999,601.5,616.725,10056339
2026-10-01 13:30:00,AMD,616.94,619.28,611.51,615.64,4663893
2026-10-02 09:30:00,AMD,636.45,645.4599,628.55,629.19,13223996
2026-10-02 13:30:00,AMD,629.3628,635.8899,628.83,633.75,3732773
2026-10-05 09:30:00,AMD,630.34,633.5,620.0,630.26,7956182
2026-10-05 13:30:00,AMD,630.34,633.25,629.2,631.91,3487909
2026-10-06 09:30:00,AMD,648.04,658.52,628.0,654.87,16678025
2026-10-06 13:30:00,AMD,654.92,656.33,648.57,649.55,4324246
2026-10-07 09:30:00,AMD,634.392,648.48,633.22,645.895,12395537
2026-10-07 13:30:00,AMD,645.8951,647.98,639.93,645.83,3949953
2026-10-08 09:30:00,AMD,639.2,643.85,614.0,615.44,13155455
2026-10-08 13:30:00,AMD,615.44,621.49,613.3388,620.73,6706572
2026-05-18 09:30:00,AVGO,421.375,422.0,415.0,419.405,8795392
2026-05-18 13:30:00,AVGO,419.39,421.59,414.37,420.69,3951845
2026-05-19 09:30:00,AVGO,411.54,417.9499,405.87,414.3,10968622
2026-05-19 13:30:00,AVGO,414.2201,415.0,409.0,411.11,5554415
2026-05-20 09:30:00,AVGO,412.805,424.17,411.42,417.67,7953469
2026-05-20 13:30:00,AVGO,417.79,419.36,417.18,417.52,3874027
2026-05-21 09:30:00,AVGO,413.55,422.24,410.75,413.3,8013940
2026-05-21 13:30:00,AVGO,413.3386,415.9,410.5,414.53,4348366
2026-05-22 09:30:00,AVGO,417.49,419.78,410.21,414.38,7316882
2026-05-22 13:30:00,AVGO,414.5,414.96,411.39,414.12,3772261
2026-05-26 09:30:00,AVGO,418.72,435.31,417.0,422.26,11652240
2026-05-26 13:30:00,AVGO,422.315,424.56,421.41,421.77,4802091
2026-05-27 09:30:00,AVGO,425.0,432.8,416.5,421.61,9149324
2026-05-27 13:30:00,AVGO,421.61,424.77,419.9,421.94,4220624
2026-05-28 09:30:00,AVGO,421.14,428.29,414.015,428.0051,8909559
2026-05-28 13:30:00,AVGO,428.005,429.68,425.17,426.58,4463332
2026-05-29 09:30:00,AVGO,432.95,448.58,431.5,437.5,14143160
2026-05-29 13:30:00,AVGO,437.52,448.88,434.11,447.21,8346310
2026-06-01 09:30:00,AVGO,450.185,463.62,442.24,460.8,16913843
2026-06-01 13:30:00,AVGO,460.78,465.99,456.47,459.96,8388131
2026-06-02 09:30:00,AVGO,488.01,488.82,475.0,475.1534,20157342
2026-06-02 13:30:00,AVGO,475.13,482.86,470.459,481.54,9833097
2026-06-03 09:30:00,AVGO,494.79,495.0,472.64,484.58,19904920
2026-06-03 13:30:00,AVGO,484.58,489.97,475.05,478.07,11724014
2026-06-04 09:30:00,AVGO,409.165,422.3999,403.0101,420.1,55162332
2026-06-04 13:30:00,AVGO,420.035,479.23,414.76,419.03,19577494
2026-06-05 09:30:00,AVGO,407.56,410.5,391.91,395.6,27749189
2026-06-05 13:30:00,AVGO,395.6,397.47,385.59,385.73,14803551
2026-06-08 09:30:00,AVGO,402.595,402.838,391.35,395.01,17754877
2026-06-08 13:30:00,AVGO,395.05,397.0,393.03,396.705,7905531
2026-06-09 09:30:00,AVGO,401.525,407.85,370.33,381.9,20578535
2026-06-09 13:30:00,AVGO,381.93,392.9,381.08,392.74,9731324
2026-06-10 09:30:00,AVGO,381.495,385.81,371.31,374.6375,22455058
2026-06-10 13:30:00,AVGO,374.575,379.63,371.17,371.56,9195034
2026-06-11 09:30:00,AVGO,372.73,381.58,370.55,381.52,12053377
2026-06-11 13:30:00,AVGO,381.52,389.44,380.5,385.14,8538377
2026-06-12 09:30:00,AVGO,383.72,384.9799,377.0,381.55,12994585
2026-06-12 13:30:00,AVGO,381.58,382.37,379.49,381.86,5326745
2026-06-15 09:30:00,AVGO,395.8,396.2,388.6,393.04,12596431
2026-06-15 13:30:00,AVGO,393.03,395.37,392.66,394.13,6303636
2026-06-16 09:30:00,AVGO,390.21,391.79,376.93,379.39,14109099
2026-06-16 13:30:00,AVGO,379.38,381.55,376.49,376.84,7536759
2026-06-17 09:30:00,AVGO,388.705,399.88,382.68,396.675,17977314
2026-06-17 13:30:00,AVGO,396.675,400.65,389.32,392.9,8766450
2026-06-18 09:30:00,AVGO,409.02,412.48,405.38,407.285,16894313
2026-06-18 13:30:00,AVGO,407.285,412.7,406.69,410.79,8837428
2026-06-22 09:30:00,AVGO,413.66,414.56,392.83,396.64,12949470
2026-06-22 13:30:00,AVGO,396.66,397.4,392.0,392.04,6248595
2026-06-23 09:30:00,AVGO,381.25,391.02,379.23,384.515,12521253
2026-06-23 13:30:00,AVGO,384.515,384.9,379.79,380.36,8732651
2026-06-24 09:30:00,AVGO,386.62,388.74,379.21,380.77,14109718
2026-06-24 13:30:00,AVGO,380.845,382.2699,376.96,382.1,6537998
2026-06-25 09:30:00,AVGO,384.955,388.2244,372.7,380.27,12166064
2026-06-25 13:30:00,AVGO,380.36,382.5,376.62,379.33,5470490
2026-06-26 09:30:00,AVGO,370.0,373.69,365.3,372.345,12686784
2026-06-26 13:30:00,AVGO,372.3186,373.09,363.83,363.94,8340195
2026-06-29 09:30:00,AVGO,373.52,375.37,360.46,375.285,11108776
2026-06-29 13:30:00,AVGO,375.27,376.2099,371.45,372.44,5969287
2026-06-30 09:30:00,AVGO,374.79,378.74,370.7,374.56,9736014
2026-06-30 13:30:00,AVGO,374.55,379.6,374.24,377.07,6788370
2026-07-01 09:30:00,AVGO,371.79,373.75,368.03,369.31,9352010
2026-07-01 13:30:00,AVGO,369.27,372.5799,368.74,369.27,6548936
2026-07-02 09:30:00,AVGO,365.725,374.0,357.83,359.105,11684382
2026-07-02 13:30:00,AVGO,359.11,361.43,356.43,360.34,7834633
2026-07-06 09:30:00,AVGO,374.0,383.155,371.5,375.7775,11777148
2026-07-06 13:30:00,AVGO,375.785,377.38,373.5,373.91,6101522
2026-07-07 09:30:00,AVGO,366.555,372.5,362.01,371.28,11351698
2026-07-07 13:30:00,AVGO,371.37,372.9599,366.65,370.79,6119053
2026-07-08 09:30:00,AVGO,377.345,395.09,376.89,392.44,18586033
2026-07-08 13:30:00,AVGO,392.505,393.38,388.45,388.67,7093448
2026-07-09 09:30:00,AVGO,402.285,405.38,387.95,405.18,15386393
2026-07-09 13:30:00,AVGO,405.235,407.52,399.584,401.11,6952011
2026-07-10 09:30:00,AVGO,398.5,402.44,395.7,401.7499,6588825
2026-07-10 13:30:00,AVGO,401.73,402.2395,399.29,399.99,3544553
2026-07-13 09:30:00,AVGO,393.475,395.745,385.76,386.3,7995531
2026-07-13 13:30:00,AVGO,386.37,387.3,383.4356,384.03,5085546
2026-07-14 09:30:00,AVGO,395.605,397.33,384.6404,393.465,9896169
2026-07-14 13:30:00,AVGO,393.5,394.77,388.96,389.14,3879630
2026-07-15 09:30:00,AVGO,396.06,399.0,386.74,391.85,8297473
2026-07-15 13:30:00,AVGO,391.895,395.89,391.6901,394.17,3773591
2026-07-16 09:30:00,AVGO,384.535,394.28,376.955,377.99,8426721
2026-07-16 13:30:00,AVGO,377.955,378.22,371.9,374.46,6746463
2026-07-17 09:30:00,AVGO,366.045,377.3125,357.8,376.29,13135298
2026-07-17 13:30:00,AVGO,376.26,376.5,369.88,370.84,5066738
2026-07-20 09:30:00,AVGO,378.76,383.59,375.96,381.5,6922357
2026-07-20 13:30:00,AVGO,381.51,382.41,377.59,378.21,3334105
2026-07-21 09:30:00,AVGO,390.02,390.5834,379.22,386.5,7621244
2026-07-21 13:30:00,AVGO,386.54,387.89,385.13,386.13,3995924
2026-07-22 09:30:00,AVGO,380.54,397.849,380.0,396.6166,6879172
2026-07-22 13:30:00,AVGO,396.53,398.585,395.6401,396.69,4681673
2026-07-23 09:30:00,AVGO,392.19,397.6,386.82,392.215,6609129
2026-07-23 13:30:00,AVGO,392.265,392.81,388.9,392.76,3957183
2026-07-24 09:30:00,AVGO,387.925,389.27,380.15,385.01,5208609
2026-07-24 13:30:00,AVGO,384.6,385.48,378.75,381.92,5014122
2026-07-27 09:30:00,AVGO,389.815,389.8425,373.5,378.735,8043606
2026-07-27 13:30:00,AVGO,378.74,384.645,378.665,383.35,4514749
2026-07-28 09:30:00,AVGO,374.235,385.63,371.52,380.65,10366310
2026-07-28 13:30:00,AVGO,380.64,385.8,378.83,380.76,5024061
2026-07-29 09:30:00,AVGO,379.202,381.33,369.5101,376.0,7883713
2026-07-29 13:30:00,AVGO,375.69,386.12,370.09,370.31,8273227
2026-07-30 09:30:00,AVGO,380.67,388.29,377.54,385.8201,10901224
2026-07-30 13:30:00,AVGO,385.9,388.68,384.68,388.26,6234359
2026-07-31 09:30:00,AVGO,394.39,399.92,379.71,390.215,9265234
2026-07-31 13:30:00,AVGO,390.215,391.2496,386.82,389.28,4661418
2026-08-03 09:30:00,AVGO,384.405,390.205,374.61,389.64,9613541
2026-08-03 13:30:00,AVGO,389.61,392.605,388.87,392.37,3863466
2026-08-04 09:30:00,AVGO,402.97,419.4406,400.68,419.11,13497417
2026-08-04 13:30:00,AVGO,419.16,422.065,417.74,418.075,7656159
2026-08-05 09:30:00,AVGO,422.34,427.0,418.0,419.76,8198406
2026-08-05 13:30:00,AVGO,419.78,422.79,416.93,418.371,4047049
2026-08-06 09:30:00,AVGO,420.545,427.58,410.76,424.11,6561701
2026-08-06 13:30:00,AVGO,424.11,427.0,420.07,420.47,3551689
2026-08-07 09:30:00,AVGO,428.785,430.82,421.61,424.73,6044907
2026-08-07 13:30:00,AVGO,424.74,428.26,424.07,427.525,3654910
2026-08-10 09:30:00,AVGO,428.37,432.73,420.16,423.13,6739876
2026-08-10 13:30:00,AVGO,423.19,425.1,421.74,422.25,3456341
2026-08-11 09:30:00,AVGO,426.455,426.532,417.6892,418.2,4681610
2026-08-11 13:30:00,AVGO,418.215,418.29,413.24,415.86,4252880
2026-08-12 09:30:00,AVGO,426.255,426.5,417.76,418.65,5943249
2026-08-12 13:30:00,AVGO,418.695,419.13,414.61,416.04,3502374
2026-08-13 09:30:00,AVGO,415.805,424.92,411.41,421.865,6281795
2026-08-13 13:30:00,AVGO,421.81,422.2199,417.1,417.85,3545825
2026-08-14 09:30:00,AVGO,407.68,412.5,390.36,390.55,15247172
2026-08-14 13:30:00,AVGO,390.58,394.33,388.5,393.05,10001991
2026-08-17 09:30:00,AVGO,397.08,399.36,392.0501,396.8,10803439
2026-08-17 13:30:00,AVGO,396.8395,397.44,391.33,392.45,4979520
2026-08-18 09:30:00,AVGO,384.315,385.7821,377.01,381.5,10560674
2026-08-18 13:30:00,AVGO,381.475,381.76,378.3,380.01,6014341
2026-08-19 09:30:00,AVGO,371.66,373.91,357.6101,364.2701,20535955
2026-08-19 13:30:00,AVGO,364.2701,365.78,361.29,362.48,9504308
2026-08-20 09:30:00,AVGO,364.235,367.12,362.2501,363.06,8709262
2026-08-20 13:30:00,AVGO,363.035,366.14,362.5,364.24,6902418
2026-08-21 09:30:00,AVGO,370.8,375.12,365.05,365.645,10440082
2026-08-21 13:30:00,AVGO,365.63,368.97,365.14,368.45,4918352
2026-08-24 09:30:00,AVGO,364.652,366.05,360.38,360.49,8502170
2026-08-24 13:30:00,AVGO,360.49,362.15,358.71,358.765,5084037
2026-08-25 09:30:00,AVGO,360.995,362.99,356.09,357.3,9099453
2026-08-25 13:30:00,AVGO,357.34,358.76,355.32,356.69,5919545
2026-08-26 09:30:00,AVGO,357.24,359.4699,350.07,352.2408,10371273
2026-08-26 13:30:00,AVGO,352.2,356.31,352.1501,355.881,5445953
2026-08-27 09:30:00,AVGO,362.99,370.46,360.75,368.89,10689718
2026-08-27 13:30:00,AVGO,368.85,371.72,366.9,371.56,4562416
2026-08-28 09:30:00,AVGO,373.52,376.59,365.3513,366.365,8379455
2026-08-28 13:30:00,AVGO,366.37,369.6,366.29,368.68,3920713
2026-08-31 09:30:00,AVGO,369.455,372.75,366.3,369.47,7731238
2026-08-31 13:30:00,AVGO,369.47,371.92,369.17,370.76,4561302
2026-09-01 09:30:00,AVGO,364.36,371.4,362.0,369.38,10131850
2026-09-01 13:30:00,AVGO,369.39,370.33,367.78,369.65,4023413
2026-09-02 09:30:00,AVGO,369.68,371.09,364.65,369.19,10960465
2026-09-02 13:30:00,AVGO,369.2,370.66,366.7101,367.77,10004787
2026-09-03 09:30:00,AVGO,351.615,357.42,342.3305,354.46,41977665
2026-09-03 13:30:00,AVGO,354.46,359.4,352.3801,357.24,13778932
2026-09-04 09:30:00,AVGO,360.005,360.045,354.44,354.74,17767997
2026-09-04 13:30:00,AVGO,354.735,358.46,353.7,357.95,10800286
2026-09-08 09:30:00,AVGO,363.725,372.6999,362.745,367.16,16291757
2026-09-08 13:30:00,AVGO,367.16,369.67,366.4,368.43,5677214
2026-09-09 09:30:00,AVGO,366.47,368.01,359.25,364.05,11181778
2026-09-09 13:30:00,AVGO,364.0,365.35,363.07,364.42,6837870
2026-09-10 09:30:00,AVGO,360.02,365.27,357.785,363.41,7977921
2026-09-10 13:30:00,AVGO,363.31,363.32,360.41,360.71,4067908
2026-09-11 09:30:00,AVGO,365.24,366.78,362.29,365.25,8246920
2026-09-11 13:30:00,AVGO,365.26,365.56,361.64,361.8,4766774
2026-09-14 09:30:00,AVGO,349.46,350.25,343.91,347.0,13584905
2026-09-14 13:30:00,AVGO,346.975,346.99,344.26,344.82,6894980
2026-09-15 09:30:00,AVGO,346.02,347.2599,338.01,338.225,12933592
2026-09-15 13:30:00,AVGO,338.24,340.48,337.915,339.25,5678387
2026-09-16 09:30:00,AVGO,342.72,344.15,339.25,339.825,9275491
2026-09-16 13:30:00,AVGO,339.88,341.89,335.8147,339.65,6876701
2026-09-17 09:30:00,AVGO,346.07,350.94,345.31,348.78,10568290
2026-09-17 13:30:00,AVGO,348.83,349.53,347.22,347.28,4845745
2026-09-18 09:30:00,AVGO,352.08,363.2817,351.35,354.335,15842001
2026-09-18 13:30:00,AVGO,354.38,357.98,353.56,357.69,6173555
2026-09-21 09:30:00,AVGO,358.86,361.3,353.5,359.2735,12405420
2026-09-21 13:30:00,AVGO,359.35,363.97,359.23,362.535,7298045
2026-09-22 09:30:00,AVGO,363.23,364.78,359.2901,364.65,10138027
2026-09-22 13:30:00,AVGO,364.65,366.54,363.6105,364.61,4766393
2026-09-23 09:30:00,AVGO,362.2,362.9,354.01,354.61,10338499
2026-09-23 13:30:00,AVGO,354.55,355.6,354.0701,355.035,5137837
2026-09-24 09:30:00,AVGO,349.21,351.4299,346.89,349.87,10799087
2026-09-24 13:30:00,AVGO,349.85,350.88,348.65,350.27,6750714
2026-09-25 09:30:00,AVGO,352.63,354.43,349.43,353.42,9044142
2026-09-25 13:30:00,AVGO,353.43,353.57,351.51,352.82,3608168
2026-09-28 09:30:00,AVGO,352.575,355.85,347.32,351.12,8436589
2026-09-28 13:30:00,AVGO,351.16,351.835,348.75,349.57,4773189
2026-09-29 09:30:00,AVGO,357.08,361.86,355.38,355.72,10778377
2026-09-29 13:30:00,AVGO,355.69,356.58,354.0,355.18,3976765
2026-09-30 09:30:00,AVGO,356.955,357.9,352.32,352.75,7573936
2026-09-30 13:30:00,AVGO,352.7883,354.12,350.69,351.29,4615543
2026-10-01 09:30:00,AVGO,351.94,354.45,346.09,349.28,10359351
2026-10-01 13:30:00,AVGO,349.36,350.91,343.29,343.7,7137014
2026-10-02 09:30:00,AVGO,349.98,357.3538,347.4157,352.35,14276274
2026-10-02 13:30:00,AVGO,352.3405,356.35,351.57,355.13,5078762
2026-10-05 09:30:00,AVGO,357.79,363.4,356.14,363.1,10083799
2026-10-05 13:30:00,AVGO,363.105,363.865,361.56,362.875,4796481
2026-10-06 09:30:00,AVGO,366.85,379.915,364.01,379.47,18076273
2026-10-06 13:30:00,AVGO,379.47,380.84,375.46,375.91,7846161
2026-10-07 09:30:00,AVGO,372.48,375.495,369.12,373.33,8596945
2026-10-07 13:30:00,AVGO,373.33,376.97,372.431,376.275,4754430
2026-10-08 09:30:00,AVGO,370.73,373.35,361.53,362.34,12243577
2026-10-08 13:30:00,AVGO,362.32,363.4,357.4101,360.15,8317214
2026-05-18 09:30:00,QCOM,206.818,210.68,193.58,199.505,11239140
2026-05-18 13:30:00,QCOM,199.5,204.84,198.83,203.67,5611499
2026-05-19 09:30:00,QCOM,197.68,201.5,191.02,199.1901,11508657
2026-05-19 13:30:00,QCOM,199.29,200.6,195.13,195.63,4856128
2026-05-20 09:30:00,QCOM,197.0,203.0,194.0,202.37,10505474
2026-05-20 13:30:00,QCOM,202.39,203.59,201.32,202.62,4740862
2026-05-21 09:30:00,QCOM,202.78,210.4,197.6,210.33,17733904
2026-05-21 13:30:00,QCOM,210.23,214.0,203.1,213.49,6190727
2026-05-22 09:30:00,QCOM,214.42,243.0,214.17,239.11,20981065
2026-05-22 13:30:00,QCOM,239.04,241.61,235.8101,238.15,6623421
2026-05-26 09:30:00,QCOM,240.715,258.0,235.8001,246.65,19254389
2026-05-26 13:30:00,QCOM,246.795,250.05,244.51,248.81,4209882
2026-05-27 09:30:00,QCOM,245.43,248.265,224.18,228.06,17194657
2026-05-27 13:30:00,QCOM,228.09,233.95,226.84,233.41,5482639
2026-05-28 09:30:00,QCOM,236.1,249.46,231.52,248.19,10770541
2026-05-28 13:30:00,QCOM,248.15,248.3053,242.71,243.22,3932438
2026-05-29 09:30:00,QCOM,250.2,259.92,247.5101,253.75,11256577
2026-05-29 13:30:00,QCOM,253.81,255.76,248.2501,251.09,4806987
2026-06-01 09:30:00,QCOM,233.33,238.02,226.8118,232.96,13498647
2026-06-01 13:30:00,QCOM,233.045,234.56,227.18,228.98,5610027
2026-06-02 09:30:00,QCOM,232.3,245.187,226.05,239.66,10234280
2026-06-02 13:30:00,QCOM,239.59,243.98,238.8,240.78,3900011
2026-06-03 09:30:00,QCOM,235.02,255.09,233.02,249.7,12898430
2026-06-03 13:30:00,QCOM,249.705,252.38,248.6901,250.02,3916718
2026-06-04 09:30:00,QCOM,239.45,246.7,235.33,241.1925,7906589
2026-06-04 13:30:00,QCOM,241.19,250.01,240.5201,242.58,3437696
2026-06-05 09:30:00,QCOM,237.65,238.44,215.22,219.065,10246079
2026-06-05 13:30:00,QCOM,219.195,220.8128,215.53,215.53,7468772
2026-06-08 09:30:00,QCOM,220.86,221.93,214.63,218.49,9364948
2026-06-08 13:30:00,QCOM,218.37,221.0468,216.0,217.69,3302530
2026-06-09 09:30:00,QCOM,216.46,219.45,192.67,199.24,20078835
2026-06-09 13:30:00,QCOM,199.16,205.49,197.62,205.415,6851241
2026-06-10 09:30:00,QCOM,199.07,204.895,190.1,190.87,10879827
2026-06-10 13:30:00,QCOM,191.03,194.3,190.45,190.88,4760758
2026-06-11 09:30:00,QCOM,190.82,199.48,190.82,198.85,6392738
2026-06-11 13:30:00,QCOM,198.89,203.84,198.48,202.9,5909283
2026-06-12 09:30:00,QCOM,201.85,215.01,200.115,213.43,8535717
2026-06-12 13:30:00,QCOM,213.34,213.4807,210.81,211.67,2860359
2026-06-15 09:30:00,QCOM,219.77,226.46,216.28,221.7501,7342805
2026-06-15 13:30:00,QCOM,221.77,222.0,220.01,220.79,3061676
2026-06-16 09:30:00,QCOM,225.83,231.19,218.0101,219.47,10484218
2026-06-16 13:30:00,QCOM,219.37,220.5,213.81,213.82,4587694
2026-06-17 09:30:00,QCOM,219.04,221.0,215.85,218.235,5067939
2026-06-17 13:30:00,QCOM,218.26,221.32,212.68,212.99,4346395
2026-06-18 09:30:00,QCOM,220.72,228.65,214.73,225.63,11359109
2026-06-18 13:30:00,QCOM,225.5349,229.42,223.87,226.07,6547034
2026-06-22 09:30:00,QCOM,223.08,233.444,215.5,229.39,10183352
2026-06-22 13:30:00,QCOM,229.7,229.7,221.28,221.97,4083822
2026-06-23 09:30:00,QCOM,207.34,209.18,198.44,203.03,13510816
2026-06-23 13:30:00,QCOM,202.98,205.465,201.13,204.21,5696679
2026-06-24 09:30:00,QCOM,202.57,202.57,193.77,195.725,8840994
2026-06-24 13:30:00,QCOM,195.79,201.4899,191.02,197.4,11030974
2026-06-25 09:30:00,QCOM,218.8,219.0,199.82,213.725,23959271
2026-06-25 13:30:00,QCOM,213.73,214.19,204.55,204.64,6054480
2026-06-26 09:30:00,QCOM,201.8,208.86,196.95,199.42,10043778
2026-06-26 13:30:00,QCOM,199.435,199.64,186.26,188.6,12631475
2026-06-29 09:30:00,QCOM,193.0,193.9,183.58,191.26,10692376
2026-06-29 13:30:00,QCOM,191.26,192.06,186.7,188.7,6281949
2026-06-30 09:30:00,QCOM,188.78,193.5,184.46,185.295,9385183
2026-06-30 13:30:00,QCOM,185.295,187.28,184.08,184.78,6009012
2026-07-01 09:30:00,QCOM,183.585,188.36,182.68,183.89,9914593
2026-07-01 13:30:00,QCOM,183.8301,190.99,181.6,181.94,8644019
2026-07-02 09:30:00,QCOM,182.17,185.74,172.12,173.77,8594656
2026-07-02 13:30:00,QCOM,173.8,176.53,172.52,176.25,5694704
2026-07-06 09:30:00,QCOM,178.0,188.67,177.1,186.675,7306637
2026-07-06 13:30:00,QCOM,186.67,187.22,185.05,186.46,3780011
2026-07-07 09:30:00,QCOM,179.0,185.88,179.0,182.82,6374387
2026-07-07 13:30:00,QCOM,182.88,184.0,179.79,182.95,3716199
2026-07-08 09:30:00,QCOM,180.505,186.845,180.505,186.54,5048218
2026-07-08 13:30:00,QCOM,186.52,187.11,184.51,186.54,3101796
2026-07-09 09:30:00,QCOM,192.46,196.09,187.44,192.44,6615177
2026-07-09 13:30:00,QCOM,192.46,192.5399,189.77,191.05,3344971
2026-07-10 09:30:00,QCOM,187.508,189.465,185.72,189.18,3460262
2026-07-10 13:30:00,QCOM,189.31,190.19,188.23,189.18,2056830
2026-07-13 09:30:00,QCOM,185.06,188.05,184.0,184.82,4097058
2026-07-13 13:30:00,QCOM,184.765,185.84,181.84,183.45,5443926
2026-07-14 09:30:00,QCOM,189.33,189.99,177.85,178.61,6381768
2026-07-14 13:30:00,QCOM,178.57,180.84,177.45,178.1,3410495
2026-07-15 09:30:00,QCOM,179.79,180.71,174.76,177.62,4495529
2026-07-15 13:30:00,QCOM,177.74,179.225,177.3601,177.94,2443991
2026-07-16 09:30:00,QCOM,173.528,177.98,169.83,171.4001,6468814
2026-07-16 13:30:00,QCOM,171.445,171.56,168.99,170.68,5662051
2026-07-17 09:30:00,QCOM,166.64,171.82,164.79,171.23,7674603
2026-07-17 13:30:00,QCOM,171.25,172.39,169.04,171.77,5173281
2026-07-20 09:30:00,QCOM,176.05,176.25,170.64,172.11,4453759
2026-07-20 13:30:00,QCOM,172.025,172.97,169.9,170.42,3133120
2026-07-21 09:30:00,QCOM,175.49,175.49,170.14,172.9,5586844
2026-07-21 13:30:00,QCOM,173.02,173.91,172.01,173.42,2730660
2026-07-22 09:30:00,QCOM,171.0,178.65,170.595,176.73,4006923
2026-07-22 13:30:00,QCOM,176.68,176.915,175.48,175.63,1983169
2026-07-23 09:30:00,QCOM,171.18,173.9495,168.31,169.49,3672908
2026-07-23 13:30:00,QCOM,169.4,171.23,168.45,171.2,2819308
2026-07-24 09:30:00,QCOM,169.09,171.1,166.45,168.885,4183960
2026-07-24 13:30:00,QCOM,168.88,169.13,165.77,166.97,3224053
2026-07-27 09:30:00,QCOM,169.77,171.19,165.3,167.4602,5423499
2026-07-27 13:30:00,QCOM,167.51,170.48,167.51,170.09,3770415
2026-07-28 09:30:00,QCOM,164.896,167.885,163.2309,164.46,8222516
2026-07-28 13:30:00,QCOM,164.46,164.9,162.16,162.84,5105675
2026-07-29 09:30:00,QCOM,162.32,163.0,157.85,160.285,7530197
2026-07-29 13:30:00,QCOM,160.285,164.56,155.02,155.28,7091448
2026-07-30 09:30:00,QCOM,146.5,154.1595,146.0,151.99,14034945
2026-07-30 13:30:00,QCOM,152.04,152.63,150.48,151.65,5389827
2026-07-31 09:30:00,QCOM,152.945,153.73,146.15,148.26,6805649
2026-07-31 13:30:00,QCOM,148.2492,149.43,147.6,147.61,3749992
2026-08-03 09:30:00,QCOM,146.2,150.4999,142.89,149.71,7811599
2026-08-03 13:30:00,QCOM,149.71,151.68,149.41,151.57,3328824
2026-08-04 09:30:00,QCOM,157.0,163.09,155.3123,162.32,6631758
2026-08-04 13:30:00,QCOM,162.33,163.48,161.44,162.59,4057889
2026-08-05 09:30:00,QCOM,161.3,162.8,157.12,157.69,5165213
2026-08-05 13:30:00,QCOM,157.615,159.4499,157.16,157.53,2859593
2026-08-06 09:30:00,QCOM,155.42,161.74,155.22,160.27,3386187
2026-08-06 13:30:00,QCOM,160.255,162.55,159.66,160.43,2219166
2026-08-07 09:30:00,QCOM,163.1,167.74,162.3,167.69,4264230
2026-08-07 13:30:00,QCOM,167.715,167.95,166.32,167.87,2928649
2026-08-10 09:30:00,QCOM,168.525,168.87,163.11,163.72,4996338
2026-08-10 13:30:00,QCOM,163.755,164.64,162.09,162.11,2715598
2026-08-11 09:30:00,QCOM,163.75,164.605,161.43,162.01,3222967
2026-08-11 13:30:00,QCOM,162.0,163.45,161.92,162.72,1591158
2026-08-12 09:30:00,QCOM,166.889,166.94,161.071,163.155,3519124
2026-08-12 13:30:00,QCOM,163.14,163.96,162.86,163.06,1821427
2026-08-13 09:30:00,QCOM,163.25,166.77,162.51,165.4712,4260051
2026-08-13 13:30:00,QCOM,165.455,165.76,164.21,164.82,1889403
2026-08-14 09:30:00,QCOM,165.63,166.965,163.18,164.065,2512587
2026-08-14 13:30:00,QCOM,164.12,165.87,163.95,165.85,1750571
2026-08-17 09:30:00,QCOM,166.25,166.25,161.5811,161.72,4239162
2026-08-17 13:30:00,QCOM,161.78,162.85,161.45,162.18,2163593
2026-08-18 09:30:00,QCOM,157.89,161.81,156.75,158.84,4083860
2026-08-18 13:30:00,QCOM,158.83,161.135,158.81,160.27,3606804
2026-08-19 09:30:00,QCOM,163.025,166.4999,160.1901,162.35,3753880
2026-08-19 13:30:00,QCOM,162.34,163.19,161.31,161.89,2556430
2026-08-20 09:30:00,QCOM,163.08,165.09,161.33,162.84,2991528
2026-08-20 13:30:00,QCOM,162.815,162.89,160.05,160.79,2596338
2026-08-21 09:30:00,QCOM,162.92,163.33,159.17,160.445,3255898
2026-08-21 13:30:00,QCOM,160.445,162.4,160.01,160.76,2913154
2026-08-24 09:30:00,QCOM,159.4,160.09,156.225,157.96,2948281
2026-08-24 13:30:00,QCOM,157.9501,159.4,157.945,158.55,2257670
2026-08-25 09:30:00,QCOM,160.34,161.79,159.08,160.55,2758520
2026-08-25 13:30:00,QCOM,160.53,160.76,158.53,160.57,2285819
2026-08-26 09:30:00,QCOM,160.19,162.454,159.889,161.63,2312622
2026-08-26 13:30:00,QCOM,161.7,163.87,161.5704,163.77,2278796
2026-08-27 09:30:00,QCOM,165.12,166.95,161.9234,164.66,3238008
2026-08-27 13:30:00,QCOM,164.62,165.06,163.45,164.9,2140638
2026-08-28 09:30:00,QCOM,164.59,165.49,161.9,162.78,2636165
2026-08-28 13:30:00,QCOM,162.86,164.6,162.7,164.2,1994843
2026-08-31 09:30:00,QCOM,164.79,169.87,164.79,168.6399,4724606
2026-08-31 13:30:00,QCOM,168.595,171.29,168.5125,170.48,3507970
2026-09-01 09:30:00,QCOM,165.666,166.885,162.21,166.16,4393315
2026-09-01 13:30:00,QCOM,166.17,167.29,164.8701,166.63,2254504
2026-09-02 09:30:00,QCOM,166.04,170.44,165.08,169.1,2605276
2026-09-02 13:30:00,QCOM,169.17,170.6,169.05,170.04,2020135
2026-09-03 09:30:00,QCOM,168.5,169.39,164.905,169.26,3081143
2026-09-03 13:30:00,QCOM,169.238,170.03,168.27,168.57,2122877
2026-09-04 09:30:00,QCOM,169.82,170.63,167.61,167.94,3768380
2026-09-04 13:30:00,QCOM,167.93,168.96,167.04,168.78,2458160
2026-09-08 09:30:00,QCOM,180.32,183.49,173.15,174.545,17447979
2026-09-08 13:30:00,QCOM,174.61,176.26,172.0352,174.09,5592726
2026-09-09 09:30:00,QCOM,174.53,180.8558,173.32,175.29,7396217
2026-09-09 13:30:00,QCOM,175.325,176.8868,175.0,176.42,2733421
2026-09-10 09:30:00,QCOM,172.13,182.4,171.0,180.36,8381104
2026-09-10 13:30:00,QCOM,180.425,180.935,176.75,176.89,4015153
2026-09-11 09:30:00,QCOM,178.25,185.22,175.74,185.07,6143845
2026-09-11 13:30:00,QCOM,185.07,185.46,181.71,181.93,2609492
2026-09-14 09:30:00,QCOM,170.78,181.11,170.51,179.29,5531090
2026-09-14 13:30:00,QCOM,179.33,181.695,178.7001,180.13,3735989
2026-09-15 09:30:00,QCOM,185.145,189.75,180.995,189.15,7751529
2026-09-15 13:30:00,QCOM,189.19,190.06,186.84,187.87,4006841
2026-09-16 09:30:00,QCOM,189.29,191.2785,186.875,187.8,4280725
2026-09-16 13:30:00,QCOM,187.8,188.12,183.37,184.84,3307807
2026-09-17 09:30:00,QCOM,190.345,191.9,187.7601,190.54,5441158
2026-09-17 13:30:00,QCOM,190.54,191.3,188.42,188.71,3334128
2026-09-18 09:30:00,QCOM,191.61,192.12,175.97,178.19,10234088
2026-09-18 13:30:00,QCOM,178.24,179.18,177.21,178.01,6000644
2026-09-21 09:30:00,QCOM,180.61,193.1874,179.25,192.295,8952857
2026-09-21 13:30:00,QCOM,192.3,195.31,191.9527,194.26,5327127
2026-09-22 09:30:00,QCOM,192.12,197.4,191.66,195.875,5055855
2026-09-22 13:30:00,QCOM,195.825,199.15,195.48,198.27,3367391
2026-09-23 09:30:00,QCOM,199.613,199.613,193.23,196.27,4390190
2026-09-23 13:30:00,QCOM,196.25,197.9199,195.95,197.25,2591921
2026-09-24 09:30:00,QCOM,196.58,196.77,191.75,193.29,4639136
2026-09-24 13:30:00,QCOM,193.34,195.315,192.8607,194.26,2588015
2026-09-25 09:30:00,QCOM,195.4,205.8532,194.53,204.16,10279077
2026-09-25 13:30:00,QCOM,204.28,204.82,201.48,201.95,4021088
2026-09-28 09:30:00,QCOM,198.98,199.0865,186.71,189.895,7353256
2026-09-28 13:30:00,QCOM,189.835,190.38,186.85,187.41,4088208
2026-09-29 09:30:00,QCOM,189.48,190.0,182.23,184.255,4681808
2026-09-29 13:30:00,QCOM,184.255,185.5,183.66,184.19,2748931
2026-09-30 09:30:00,QCOM,184.93,188.34,183.1456,183.66,3338625
2026-09-30 13:30:00,QCOM,183.77,185.08,183.59,184.06,1637389
2026-10-01 09:30:00,QCOM,185.1,185.36,182.64,184.86,3329574
2026-10-01 13:30:00,QCOM,184.84,186.36,181.77,182.03,2376441
2026-10-02 09:30:00,QCOM,186.385,188.95,183.36,185.395,4183037
2026-10-02 13:30:00,QCOM,185.29,186.06,184.74,184.91,1893215
2026-10-05 09:30:00,QCOM,185.075,185.4799,180.485,181.88,5478286
2026-10-05 13:30:00,QCOM,181.88,182.26,180.31,180.84,2527431
2026-10-06 09:30:00,QCOM,182.03,183.09,179.3311,181.579,3793347
2026-10-06 13:30:00,QCOM,181.56,182.775,180.65,181.06,2733512
2026-10-07 09:30:00,QCOM,178.6698,179.82,175.3505,176.1001,3921048
2026-10-07 13:30:00,QCOM,176.18,177.77,175.67,177.12,2300767
2026-10-08 09:30:00,QCOM,174.48,175.04,171.02,171.765,4051684
2026-10-08 13:30:00,QCOM,171.785,176.28,171.67,176.03,2957731
2026-05-18 09:30:00,CRM,172.89,180.78,171.8,179.02,8130729
2026-05-18 13:30:00,CRM,179.0,179.88,178.27,179.47,3989398
2026-05-19 09:30:00,CRM,185.0,187.44,178.81,179.7,9834111
2026-05-19 13:30:00,CRM,179.7,184.14,179.28,179.43,4962515
2026-05-20 09:30:00,CRM,176.04,178.41,173.34,177.6,5876255
2026-05-20 13:30:00,CRM,177.64,180.31,177.33,180.07,3479186
2026-05-21 09:30:00,CRM,175.38,176.8,171.99,175.47,5103903
2026-05-21 13:30:00,CRM,175.51,177.34,175.35,176.28,2654474
2026-05-22 09:30:00,CRM,179.84,183.35,177.6801,180.05,4738368
2026-05-22 13:30:00,CRM,180.07,181.35,179.67,180.08,3383170
2026-05-26 09:30:00,CRM,178.43,182.3599,177.6812,181.495,6723253
2026-05-26 13:30:00,CRM,181.495,181.495,179.13,179.16,3697288
2026-05-27 09:30:00,CRM,178.0,183.92,177.74,178.095,7679337
2026-05-27 13:30:00,CRM,178.095,179.44,176.89,177.62,5710352
2026-05-28 09:30:00,CRM,178.43,182.48,171.65,179.545,13539758
2026-05-28 13:30:00,CRM,179.53,179.9,175.305,176.3,6087157
2026-05-29 09:30:00,CRM,180.24,193.77,180.02,193.66,13488055
2026-05-29 13:30:00,CRM,193.67,194.1448,190.11,191.02,7099134
2026-06-01 09:30:00,CRM,198.75,211.09,198.21,209.34,18036950
2026-06-01 13:30:00,CRM,209.38,211.34,208.9418,209.63,6929970
2026-06-02 09:30:00,CRM,201.02,204.39,195.76,198.285,10664282
2026-06-02 13:30:00,CRM,198.32,201.34,197.55,200.83,4935141
2026-06-03 09:30:00,CRM,197.27,197.68,190.69,192.0,6495159
2026-06-03 13:30:00,CRM,191.985,192.62,189.73,190.73,4749772
2026-06-04 09:30:00,CRM,197.81,198.09,187.825,189.65,7470449
2026-06-04 13:30:00,CRM,189.63,190.12,186.11,188.79,3555004
2026-06-05 09:30:00,CRM,189.8,192.51,184.83,186.7,5873969
2026-06-05 13:30:00,CRM,186.695,187.48,185.46,185.67,5126219
2026-06-08 09:30:00,CRM,183.91,185.02,181.71,182.465,5874088
2026-06-08 13:30:00,CRM,182.475,183.84,182.25,182.57,3638203
2026-06-09 09:30:00,CRM,179.5,182.46,171.56,174.28,9012731
2026-06-09 13:30:00,CRM,174.33,175.53,173.795,175.36,5184774
2026-06-10 09:30:00,CRM,170.6,175.53,170.03,173.46,6070750
2026-06-10 13:30:00,CRM,173.495,173.495,170.8087,170.99,3322550
2026-06-11 09:30:00,CRM,168.27,168.98,163.31,167.14,7113233
2026-06-11 13:30:00,CRM,167.37,167.85,165.83,166.47,4714345
2026-06-12 09:30:00,CRM,164.74,166.1,161.4,165.1794,6431029
2026-06-12 13:30:00,CRM,165.18,166.54,164.5506,166.03,5162605
2026-06-15 09:30:00,CRM,166.03,169.9458,165.25,166.0,7010785
2026-06-15 13:30:00,CRM,165.99,166.1523,164.18,164.65,4335380
2026-06-16 09:30:00,CRM,164.055,166.3,160.5,160.7,7850677
2026-06-16 13:30:00,CRM,160.76,161.92,160.65,161.72,4277749
2026-06-17 09:30:00,CRM,160.25,161.4274,157.095,158.16,6988823
2026-06-17 13:30:00,CRM,158.175,158.5,154.23,155.07,7521276
2026-06-18 09:30:00,CRM,152.73,153.64,149.8,152.67,11227345
2026-06-18 13:30:00,CRM,152.665,154.47,150.79,151.81,9373022
2026-06-22 09:30:00,CRM,150.16,153.87,146.32,147.87,9999590
2026-06-22 13:30:00,CRM,147.87,150.8,147.6,150.11,5702555
2026-06-23 09:30:00,CRM,151.65,155.18,150.85,154.9699,11233880
2026-06-23 13:30:00,CRM,154.925,155.09,152.91,153.39,4833546
2026-06-24 09:30:00,CRM,151.81,157.06,150.4,153.73,6685930
2026-06-24 13:30:00,CRM,153.73,154.2,152.12,152.79,3781454
2026-06-25 09:30:00,CRM,150.01,154.0,148.78,150.055,5288416
2026-06-25 13:30:00,CRM,150.055,151.48,149.415,150.26,3874405
2026-06-26 09:30:00,CRM,151.49,157.64,151.49,156.69,6409638
2026-06-26 13:30:00,CRM,156.68,158.455,156.25,158.32,4630007
2026-06-29 09:30:00,CRM,160.27,161.76,157.7,158.25,5672250
2026-06-29 13:30:00,CRM,158.305,158.84,157.73,157.95,3705948
2026-06-30 09:30:00,CRM,155.09,157.69,154.07,155.775,3713222
2026-06-30 13:30:00,CRM,155.7,157.46,155.6,156.705,3016542
2026-07-01 09:30:00,CRM,162.22,165.81,161.2,164.39,7609921
2026-07-01 13:30:00,CRM,164.385,164.82,163.215,163.32,3453873
2026-07-02 09:30:00,CRM,163.0,166.87,162.0,166.785,4848729
2026-07-02 13:30:00,CRM,166.67,167.21,165.1,166.11,3570550
2026-07-06 09:30:00,CRM,163.99,167.7219,162.37,167.275,4570005
2026-07-06 13:30:00,CRM,167.275,167.37,165.43,165.625,2797250
2026-07-07 09:30:00,CRM,169.22,172.38,167.681,171.4,7183575
2026-07-07 13:30:00,CRM,171.405,172.3,169.17,169.505,3958012
2026-07-08 09:30:00,CRM,167.37,167.53,164.78,165.9544,3790202
2026-07-08 13:30:00,CRM,165.98,167.19,165.51,166.55,2627461
2026-07-09 09:30:00,CRM,158.33,163.7999,156.48,163.23,7381006
2026-07-09 13:30:00,CRM,163.235,163.31,161.611,162.475,4020089
2026-07-10 09:30:00,CRM,165.6,166.3,162.42,162.71,3666209
2026-07-10 13:30:00,CRM,162.7,163.755,162.6557,163.33,2242891
2026-07-13 09:30:00,CRM,165.92,172.76,165.92,171.9,7093279
2026-07-13 13:30:00,CRM,171.915,172.05,169.3101,171.2,3957476
2026-07-14 09:30:00,CRM,162.49,171.35,161.47,170.76,8473800
2026-07-14 13:30:00,CRM,170.76,170.93,167.34,167.585,3515376
2026-07-15 09:30:00,CRM,170.52,172.8,167.2601,167.525,4025942
2026-07-15 13:30:00,CRM,167.505,167.92,166.56,167.0,6877744
2026-07-16 09:30:00,CRM,170.84,173.28,166.88,173.18,4430860
2026-07-16 13:30:00,CRM,173.21,174.54,171.76,172.67,3761950
2026-07-17 09:30:00,CRM,171.5,175.43,169.7504,171.393,4487133
2026-07-17 13:30:00,CRM,171.4,171.93,170.37,170.79,3414367
2026-07-20 09:30:00,CRM,167.86,174.25,166.495,174.165,4913023
2026-07-20 13:30:00,CRM,174.18,175.39,173.08,173.77,4485939
2026-07-21 09:30:00,CRM,167.06,172.425,166.93,169.08,4658795
2026-07-21 13:30:00,CRM,169.08,170.825,168.71,170.135,3067764
2026-07-22 09:30:00,CRM,169.47,169.57,162.61,162.79,4965912
2026-07-22 13:30:00,CRM,162.8382,163.63,162.21,163.0,4957712
2026-07-23 09:30:00,CRM,165.05,165.88,155.145,156.93,6484391
2026-07-23 13:30:00,CRM,156.96,157.78,156.4,156.93,3914731
2026-07-24 09:30:00,CRM,160.38,163.935,159.55,162.77,4989845
2026-07-24 13:30:00,CRM,162.8,164.45,162.65,163.61,4234196
2026-07-27 09:30:00,CRM,168.0,175.8,167.14,175.53,6239728
2026-07-27 13:30:00,CRM,175.53,176.9488,173.01,173.55,5279736
2026-07-28 09:30:00,CRM,176.905,184.54,176.905,183.515,9305891
2026-07-28 13:30:00,CRM,183.53,183.77,180.56,181.5,4845811
2026-07-29 09:30:00,CRM,182.01,189.37,182.01,188.23,8821217
2026-07-29 13:30:00,CRM,188.28,190.18,187.86,188.38,5997685
2026-07-30 09:30:00,CRM,180.99,182.5078,175.9,180.02,6627777
2026-07-30 13:30:00,CRM,180.31,181.17,179.79,180.74,3462082
2026-07-31 09:30:00,CRM,177.695,183.8,177.0253,183.72,3550772
2026-07-31 13:30:00,CRM,183.69,184.45,182.81,184.03,2930657
2026-08-03 09:30:00,CRM,188.99,193.7,187.46,188.39,5635028
2026-08-03 13:30:00,CRM,188.39,188.47,185.9,185.94,4700255
2026-08-04 09:30:00,CRM,183.09,189.98,183.0,189.6811,3652126
2026-08-04 13:30:00,CRM,189.73,191.285,189.595,190.99,3120351
2026-08-05 09:30:00,CRM,193.28,194.94,190.425,192.38,4569614
2026-08-05 13:30:00,CRM,192.42,193.06,192.13,192.84,2378634
2026-08-06 09:30:00,CRM,183.44,186.48,183.0,185.48,6195611
2026-08-06 13:30:00,CRM,185.43,187.02,184.64,186.82,3014659
2026-08-07 09:30:00,CRM,191.09,194.7,190.6,191.35,4912445
2026-08-07 13:30:00,CRM,191.34,192.91,190.88,192.72,3793699
2026-08-10 09:30:00,CRM,190.17,198.16,190.0,198.115,3865731
2026-08-10 13:30:00,CRM,198.09,198.184,196.76,197.48,2640523
2026-08-11 09:30:00,CRM,196.94,199.39,195.5001,197.31,4003838
2026-08-11 13:30:00,CRM,197.33,197.55,196.08,197.46,2076844
2026-08-12 09:30:00,CRM,192.0,196.5,191.85,192.41,3652270
2026-08-12 13:30:00,CRM,192.37,193.42,191.78,193.3,2753005
2026-08-13 09:30:00,CRM,195.83,196.8977,191.39,192.2,4943555
2026-08-13 13:30:00,CRM,192.3,202.99,192.0,201.34,8019548
2026-08-14 09:30:00,CRM,202.75,204.4,195.32,196.8,4114524
2026-08-14 13:30:00,CRM,196.84,197.195,195.8,196.19,2330963
2026-08-17 09:30:00,CRM,193.83,194.94,189.91,190.13,5041104
2026-08-17 13:30:00,CRM,190.13,192.29,190.13,191.04,3666927
2026-08-18 09:30:00,CRM,194.09,198.52,193.23,198.4,4390342
2026-08-18 13:30:00,CRM,198.415,199.41,195.79,196.14,3457334
2026-08-19 09:30:00,CRM,194.21,207.95,194.21,205.8,10604930
2026-08-19 13:30:00,CRM,205.77,207.77,205.23,206.1,3929930
2026-08-20 09:30:00,CRM,205.22,207.8795,203.0,206.79,3805527
2026-08-20 13:30:00,CRM,206.84,207.465,205.52,205.71,2964592
2026-08-21 09:30:00,CRM,205.58,211.07,204.7261,209.28,5445731
2026-08-21 13:30:00,CRM,209.29,209.42,206.9801,209.15,2902615
2026-08-24 09:30:00,CRM,208.42,213.17,207.39,209.725,4479201
2026-08-24 13:30:00,CRM,209.69,210.65,209.06,209.06,2759350
2026-08-25 09:30:00,CRM,205.85,210.31,205.03,205.88,4674675
2026-08-25 13:30:00,CRM,205.88,206.77,204.76,205.71,2711508
2026-08-26 09:30:00,CRM,199.94,205.87,198.95,203.9,4948014
2026-08-26 13:30:00,CRM,203.9,206.44,203.55,206.11,4175918
2026-08-27 09:30:00,CRM,230.05,250.75,230.05,249.46,37685964
2026-08-27 13:30:00,CRM,249.28,254.48,248.5958,251.96,15615840
2026-08-28 09:30:00,CRM,250.47,263.53,249.0,259.43,21610544
2026-08-28 13:30:00,CRM,259.3833,261.3901,255.72,256.24,10710904
2026-08-31 09:30:00,CRM,254.39,262.06,254.39,260.55,9618913
2026-08-31 13:30:00,CRM,260.52,262.28,257.42,257.62,6038688
2026-09-01 09:30:00,CRM,255.01,262.32,254.25,257.43,9429962
2026-09-01 13:30:00,CRM,257.4525,258.87,256.82,258.18,3664700
2026-09-02 09:30:00,CRM,259.38,264.55,253.6,254.3,7172807
2026-09-02 13:30:00,CRM,254.3,258.55,254.3,257.3,3797526
2026-09-03 09:30:00,CRM,261.98,268.27,261.6,265.35,8101522
2026-09-03 13:30:00,CRM,265.35,267.55,263.87,264.43,4547974
2026-09-04 09:30:00,CRM,263.4,263.6,257.82,261.2151,5095514
2026-09-04 13:30:00,CRM,261.215,261.73,258.92,259.3,3814049
2026-09-08 09:30:00,CRM,253.715,253.9999,246.55,248.68,8630458
2026-09-08 13:30:00,CRM,248.71,249.58,245.8902,249.22,4247964
2026-09-09 09:30:00,CRM,249.78,254.8,246.2905,247.765,4581609
2026-09-09 13:30:00,CRM,247.7196,247.84,243.45,244.22,3776154
2026-09-10 09:30:00,CRM,245.35,248.5,242.46,244.18,4273899
2026-09-10 13:30:00,CRM,244.17,244.37,241.75,243.09,3159322
2026-09-11 09:30:00,CRM,242.02,250.5472,242.02,248.89,4308386
2026-09-11 13:30:00,CRM,248.89,249.13,246.855,247.68,3177783
2026-09-14 09:30:00,CRM,255.75,258.81,251.5,258.72,6507910
2026-09-14 13:30:00,CRM,258.69,260.18,258.19,259.31,4627517
2026-09-15 09:30:00,CRM,256.89,262.335,255.6,260.21,4602621
2026-09-15 13:30:00,CRM,260.18,260.29,255.08,255.9,3826833
2026-09-16 09:30:00,CRM,254.08,256.4,249.7,251.365,4493090
2026-09-16 13:30:00,CRM,251.422,253.3799,249.6,250.68,3363084
2026-09-17 09:30:00,CRM,244.18,247.0,241.52,243.185,8596857
2026-09-17 13:30:00,CRM,243.205,245.44,242.81,243.01,3902721
2026-09-18 09:30:00,CRM,244.25,244.25,237.6,238.65,5297399
2026-09-18 13:30:00,CRM,238.65,239.71,236.545,237.945,4964423
2026-09-21 09:30:00,CRM,238.82,241.335,237.3,238.17,5442037
2026-09-21 13:30:00,CRM,238.23,238.3477,236.25,236.6,3150853
2026-09-22 09:30:00,CRM,241.5,242.44,229.81,231.51,6465394
2026-09-22 13:30:00,CRM,231.5074,234.05,231.2701,233.28,3338686
2026-09-23 09:30:00,CRM,234.415,241.12,234.24,239.81,4915119
2026-09-23 13:30:00,CRM,239.75,240.14,237.26,237.49,2800455
2026-09-24 09:30:00,CRM,240.64,242.09,237.0,238.88,4694477
2026-09-24 13:30:00,CRM,238.86,240.21,238.1763,238.31,2702661
2026-09-25 09:30:00,CRM,237.03,239.37,234.21,234.39,3566343
2026-09-25 13:30:00,CRM,234.36,235.0499,233.38,234.075,2884616
2026-09-28 09:30:00,CRM,225.0,230.5725,221.18,228.75,5731173
2026-09-28 13:30:00,CRM,228.75,229.7,227.05,227.35,2890257
2026-09-29 09:30:00,CRM,227.27,228.98,223.43,225.13,2988683
2026-09-29 13:30:00,CRM,225.085,226.125,223.97,225.41,3368984
2026-09-30 09:30:00,CRM,225.4,233.76,224.4301,229.61,3875077
2026-09-30 13:30:00,CRM,229.62,230.08,228.22,229.57,3033003
2026-10-01 09:30:00,CRM,235.28,239.45,230.75,233.755,4035677
2026-10-01 13:30:00,CRM,233.78,237.04,233.78,236.7,3035651
2026-10-02 09:30:00,CRM,238.11,239.0,233.7805,233.99,4162237
2026-10-02 13:30:00,CRM,234.04,234.74,233.17,234.64,1971937
2026-10-05 09:30:00,CRM,234.43,235.02,227.8106,229.215,2805685
2026-10-05 13:30:00,CRM,229.24,230.57,228.865,229.83,2034320
2026-10-06 09:30:00,CRM,231.75,233.0,225.54,225.82,2458164
2026-10-06 13:30:00,CRM,225.82,225.8677,222.89,224.97,2755531
2026-10-07 09:30:00,CRM,225.24,225.8,221.53,224.525,1990074
2026-10-07 13:30:00,CRM,224.525,226.5,224.42,224.55,1305999
2026-10-08 09:30:00,CRM,225.46,227.95,220.29,225.37,3097459
2026-10-08 13:30:00,CRM,225.37,227.87,223.63,227.73,1543045
2026-05-18 09:30:00,ORCL,190.0,190.76,183.68,186.76,21325243
2026-05-18 13:30:00,ORCL,186.76,186.87,183.27,186.58,5228703
2026-05-19 09:30:00,ORCL,186.0,188.7248,181.0,183.65,9138377
2026-05-19 13:30:00,ORCL,183.65,184.19,180.93,181.45,4513467
2026-05-20 09:30:00,ORCL,179.77,185.58,178.8,184.88,8611880
2026-05-20 13:30:00,ORCL,184.86,188.21,184.57,188.05,3667627
2026-05-21 09:30:00,ORCL,189.01,192.0,187.2,191.095,7206941
2026-05-21 13:30:00,ORCL,191.19,192.82,189.2501,189.725,3418616
2026-05-22 09:30:00,ORCL,191.67,197.0,191.1,192.9075,6755641
2026-05-22 13:30:00,ORCL,192.979,193.65,191.42,192.06,2712247
2026-05-26 09:30:00,ORCL,193.3,195.2,190.6,190.875,6528585
2026-05-26 13:30:00,ORCL,190.905,193.03,190.56,192.9,3343612
2026-05-27 09:30:00,ORCL,191.48,192.14,187.9161,188.75,6560586
2026-05-27 13:30:00,ORCL,188.72,191.6999,188.7,190.86,3377174
2026-05-28 09:30:00,ORCL,194.04,204.31,193.3772,202.92,16033163
2026-05-28 13:30:00,ORCL,202.935,205.0,202.52,203.7,5875275
2026-05-29 09:30:00,ORCL,209.0,224.095,208.01,223.98,24087757
2026-05-29 13:30:00,ORCL,223.985,226.29,221.39,225.74,9834926
2026-06-01 09:30:00,ORCL,230.5,246.43,224.6,246.0,30513856
2026-06-01 13:30:00,ORCL,245.92,250.25,245.82,248.13,11997395
2026-06-02 09:30:00,ORCL,242.8,249.0,238.84,243.68,20713275
2026-06-02 13:30:00,ORCL,243.68,245.65,242.845,244.54,6701593
2026-06-03 09:30:00,ORCL,240.48,240.51,227.605,228.71,14478919
2026-06-03 13:30:00,ORCL,228.675,232.74,228.44,230.5,5639324
2026-06-04 09:30:00,ORCL,227.0,237.06,224.0,233.96,12227681
2026-06-04 13:30:00,ORCL,233.87,238.95,233.85,236.31,4587463
2026-06-05 09:30:00,ORCL,229.49,231.44,213.55,215.22,14744582
2026-06-05 13:30:00,ORCL,215.2499,216.22,209.45,213.66,10735208
2026-06-08 09:30:00,ORCL,217.75,219.06,209.331,212.5,11718704
2026-06-08 13:30:00,ORCL,212.43,213.65,211.5,211.79,3926981
2026-06-09 09:30:00,ORCL,213.905,220.5,197.7901,203.68,17013463
2026-06-09 13:30:00,ORCL,203.67,206.47,203.0,205.7519,6129093
2026-06-10 09:30:00,ORCL,198.5,212.4799,198.18,203.92,17600560
2026-06-10 13:30:00,ORCL,203.89,205.8399,200.16,203.47,12265010
2026-06-11 09:30:00,ORCL,179.67,181.76,175.28,179.02,42271685
2026-06-11 13:30:00,ORCL,179.048,184.77,177.12,183.99,17576372
2026-06-12 09:30:00,ORCL,185.01,185.58,179.0,182.07,17249248
2026-06-12 13:30:00,ORCL,182.12,184.47,180.5209,184.12,9446286
2026-06-15 09:30:00,ORCL,187.39,195.32,186.2134,193.675,12582198
2026-06-15 13:30:00,ORCL,193.6585,194.07,191.59,192.69,4419195
2026-06-16 09:30:00,ORCL,190.01,195.32,187.66,189.045,9276169
2026-06-16 13:30:00,ORCL,189.0,190.74,187.9,188.375,5138873
2026-06-17 09:30:00,ORCL,186.155,190.19,184.7,189.35,7013367
2026-06-17 13:30:00,ORCL,189.31,189.66,182.58,183.51,6359911
2026-06-18 09:30:00,ORCL,183.01,187.16,177.7,186.705,12408439
2026-06-18 13:30:00,ORCL,186.75,187.99,184.11,184.31,7249208
2026-06-22 09:30:00,ORCL,182.31,184.58,174.51,174.99,12348344
2026-06-22 13:30:00,ORCL,175.0,177.385,174.4,175.4,6771727
2026-06-23 09:30:00,ORCL,170.23,174.33,167.77,167.93,15596982
2026-06-23 13:30:00,ORCL,167.94,168.24,164.61,165.235,11504730
2026-06-24 09:30:00,ORCL,162.475,165.75,155.59,155.59,21009921
2026-06-24 13:30:00,ORCL,155.59,158.17,155.35,157.61,13282584
2026-06-25 09:30:00,ORCL,157.35,157.62,150.36,151.87,15548920
2026-06-25 13:30:00,ORCL,151.83,153.77,151.01,152.65,15262606
2026-06-26 09:30:00,ORCL,150.26,153.54,149.56,150.065,17287759
2026-06-26 13:30:00,ORCL,150.085,150.8799,148.0,148.59,10020189
2026-06-29 09:30:00,ORCL,153.94,154.5,145.2,149.0,20616404
2026-06-29 13:30:00,ORCL,149.01,149.3399,147.0,147.79,8726583
2026-06-30 09:30:00,ORCL,147.25,149.93,144.48,146.545,14959103
2026-06-30 13:30:00,ORCL,146.52,147.77,146.115,146.7,11791072
2026-07-01 09:30:00,ORCL,144.49,147.55,143.5,144.3363,23419504
2026-07-01 13:30:00,ORCL,144.3,145.4,142.55,142.72,16484548
2026-07-02 09:30:00,ORCL,143.3,147.06,139.61,140.585,23956729
2026-07-02 13:30:00,ORCL,140.585,141.03,138.8272,140.3314,13285159
2026-07-06 09:30:00,ORCL,144.3,145.6222,141.16,144.355,21270793
2026-07-06 13:30:00,ORCL,144.355,144.52,142.95,143.795,8922118
2026-07-07 09:30:00,ORCL,143.72,145.56,137.55,140.64,24138227
2026-07-07 13:30:00,ORCL,140.65,142.05,140.12,141.6399,12771387
2026-07-08 09:30:00,ORCL,139.055,141.36,137.545,138.73,16808091
2026-07-08 13:30:00,ORCL,138.74,141.84,138.13,140.545,11983519
2026-07-09 09:30:00,ORCL,141.42,149.07,140.94,146.06,23089333
2026-07-09 13:30:00,ORCL,146.1,146.4,143.466,144.265,8496298
2026-07-10 09:30:00,ORCL,145.65,145.68,139.26,141.66,17195324
2026-07-10 13:30:00,ORCL,141.66,141.8335,140.48,140.68,6906233
2026-07-13 09:30:00,ORCL,139.03,139.65,133.85,134.05,29937841
2026-07-13 13:30:00,ORCL,134.05,134.15,131.35,131.68,20450702
2026-07-14 09:30:00,ORCL,132.0,132.76,128.42,129.645,31652990
2026-07-14 13:30:00,ORCL,129.64,130.16,127.6,127.975,13765651
2026-07-15 09:30:00,ORCL,130.56,133.5,128.84,132.975,25852648
2026-07-15 13:30:00,ORCL,133.0,133.9,131.89,132.53,16905856
2026-07-16 09:30:00,ORCL,131.475,131.78,125.57,126.82,26752636
2026-07-16 13:30:00,ORCL,126.815,126.95,123.66,124.24,22359075
2026-07-17 09:30:00,ORCL,121.7,128.435,121.5,127.92,23650540
2026-07-17 13:30:00,ORCL,127.88,128.22,125.5817,126.39,9922522
2026-07-20 09:30:00,ORCL,124.27,125.4897,120.03,122.63,23117971
2026-07-20 13:30:00,ORCL,122.66,123.8798,121.28,121.37,10594526
2026-07-21 09:30:00,ORCL,122.81,126.92,122.21,125.93,14537125
2026-07-21 13:30:00,ORCL,125.8,127.42,125.47,127.07,9962183
2026-07-22 09:30:00,ORCL,126.18,128.84,125.25,126.18,12969925
2026-07-22 13:30:00,ORCL,126.18,126.83,124.7,125.84,6139298
2026-07-23 09:30:00,ORCL,123.96,124.7,119.7,120.701,17548660
2026-07-23 13:30:00,ORCL,120.7,120.7497,119.44,120.035,8782487
2026-07-24 09:30:00,ORCL,122.47,123.08,116.01,118.42,24594719
2026-07-24 13:30:00,ORCL,118.39,118.868,114.75,114.99,16896441
2026-07-27 09:30:00,ORCL,118.0,121.99,116.8,119.8615,21918949
2026-07-27 13:30:00,ORCL,119.85,120.76,119.06,119.96,11230692
2026-07-28 09:30:00,ORCL,118.18,121.57,114.5,120.92,16427179
2026-07-28 13:30:00,ORCL,120.8904,122.33,119.93,119.99,8497059
2026-07-29 09:30:00,ORCL,119.42,120.45,116.2,118.25,12607495
2026-07-29 13:30:00,ORCL,118.25,121.92,117.58,117.79,9137031
2026-07-30 09:30:00,ORCL,122.87,128.34,121.58,126.83,24483791
2026-07-30 13:30:00,ORCL,126.875,128.17,125.9116,127.575,9520453
2026-07-31 09:30:00,ORCL,130.07,132.4,125.7,128.875,19911644
2026-07-31 13:30:00,ORCL,128.875,130.27,128.24,129.89,9071198
2026-08-03 09:30:00,ORCL,131.92,140.4195,130.21,140.09,27947897
2026-08-03 13:30:00,ORCL,140.05,143.07,139.6105,141.87,16724144
2026-08-04 09:30:00,ORCL,141.01,148.7,141.01,148.62,25888092
2026-08-04 13:30:00,ORCL,148.615,148.7,145.41,145.74,10619721
2026-08-05 09:30:00,ORCL,145.0,146.3899,142.5,144.23,12362999
2026-08-05 13:30:00,ORCL,144.22,145.86,143.915,144.38,5954924
2026-08-06 09:30:00,ORCL,139.25,146.58,138.72,144.33,13159984
2026-08-06 13:30:00,ORCL,144.3,144.665,143.1601,143.42,6285249
2026-08-07 09:30:00,ORCL,145.32,147.16,142.34,144.4,11965245
2026-08-07 13:30:00,ORCL,144.39,147.01,144.37,146.94,5497738
2026-08-10 09:30:00,ORCL,148.26,151.9,146.62,151.87,14438662
2026-08-10 13:30:00,ORCL,151.8401,151.99,150.35,151.035,6825952
2026-08-11 09:30:00,ORCL,151.2,151.99,144.24,144.8583,17255695
2026-08-11 13:30:00,ORCL,144.875,145.92,144.28,145.4261,5833604
2026-08-12 09:30:00,ORCL,152.81,153.4,147.89,152.65,24436677
2026-08-12 13:30:00,ORCL,152.7,154.89,151.77,153.28,15596038
2026-08-13 09:30:00,ORCL,151.98,159.26,151.91,154.21,15794850
2026-08-13 13:30:00,ORCL,154.1181,156.7499,153.465,156.29,7141115
2026-08-14 09:30:00,ORCL,155.84,156.39,151.81,152.07,9236484
2026-08-14 13:30:00,ORCL,152.0498,152.23,148.8001,150.34,10458985
2026-08-17 09:30:00,ORCL,148.45,150.4,145.5,147.01,13341745
2026-08-17 13:30:00,ORCL,147.0133,148.5799,146.61,146.66,5446806
2026-08-18 09:30:00,ORCL,143.25,146.0,142.37,143.67,11165267
2026-08-18 13:30:00,ORCL,143.695,144.62,142.35,142.68,5942382
2026-08-19 09:30:00,ORCL,142.695,146.08,137.43,143.3,16911634
2026-08-19 13:30:00,ORCL,143.31,145.24,142.94,143.88,6885806
2026-08-20 09:30:00,ORCL,144.3,145.92,141.02,141.36,8776660
2026-08-20 13:30:00,ORCL,141.34,142.43,141.21,142.06,4383255
2026-08-21 09:30:00,ORCL,143.715,148.35,142.6,146.795,12028437
2026-08-21 13:30:00,ORCL,146.76,147.45,145.27,146.495,4646101
2026-08-24 09:30:00,ORCL,145.12,145.12,141.25,143.45,8495243
2026-08-24 13:30:00,ORCL,143.48,144.03,142.25,142.44,3513019
2026-08-25 09:30:00,ORCL,143.3,146.335,143.16,144.565,6466707
2026-08-25 13:30:00,ORCL,144.56,145.22,142.51,144.76,4697746
2026-08-26 09:30:00,ORCL,147.0,151.63,146.825,148.255,10708547
2026-08-26 13:30:00,ORCL,148.26,149.38,147.56,148.87,4140914
2026-08-27 09:30:00,ORCL,152.106,153.83,147.52,148.335,12808920
2026-08-27 13:30:00,ORCL,148.39,152.04,148.315,151.9399,6925079
2026-08-28 09:30:00,ORCL,153.345,153.99,149.71,150.425,10768163
2026-08-28 13:30:00,ORCL,150.42,151.85,150.135,150.71,4389843
2026-08-31 09:30:00,ORCL,149.31,150.19,147.75,148.85,6793879
2026-08-31 13:30:00,ORCL,148.85,151.26,148.76,149.11,5361205
2026-09-01 09:30:00,ORCL,143.68,146.79,140.2801,140.86,14894966
2026-09-01 13:30:00,ORCL,140.86,141.61,139.95,141.31,7075296
2026-09-02 09:30:00,ORCL,140.17,146.21,139.72,144.85,11473831
2026-09-02 13:30:00,ORCL,144.835,146.69,144.79,145.77,6117002
2026-09-03 09:30:00,ORCL,147.27,154.7,146.92,154.42,13124420
2026-09-03 13:30:00,ORCL,154.42,156.77,153.471,154.05,9112811
2026-09-04 09:30:00,ORCL,159.455,159.7,156.79,157.59,16336550
2026-09-04 13:30:00,ORCL,157.6,158.85,156.71,158.765,7364168
2026-09-08 09:30:00,ORCL,167.6,170.7,162.0,162.42,26401256
2026-09-08 13:30:00,ORCL,162.445,163.11,161.16,162.52,7526946
2026-09-09 09:30:00,ORCL,163.54,165.15,160.36,163.125,12798508
2026-09-09 13:30:00,ORCL,163.12,164.59,161.21,161.69,9186297
2026-09-10 09:30:00,ORCL,158.375,159.24,155.635,156.72,20316164
2026-09-10 13:30:00,ORCL,156.71,156.7404,152.52,153.0999,17796034
2026-09-11 09:30:00,ORCL,164.43,166.0,150.41,152.765,59215745
2026-09-11 13:30:00,ORCL,152.77,153.15,149.84,150.255,15666008
2026-09-14 09:30:00,ORCL,141.42,145.33,141.01,143.78,24981518
2026-09-14 13:30:00,ORCL,143.77,144.74,143.12,144.73,14103336
2026-09-15 09:30:00,ORCL,143.46,144.88,140.41,143.115,18264009
2026-09-15 13:30:00,ORCL,143.12,143.25,140.02,140.34,9962200
2026-09-16 09:30:00,ORCL,140.03,146.52,139.0,143.3285,20224347
2026-09-16 13:30:00,ORCL,143.34,144.98,141.05,143.2,10495042
2026-09-17 09:30:00,ORCL,146.75,152.0,146.15,149.78,17628652
2026-09-17 13:30:00,ORCL,149.7987,150.74,148.6547,150.58,5845823
2026-09-18 09:30:00,ORCL,150.47,150.9,144.4,145.84,16912460
2026-09-18 13:30:00,ORCL,145.84,148.7475,145.75,147.615,7664838
2026-09-21 09:30:00,ORCL,148.93,149.98,146.16,148.595,13425324
2026-09-21 13:30:00,ORCL,148.58,149.47,147.87,148.57,5948370
2026-09-22 09:30:00,ORCL,151.25,153.6,148.6,149.125,18357962
2026-09-22 13:30:00,ORCL,149.125,150.5,148.7,149.12,8683286
2026-09-23 09:30:00,ORCL,148.3,148.662,145.53,146.4822,11127785
2026-09-23 13:30:00,ORCL,146.45,146.84,144.23,144.52,8516933
2026-09-24 09:30:00,ORCL,137.32,139.3,133.48,138.6099,43558835
2026-09-24 13:30:00,ORCL,138.61,140.34,138.01,139.525,9811799
2026-09-25 09:30:00,ORCL,138.57,140.8776,137.05,138.195,12899086
2026-09-25 13:30:00,ORCL,138.185,138.72,136.92,137.085,7556446
2026-09-28 09:30:00,ORCL,132.725,135.69,131.58,133.395,19540434
2026-09-28 13:30:00,ORCL,133.38,133.74,132.49,132.63,7633088
2026-09-29 09:30:00,ORCL,132.79,143.6699,132.53,137.73,32520798
2026-09-29 13:30:00,ORCL,137.75,138.69,137.46,137.9,10095035
2026-09-30 09:30:00,ORCL,136.54,138.27,134.75,137.32,12932264
2026-09-30 13:30:00,ORCL,137.335,138.5,137.1,137.31,5409171
2026-10-01 09:30:00,ORCL,139.6,140.25,135.33,138.1,11302921
2026-10-01 13:30:00,ORCL,138.128,139.08,137.6001,138.08,5308841
2026-10-02 09:30:00,ORCL,142.09,144.86,140.3,140.34,19800356
2026-10-02 13:30:00,ORCL,140.31,142.99,140.26,142.51,5621537
2026-10-05 09:30:00,ORCL,142.53,146.66,142.43,143.445,10923338
2026-10-05 13:30:00,ORCL,143.45,144.05,142.37,142.54,4170156
2026-10-06 09:30:00,ORCL,143.93,146.94,143.86,146.09,10556114
2026-10-06 13:30:00,ORCL,146.11,146.4799,144.62,144.77,4418145
2026-10-07 09:30:00,ORCL,142.54,144.7,141.37,144.18,8286588
2026-10-07 13:30:00,ORCL,144.1,144.65,143.56,143.56,3414716
2026-10-08 09:30:00,ORCL,142.19,142.775,134.66,137.17,20368098
2026-10-08 13:30:00,ORCL,137.1,138.1337,134.79,135.555,14960596
2026-05-18 09:30:00,AMZN,263.865,268.85,262.53,265.1599,21397303
2026-05-18 13:30:00,AMZN,265.15,265.29,262.7,264.92,7786010
2026-05-19 09:30:00,AMZN,262.02,262.215,255.19,258.39,24116382
2026-05-19 13:30:00,AMZN,258.4,259.75,256.8,259.42,10203471
2026-05-20 09:30:00,AMZN,260.132,265.58,259.533,263.3801,17810022
2026-05-20 13:30:00,AMZN,263.395,265.35,263.13,265.01,9564839
2026-05-21 09:30:00,AMZN,263.55,267.6,261.37,267.31,20314486
2026-05-21 13:30:00,AMZN,267.31,269.4899,266.955,268.39,10626407
2026-05-22 09:30:00,AMZN,268.65,269.785,267.35,269.35,13979629
2026-05-22 13:30:00,AMZN,269.35,269.6,266.24,266.3,8719459
2026-05-26 09:30:00,AMZN,267.575,269.3,262.07,262.28,20536559
2026-05-26 13:30:00,AMZN,262.27,265.74,262.165,265.31,10562784
2026-05-27 09:30:00,AMZN,266.15,272.41,265.7001,270.48,22378362
2026-05-27 13:30:00,AMZN,270.44,271.89,269.17,271.8673,10077902
2026-05-28 09:30:00,AMZN,272.24,272.32,267.44,271.04,19676831
2026-05-28 13:30:00,AMZN,271.035,274.45,271.025,273.96,12797259
2026-05-29 09:30:00,AMZN,271.315,274.75,270.61,271.23,19878841
2026-05-29 13:30:00,AMZN,271.23,272.1306,269.64,270.65,10305002
2026-06-01 09:30:00,AMZN,266.29,266.63,260.7,261.87,29912822
2026-06-01 13:30:00,AMZN,261.87,264.16,261.0,261.24,16133633
2026-06-02 09:30:00,AMZN,257.16,261.2025,254.37,257.625,22656886
2026-06-02 13:30:00,AMZN,257.62,258.58,256.35,256.5,10681252
2026-06-03 09:30:00,AMZN,254.7,257.09,247.71,248.08,28753001
2026-06-03 13:30:00,AMZN,248.04,250.27,247.81,249.97,14764897
2026-06-04 09:30:00,AMZN,253.32,255.8299,251.78,254.395,20451048
2026-06-04 13:30:00,AMZN,254.37,254.9,250.02,253.91,9299820
2026-06-05 09:30:00,AMZN,254.0,256.38,252.0101,253.41,20754101
2026-06-05 13:30:00,AMZN,253.37,253.84,245.78,245.97,23251713
2026-06-08 09:30:00,AMZN,246.61,249.42,244.89,245.8,17320096
2026-06-08 13:30:00,AMZN,245.79,245.88,243.395,245.21,9931855
2026-06-09 09:30:00,AMZN,247.7,250.43,237.0,243.51,23078427
2026-06-09 13:30:00,AMZN,243.46,245.7999,243.14,244.04,11449954
2026-06-10 09:30:00,AMZN,243.605,244.05,238.4,238.56,19816125
2026-06-10 13:30:00,AMZN,238.52,239.4,237.45,237.945,11224950
2026-06-11 09:30:00,AMZN,237.93,238.78,235.18,238.34,20128480
2026-06-11 13:30:00,AMZN,238.36,242.14,237.94,241.29,14854854
2026-06-12 09:30:00,AMZN,243.21,243.33,233.59,237.02,32703072
2026-06-12 13:30:00,AMZN,237.022,238.6,236.02,238.53,10073762
2026-06-15 09:30:00,AMZN,245.164,247.805,244.73,246.775,22313269
2026-06-15 13:30:00,AMZN,246.78,247.0,245.46,246.1,9163128
2026-06-16 09:30:00,AMZN,248.0,249.51,245.4511,245.83,18326593
2026-06-16 13:30:00,AMZN,245.84,246.73,245.51,246.07,9740227
2026-06-17 09:30:00,AMZN,245.01,245.91,239.18,239.99,20568971
2026-06-17 13:30:00,AMZN,239.98,240.669,236.635,237.44,14856642
2026-06-18 09:30:00,AMZN,240.22,245.35,236.02,245.285,36951931
2026-06-18 13:30:00,AMZN,245.2883,245.73,242.44,244.3525,13742779
2026-06-22 09:30:00,AMZN,240.49,242.0,232.25,233.595,32563358
2026-06-22 13:30:00,AMZN,233.595,235.055,232.79,232.79,21642873
2026-06-23 09:30:00,AMZN,232.55,236.87,232.0,233.97,26137158
2026-06-23 13:30:00,AMZN,233.97,235.84,233.85,234.1,14888915
2026-06-24 09:30:00,AMZN,233.845,242.4199,232.95,239.335,28206721
2026-06-24 13:30:00,AMZN,239.335,239.53,233.9,234.35,24206888
2026-06-25 09:30:00,AMZN,231.93,232.26,226.06,228.24,35722836
2026-06-25 13:30:00,AMZN,228.24,230.445,225.555,227.13,25449016
2026-06-26 09:30:00,AMZN,227.39,232.605,226.125,230.89,37696528
2026-06-26 13:30:00,AMZN,230.875,232.95,227.85,230.55,36238527
2026-06-29 09:30:00,AMZN,234.245,252.525,233.8,240.81,46511168
2026-06-29 13:30:00,AMZN,240.815,241.99,239.725,240.12,21172593
2026-06-30 09:30:00,AMZN,237.43,241.54,237.19,239.07,29414444
2026-06-30 13:30:00,AMZN,239.07,239.53,237.41,238.25,22069801
2026-07-01 09:30:00,AMZN,239.98,244.9,234.9,244.325,28732080
2026-07-01 13:30:00,AMZN,244.35,244.6,241.5,241.67,15589344
2026-07-02 09:30:00,AMZN,241.6025,246.72,241.08,244.885,24480335
2026-07-02 13:30:00,AMZN,244.87,245.429,242.28,242.28,12617650
2026-07-06 09:30:00,AMZN,243.795,246.04,240.88,245.415,18497979
2026-07-06 13:30:00,AMZN,245.39,245.85,243.96,244.23,9555827
2026-07-07 09:30:00,AMZN,247.32,248.915,242.7,245.43,23979674
2026-07-07 13:30:00,AMZN,245.445,246.75,245.25,245.95,9075484
2026-07-08 09:30:00,AMZN,244.14,244.77,240.52,242.57,14048719
2026-07-08 13:30:00,AMZN,242.58,244.24,241.4,243.56,8469364
2026-07-09 09:30:00,AMZN,239.745,244.1,238.25,244.015,16610456
2026-07-09 13:30:00,AMZN,244.01,247.4599,243.41,247.02,12122782
2026-07-10 09:30:00,AMZN,249.64,251.03,244.41,244.85,16310596
2026-07-10 13:30:00,AMZN,244.845,246.08,244.42,245.31,9061364
2026-07-13 09:30:00,AMZN,244.26,249.34,244.23,248.43,16617383
2026-07-13 13:30:00,AMZN,248.5,249.65,245.96,247.37,11159636
2026-07-14 09:30:00,AMZN,245.53,247.25,243.8,246.465,14344862
2026-07-14 13:30:00,AMZN,246.49,248.56,246.1505,247.5,9060652
2026-07-15 09:30:00,AMZN,252.7,256.48,250.36,255.0501,25331943
2026-07-15 13:30:00,AMZN,255.09,255.41,253.676,254.88,10064417
2026-07-16 09:30:00,AMZN,255.385,258.0825,252.62,256.46,20808804
2026-07-16 13:30:00,AMZN,256.48,256.595,248.0,249.9,15511112
2026-07-17 09:30:00,AMZN,244.7,250.24,243.59,248.76,24692733
2026-07-17 13:30:00,AMZN,248.75,248.75,246.6,247.26,9386772
2026-07-20 09:30:00,AMZN,248.75,252.89,248.12,250.44,16065615
2026-07-20 13:30:00,AMZN,250.445,250.82,249.065,250.095,8700796
2026-07-21 09:30:00,AMZN,249.122,249.34,246.72,248.615,12889739
2026-07-21 13:30:00,AMZN,248.615,248.82,247.23,247.51,8061258
2026-07-22 09:30:00,AMZN,248.13,248.45,242.94,243.0301,14227878
2026-07-22 13:30:00,AMZN,243.035,245.175,242.45,244.77,9973709
2026-07-23 09:30:00,AMZN,236.32,238.3499,223.6795,234.49,27900680
2026-07-23 13:30:00,AMZN,234.5,234.51,232.91,233.56,11096059
2026-07-24 09:30:00,AMZN,234.37,234.95,231.35,233.555,18671326
2026-07-24 13:30:00,AMZN,233.57,233.87,231.36,232.07,11205668
2026-07-27 09:30:00,AMZN,235.7,235.88,230.99,231.7007,17576819
2026-07-27 13:30:00,AMZN,231.71,232.9889,231.21,231.39,8298785
2026-07-28 09:30:00,AMZN,232.85,233.02,228.1,232.03,20112791
2026-07-28 13:30:00,AMZN,232.04,232.14,230.4,230.9,13499230
2026-07-29 09:30:00,AMZN,229.315,230.88,227.195,230.14,17257443
2026-07-29 13:30:00,AMZN,230.13,232.82,226.16,226.71,16225243
2026-07-30 09:30:00,AMZN,233.25,239.49,231.06,237.77,41661186
2026-07-30 13:30:00,AMZN,237.75,239.8236,234.7801,236.03,25772187
2026-07-31 09:30:00,AMZN,264.985,272.04,262.15,271.31,79378634
2026-07-31 13:30:00,AMZN,271.33,273.23,270.2,271.61,115457400
2026-08-03 09:30:00,AMZN,278.29,287.16,278.22,284.68,59788465
2026-08-03 13:30:00,AMZN,284.66,285.9,282.4166,284.02,19540943
2026-08-04 09:30:00,AMZN,276.06,281.07,275.82,278.75,40133642
2026-08-04 13:30:00,AMZN,278.76,279.04,276.9,277.43,17746422
2026-08-05 09:30:00,AMZN,281.59,282.79,271.18,271.92,24544725
2026-08-05 13:30:00,AMZN,271.93,273.17,270.74,272.6,11943489
2026-08-06 09:30:00,AMZN,273.47,275.48,271.71,271.94,15329047
2026-08-06 13:30:00,AMZN,271.9499,272.45,271.0845,272.2,7379880
2026-08-07 09:30:00,AMZN,272.89,278.31,272.75,274.345,17453030
2026-08-07 13:30:00,AMZN,274.345,275.575,273.92,274.44,9324351
2026-08-10 09:30:00,AMZN,274.2,280.14,273.6001,277.655,17138052
2026-08-10 13:30:00,AMZN,277.6475,278.37,276.24,278.08,11391882
2026-08-11 09:30:00,AMZN,278.4,278.725,271.42,272.0399,13648738
2026-08-11 13:30:00,AMZN,272.01,273.43,271.36,272.28,10361986
2026-08-12 09:30:00,AMZN,273.205,273.46,267.555,268.74,16530719
2026-08-12 13:30:00,AMZN,268.75,269.24,267.1,267.31,8511367
2026-08-13 09:30:00,AMZN,267.235,269.58,264.82,265.6,17542782
2026-08-13 13:30:00,AMZN,265.604,266.51,264.705,265.16,8319059
2026-08-14 09:30:00,AMZN,264.875,265.81,263.01,263.32,12750887
2026-08-14 13:30:00,AMZN,263.33,264.01,262.42,262.66,9337374
2026-08-17 09:30:00,AMZN,265.44,265.75,258.59,258.65,25906196
2026-08-17 13:30:00,AMZN,258.655,261.4,258.339,261.335,11879474
2026-08-18 09:30:00,AMZN,260.63,262.18,257.73,260.89,16917112
2026-08-18 13:30:00,AMZN,260.87,260.87,259.11,259.48,9057475
2026-08-19 09:30:00,AMZN,260.845,265.15,258.58,264.72,18414771
2026-08-19 13:30:00,AMZN,264.72,266.4,263.8601,265.89,9933919
2026-08-20 09:30:00,AMZN,262.905,263.84,259.92,261.4201,14033283
2026-08-20 13:30:00,AMZN,261.435,261.72,259.52,260.19,8314581
2026-08-21 09:30:00,AMZN,260.75,261.08,257.035,259.22,22161894
2026-08-21 13:30:00,AMZN,259.19,259.945,258.02,258.65,8044495
2026-08-24 09:30:00,AMZN,259.7465,263.32,259.05,261.9,15719715
2026-08-24 13:30:00,AMZN,261.89,263.04,261.5,262.0304,6183139
2026-08-25 09:30:00,AMZN,262.6,263.8719,260.12,260.24,10833795
2026-08-25 13:30:00,AMZN,260.25,262.07,259.83,260.97,6746375
2026-08-26 09:30:00,AMZN,260.72,262.05,258.24,259.32,10709490
2026-08-26 13:30:00,AMZN,259.34,260.75,258.45,260.28,6346456
2026-08-27 09:30:00,AMZN,259.23,259.66,255.44,255.9,19156856
2026-08-27 13:30:00,AMZN,255.88,257.08,255.02,256.22,10062288
2026-08-28 09:30:00,AMZN,258.32,267.56,257.78,265.26,30726723
2026-08-28 13:30:00,AMZN,265.22,266.73,264.77,266.38,10863402
2026-08-31 09:30:00,AMZN,263.825,264.26,259.716,260.795,15094014
2026-08-31 13:30:00,AMZN,260.8,261.39,257.15,259.93,17693462
2026-09-01 09:30:00,AMZN,254.83,255.82,251.93,254.355,17291025
2026-09-01 13:30:00,AMZN,254.39,255.41,253.88,254.92,7641663
2026-09-02 09:30:00,AMZN,254.255,256.24,253.4,254.78,13059782
2026-09-02 13:30:00,AMZN,254.775,255.505,254.4,254.97,6416620
2026-09-03 09:30:00,AMZN,256.32,259.4299,256.0,258.6517,14550435
2026-09-03 13:30:00,AMZN,258.75,259.5,258.05,258.9,6482327
2026-09-04 09:30:00,AMZN,259.215,261.12,255.29,256.88,14611731
2026-09-04 13:30:00,AMZN,256.84,259.28,256.685,258.51,8299380
2026-09-08 09:30:00,AMZN,256.76,257.99,254.75,256.9101,14118766
2026-09-08 13:30:00,AMZN,256.925,257.5,256.07,256.96,7015242
2026-09-09 09:30:00,AMZN,253.12,254.62,250.65,252.25,18017803
2026-09-09 13:30:00,AMZN,252.25,252.76,251.43,252.48,8344139
2026-09-10 09:30:00,AMZN,250.19,253.15,249.58,252.41,12670204
2026-09-10 13:30:00,AMZN,252.41,252.43,250.89,251.89,5672242
2026-09-11 09:30:00,AMZN,254.045,256.9118,253.14,256.7,12571762
2026-09-11 13:30:00,AMZN,256.69,257.59,256.19,256.79,7855187
2026-09-14 09:30:00,AMZN,253.375,255.2,250.75,254.87,17828363
2026-09-14 13:30:00,AMZN,254.86,255.95,252.73,253.56,10595672
2026-09-15 09:30:00,AMZN,252.375,253.27,248.3,248.4299,17819510
2026-09-15 13:30:00,AMZN,248.44,249.0,247.22,248.44,11524011
2026-09-16 09:30:00,AMZN,248.2,249.26,246.69,247.74,15049255
2026-09-16 13:30:00,AMZN,247.755,248.4,244.3,245.84,12013251
2026-09-17 09:30:00,AMZN,251.13,252.73,249.24,251.265,15857044
2026-09-17 13:30:00,AMZN,251.26,251.89,250.73,251.18,6267121
2026-09-18 09:30:00,AMZN,252.86,255.43,251.88,253.05,24400040
2026-09-18 13:30:00,AMZN,253.06,254.8,252.751,253.51,7328707
2026-09-21 09:30:00,AMZN,256.52,258.69,253.6,257.6625,21198825
2026-09-21 13:30:00,AMZN,257.6731,259.49,257.5,258.43,10641676
2026-09-22 09:30:00,AMZN,255.38,259.0,253.79,254.2634,22123234
2026-09-22 13:30:00,AMZN,254.235,256.35,253.83,254.88,10633806
2026-09-23 09:30:00,AMZN,253.33,253.81,247.76,248.055,24562996
2026-09-23 13:30:00,AMZN,248.05,250.29,247.84,249.35,11400907
2026-09-24 09:30:00,AMZN,245.97,249.739,245.605,249.31,18451541
2026-09-24 13:30:00,AMZN,249.3,250.43,248.35,249.35,8525549
2026-09-25 09:30:00,AMZN,248.56,250.8775,247.18,250.51,18603563
2026-09-25 13:30:00,AMZN,250.43,250.77,249.26,249.74,7760231
2026-09-28 09:30:00,AMZN,245.21,247.7699,244.725,246.985,17210409
2026-09-28 13:30:00,AMZN,246.94,247.44,245.69,246.26,7497283
2026-09-29 09:30:00,AMZN,246.945,247.5399,245.14,246.55,14145901
2026-09-29 13:30:00,AMZN,246.535,248.8389,246.36,246.695,9718285
2026-09-30 09:30:00,AMZN,246.635,252.44,246.09,250.6899,18057058
2026-09-30 13:30:00,AMZN,250.66,251.59,248.68,249.03,11055363
2026-10-01 09:30:00,AMZN,251.5,251.83,246.1167,249.175,18595708
2026-10-01 13:30:00,AMZN,249.2,249.97,247.85,248.32,7725824
2026-10-02 09:30:00,AMZN,251.28,253.5577,250.0201,251.19,17987575
2026-10-02 13:30:00,AMZN,251.1601,251.96,250.1801,251.53,6777257
2026-10-05 09:30:00,AMZN,250.18,253.8999,250.18,253.58,17008170
2026-10-05 13:30:00,AMZN,253.58,254.5262,251.16,251.52,10828357
2026-10-06 09:30:00,AMZN,253.4,256.22,251.08,255.36,17863577
2026-10-06 13:30:00,AMZN,255.35,256.675,255.25,256.33,8307357
2026-10-07 09:30:00,AMZN,254.07,259.3859,253.17,259.065,19212298
2026-10-07 13:30:00,AMZN,259.0703,260.14,258.51,259.88,9944826
2026-10-08 09:30:00,AMZN,259.72,259.8599,254.7501,255.02,15728091
2026-10-08 13:30:00,AMZN,255.025,255.72,253.78,254.12,12521301
2026-05-18 09:30:00,XOM,157.315,161.23,155.23,160.55,11199732
2026-05-18 13:30:00,XOM,160.55,161.73,159.78,160.48,5851965
2026-05-19 09:30:00,XOM,161.5,162.15,159.6402,161.76,8059182
2026-05-19 13:30:00,XOM,161.77,163.32,161.685,162.62,5991926
2026-05-20 09:30:00,XOM,161.61,163.68,157.972,158.65,9300244
2026-05-20 13:30:00,XOM,158.66,158.66,156.28,156.295,5162778
2026-05-21 09:30:00,XOM,158.42,159.39,153.925,154.48,8245380
2026-05-21 13:30:00,XOM,154.56,155.49,153.46,155.28,6300349
2026-05-22 09:30:00,XOM,154.03,155.5499,153.4,153.4,5439070
2026-05-22 13:30:00,XOM,153.425,155.26,153.17,154.865,4140667
2026-05-26 09:30:00,XOM,153.5,154.55,150.4301,150.535,5426997
2026-05-26 13:30:00,XOM,150.54,150.91,149.47,149.86,4712631
2026-05-27 09:30:00,XOM,147.225,148.685,145.7528,148.46,7174971
2026-05-27 13:30:00,XOM,148.48,148.65,147.57,148.0,4273197
2026-05-28 09:30:00,XOM,149.34,150.21,147.29,147.5599,5510960
2026-05-28 13:30:00,XOM,147.545,147.77,146.87,147.0,4560897
2026-05-29 09:30:00,XOM,146.185,146.93,144.71,145.8646,6368413
2026-05-29 13:30:00,XOM,145.875,146.085,145.0174,145.37,4780110
2026-06-01 09:30:00,XOM,147.02,149.59,147.0,148.0,7888551
2026-06-01 13:30:00,XOM,148.04,149.59,147.79,149.47,5658173
2026-06-02 09:30:00,XOM,149.025,150.43,148.5,150.26,4181533
2026-06-02 13:30:00,XOM,150.26,150.83,149.64,149.65,3269760
2026-06-03 09:30:00,XOM,150.605,154.91,150.02,154.165,6272494
2026-06-03 13:30:00,XOM,154.17,154.36,152.5,152.71,4729196
2026-06-04 09:30:00,XOM,152.05,153.4271,150.94,152.94,4651910
2026-06-04 13:30:00,XOM,152.95,152.98,151.73,152.09,4432132
2026-06-05 09:30:00,XOM,152.005,152.13,149.3,150.43,6380733
2026-06-05 13:30:00,XOM,150.455,151.02,149.84,150.02,4364798
2026-06-08 09:30:00,XOM,151.155,153.81,151.08,151.12,5893117
2026-06-08 13:30:00,XOM,151.1,152.18,150.9,151.75,3686248
2026-06-09 09:30:00,XOM,150.91,151.13,147.78,148.76,7375918
2026-06-09 13:30:00,XOM,148.77,149.16,148.24,148.815,4420308
2026-06-10 09:30:00,XOM,151.23,152.49,149.56,152.415,6780419
2026-06-10 13:30:00,XOM,152.42,152.44,150.51,150.66,4707844
2026-06-11 09:30:00,XOM,152.3,152.49,148.7,148.7,6003920
2026-06-11 13:30:00,XOM,148.66,149.15,146.42,146.555,6273208
2026-06-12 09:30:00,XOM,145.63,148.91,145.15,147.14,8813431
2026-06-12 13:30:00,XOM,147.15,147.6,146.41,147.01,3590490
2026-06-15 09:30:00,XOM,139.74,141.98,137.72,141.57,13337524
2026-06-15 13:30:00,XOM,141.57,141.785,140.62,140.97,6096835
2026-06-16 09:30:00,XOM,140.19,142.15,139.98,140.99,8543130
2026-06-16 13:30:00,XOM,140.98,141.88,140.34,141.87,5454020
2026-06-17 09:30:00,XOM,141.22,142.34,140.59,141.32,5611505
2026-06-17 13:30:00,XOM,141.31,141.5,140.3201,140.725,5352274
2026-06-18 09:30:00,XOM,138.32,138.46,135.85,137.07,13633485
2026-06-18 13:30:00,XOM,137.1,138.16,136.72,137.77,7364272
2026-06-22 09:30:00,XOM,138.54,139.0,137.02,138.15,5992572
2026-06-22 13:30:00,XOM,138.15,138.935,138.09,138.46,4956953
2026-06-23 09:30:00,XOM,139.46,140.29,138.5,140.21,4885301
2026-06-23 13:30:00,XOM,140.22,140.39,139.68,139.73,4649760
2026-06-24 09:30:00,XOM,137.12,137.64,135.59,136.065,6169174
2026-06-24 13:30:00,XOM,136.07,136.97,135.88,136.88,4541786
2026-06-25 09:30:00,XOM,135.64,138.07,134.95,136.71,5626319
2026-06-25 13:30:00,XOM,136.72,137.7,136.675,137.56,3181364
2026-06-26 09:30:00,XOM,136.97,137.58,135.98,136.445,5178437
2026-06-26 13:30:00,XOM,136.45,136.77,135.915,136.4,4731824
2026-06-29 09:30:00,XOM,136.58,137.39,135.3925,136.79,5197746
2026-06-29 13:30:00,XOM,136.79,137.14,135.9,136.045,3394906
2026-06-30 09:30:00,XOM,136.48,137.3,135.33,136.15,5882585
2026-06-30 13:30:00,XOM,136.155,137.03,136.09,136.49,5684875
2026-07-01 09:30:00,XOM,136.53,137.49,135.65,136.68,4737030
2026-07-01 13:30:00,XOM,136.69,136.81,135.63,136.26,3821906
2026-07-02 09:30:00,XOM,137.15,139.14,136.53,137.1201,6129612
2026-07-02 13:30:00,XOM,137.12,137.37,136.33,136.97,4300798
2026-07-06 09:30:00,XOM,136.545,137.37,136.01,136.555,4766543
2026-07-06 13:30:00,XOM,136.56,137.2,136.25,136.45,4769816
2026-07-07 09:30:00,XOM,138.56,141.39,138.13,139.97,5558656
2026-07-07 13:30:00,XOM,139.98,141.74,139.38,141.66,6109585
2026-07-08 09:30:00,XOM,143.435,143.99,139.81,140.035,9562358
2026-07-08 13:30:00,XOM,140.02,141.29,139.915,140.95,5457713
2026-07-09 09:30:00,XOM,139.66,140.05,137.6,137.815,5892538
2026-07-09 13:30:00,XOM,137.815,138.2,137.12,137.37,4517985
2026-07-10 09:30:00,XOM,137.9,138.75,137.14,138.08,3746326
2026-07-10 13:30:00,XOM,138.0745,138.965,137.72,138.83,3081071
2026-07-13 09:30:00,XOM,140.92,144.41,140.485,144.185,7090699
2026-07-13 13:30:00,XOM,144.18,145.23,144.061,144.565,6459636
2026-07-14 09:30:00,XOM,145.505,146.0,143.89,144.485,6287200
2026-07-14 13:30:00,XOM,144.5,145.32,144.41,145.09,5144442
2026-07-15 09:30:00,XOM,145.09,145.09,142.03,142.975,5683917
2026-07-15 13:30:00,XOM,142.94,144.87,142.86,144.5,4217000
2026-07-16 09:30:00,XOM,145.275,146.87,144.55,145.645,4472252
2026-07-16 13:30:00,XOM,145.63,146.35,145.54,145.97,4801031
2026-07-17 09:30:00,XOM,149.03,150.0,147.31,147.81,9072547
2026-07-17 13:30:00,XOM,147.8,148.25,147.17,147.39,5518204
2026-07-20 09:30:00,XOM,146.71,148.97,146.23,148.83,5154136
2026-07-20 13:30:00,XOM,148.825,149.09,148.29,148.4,3862507
2026-07-21 09:30:00,XOM,149.01,151.5,148.48,150.68,5857663
2026-07-21 13:30:00,XOM,150.68,151.75,150.62,151.72,4203865
2026-07-22 09:30:00,XOM,153.86,154.8,152.95,154.38,6472163
2026-07-22 13:30:00,XOM,154.39,154.72,153.94,154.45,4794314
2026-07-23 09:30:00,XOM,157.0,158.57,156.06,157.34,7766496
2026-07-23 13:30:00,XOM,157.32,157.91,156.38,156.86,4992473
2026-07-24 09:30:00,XOM,156.4,158.71,155.68,156.7,5989811
2026-07-24 13:30:00,XOM,156.69,157.27,156.245,156.93,3826536
2026-07-27 09:30:00,XOM,153.07,155.42,152.5,154.45,5214758
2026-07-27 13:30:00,XOM,154.45,155.25,154.21,154.79,4448235
2026-07-28 09:30:00,XOM,154.17,156.18,151.875,152.365,7010803
2026-07-28 13:30:00,XOM,152.37,153.77,152.31,153.19,5770029
2026-07-29 09:30:00,XOM,157.7,159.0722,156.64,157.24,6264796
2026-07-29 13:30:00,XOM,157.215,157.3903,155.855,156.81,4619188
2026-07-30 09:30:00,XOM,155.09,156.37,154.525,156.17,4659024
2026-07-30 13:30:00,XOM,156.155,157.78,156.12,157.08,3360547
2026-07-31 09:30:00,XOM,153.74,155.37,152.14,154.625,6859803
2026-07-31 13:30:00,XOM,154.65,156.16,154.15,155.49,4903412
2026-08-03 09:30:00,XOM,153.455,155.91,152.65,155.15,6181772
2026-08-03 13:30:00,XOM,155.15,155.46,153.72,155.05,4296158
2026-08-04 09:30:00,XOM,151.62,154.56,149.09,154.47,6633146
2026-08-04 13:30:00,XOM,154.47,154.84,153.52,153.965,4556000
2026-08-05 09:30:00,XOM,155.035,155.04,151.1501,151.895,4938393
2026-08-05 13:30:00,XOM,151.88,152.43,151.35,151.61,4105221
2026-08-06 09:30:00,XOM,154.22,154.22,151.84,153.89,5329943
2026-08-06 13:30:00,XOM,153.88,154.87,153.63,154.83,3650131
2026-08-07 09:30:00,XOM,152.64,153.67,151.53,153.3,4866737
2026-08-07 13:30:00,XOM,153.32,153.39,152.15,152.945,5068610
2026-08-10 09:30:00,XOM,154.5,159.1655,154.45,159.05,6668172
2026-08-10 13:30:00,XOM,159.04,160.37,159.01,159.79,5995094
2026-08-11 09:30:00,XOM,159.655,161.67,159.48,159.62,5165257
2026-08-11 13:30:00,XOM,159.625,160.25,159.27,159.8,4731545
2026-08-12 09:30:00,XOM,158.55,159.62,157.56,159.495,4014523
2026-08-12 13:30:00,XOM,159.495,160.23,159.26,159.76,3682870
2026-08-13 09:30:00,XOM,158.03,159.76,157.43,159.055,4510032
2026-08-13 13:30:00,XOM,159.04,159.15,158.1988,158.65,3734211
2026-08-14 09:30:00,XOM,159.62,161.255,159.25,161.07,4479322
2026-08-14 13:30:00,XOM,161.08,161.18,159.795,160.09,3829433
2026-08-17 09:30:00,XOM,160.1,161.74,159.0906,161.73,5057861
2026-08-17 13:30:00,XOM,161.735,162.51,161.16,161.51,5004996
2026-08-18 09:30:00,XOM,164.57,165.37,163.254,164.835,8537500
2026-08-18 13:30:00,XOM,164.84,165.67,164.7101,165.615,4931245
2026-08-19 09:30:00,XOM,166.065,168.21,165.65,166.0,5344910
2026-08-19 13:30:00,XOM,165.99,166.3,164.66,164.81,3998680
2026-08-20 09:30:00,XOM,167.02,168.64,166.9,167.625,5125039
2026-08-20 13:30:00,XOM,167.65,167.745,166.07,166.285,3847263
2026-08-21 09:30:00,XOM,166.54,168.0,165.2195,165.22,5800164
2026-08-21 13:30:00,XOM,165.22,165.585,164.61,165.11,4627112
2026-08-24 09:30:00,XOM,163.87,165.22,162.25,162.85,3471153
2026-08-24 13:30:00,XOM,162.775,164.11,162.75,164.07,4968117
2026-08-25 09:30:00,XOM,161.45,162.805,160.8001,161.75,6138337
2026-08-25 13:30:00,XOM,161.67,162.12,160.46,160.64,6952079
2026-08-26 09:30:00,XOM,158.0,161.13,157.76,159.69,6281492
2026-08-26 13:30:00,XOM,159.695,159.75,157.98,158.2,4840940
2026-08-27 09:30:00,XOM,157.625,158.19,156.14,157.475,4266760
2026-08-27 13:30:00,XOM,157.49,157.915,156.14,156.41,5094357
2026-08-28 09:30:00,XOM,156.6,157.42,155.32,156.06,4377674
2026-08-28 13:30:00,XOM,156.0424,157.02,155.42,156.69,4284459
2026-08-31 09:30:00,XOM,159.94,161.59,158.74,159.715,5876396
2026-08-31 13:30:00,XOM,159.705,161.1,159.57,160.96,3973341
2026-09-01 09:30:00,XOM,163.6,164.1133,162.215,164.025,4720773
2026-09-01 13:30:00,XOM,164.01,164.7,163.85,164.57,3740669
2026-09-02 09:30:00,XOM,163.93,164.7699,162.76,163.31,4488691
2026-09-02 13:30:00,XOM,163.305,165.02,163.22,164.18,3486901
2026-09-03 09:30:00,XOM,164.43,165.65,163.37,163.68,6048714
2026-09-03 13:30:00,XOM,163.66,163.67,162.09,162.245,4057409
2026-09-04 09:30:00,XOM,160.4701,161.48,159.16,160.3645,4966809
2026-09-04 13:30:00,XOM,160.37,160.54,159.22,159.43,5168422
2026-09-08 09:30:00,XOM,160.61,163.11,158.75,158.96,5153320
2026-09-08 13:30:00,XOM,158.94,161.25,158.9001,160.7,3818920
2026-09-09 09:30:00,XOM,162.875,165.05,162.55,164.35,6090103
2026-09-09 13:30:00,XOM,164.38,165.18,163.98,164.26,4428639
2026-09-10 09:30:00,XOM,167.0,167.37,163.18,165.53,7269196
2026-09-10 13:30:00,XOM,165.52,165.81,164.93,165.24,3811434
2026-09-11 09:30:00,XOM,165.295,167.09,164.08,165.49,4766805
2026-09-11 13:30:00,XOM,165.49,166.2,165.03,166.0,3797609
2026-09-14 09:30:00,XOM,168.7,169.45,164.66,165.2201,6336645
2026-09-14 13:30:00,XOM,165.24,165.805,164.04,165.07,3826869
2026-09-15 09:30:00,XOM,165.36,169.51,165.15,169.41,5755125
2026-09-15 13:30:00,XOM,169.42,169.64,168.471,169.29,3951179
2026-09-16 09:30:00,XOM,167.23,167.495,163.15,164.85,6044749
2026-09-16 13:30:00,XOM,164.82,165.05,162.56,163.33,4106152
2026-09-17 09:30:00,XOM,161.83,163.245,161.445,162.83,4893427
2026-09-17 13:30:00,XOM,162.812,163.385,162.56,163.26,2826077
2026-09-18 09:30:00,XOM,162.5,163.4,162.22,162.71,6631525
2026-09-18 13:30:00,XOM,162.78,163.37,161.31,163.185,4973095
2026-09-21 09:30:00,XOM,160.96,161.9499,158.08,158.365,5560791
2026-09-21 13:30:00,XOM,158.34,159.66,157.94,158.3,5409896
2026-09-22 09:30:00,XOM,157.53,159.97,155.85,159.74,5874853
2026-09-22 13:30:00,XOM,159.755,159.85,158.05,158.69,5072267
2026-09-23 09:30:00,XOM,159.62,162.1199,159.4206,160.77,5663061
2026-09-23 13:30:00,XOM,160.8,161.48,160.77,161.28,3553188
2026-09-24 09:30:00,XOM,163.055,164.9099,161.63,162.45,6347592
2026-09-24 13:30:00,XOM,162.42,162.7,161.2,162.04,3833294
2026-09-25 09:30:00,XOM,160.23,161.79,159.78,160.255,4652495
2026-09-25 13:30:00,XOM,160.255,160.81,159.94,160.56,2777054
2026-09-28 09:30:00,XOM,162.8,163.54,161.05,162.22,6184046
2026-09-28 13:30:00,XOM,162.2,162.68,161.84,162.53,3666705
2026-09-29 09:30:00,XOM,160.215,161.965,159.27,161.505,3763047
2026-09-29 13:30:00,XOM,161.5,161.58,160.745,161.39,3047526
2026-09-30 09:30:00,XOM,162.23,164.12,161.8,164.1,4338182
2026-09-30 13:30:00,XOM,164.095,164.3699,162.655,162.87,4160225
2026-10-01 09:30:00,XOM,161.5,163.91,160.8053,162.72,4170419
2026-10-01 13:30:00,XOM,162.72,164.075,162.2774,163.87,4073916
2026-10-02 09:30:00,XOM,161.55,164.28,161.55,164.17,4865360
2026-10-02 13:30:00,XOM,164.19,164.61,163.74,164.115,3091760
2026-10-05 09:30:00,XOM,163.76,164.37,161.3932,163.785,4764966
2026-10-05 13:30:00,XOM,163.785,164.74,163.5,164.01,3435984
2026-10-06 09:30:00,XOM,163.06,165.945,162.94,165.88,3648839
2026-10-06 13:30:00,XOM,165.895,165.92,164.34,164.46,3162027
2026-10-07 09:30:00,XOM,165.9,166.86,163.535,163.765,4267291
2026-10-07 13:30:00,XOM,163.77,164.87,163.46,164.05,2958428
2026-10-08 09:30:00,XOM,167.11,169.05,166.71,168.755,6510691
2026-10-08 13:30:00,XOM,168.72,169.19,168.32,168.55,3761322
2026-05-18 09:30:00,CAT,893.32,893.32,859.12,862.52,1280558
2026-05-18 13:30:00,CAT,862.4,864.8509,850.825,863.81,994272
2026-05-19 09:30:00,CAT,853.145,869.86,845.551,865.71,1870292
2026-05-19 13:30:00,CAT,866.02,868.26,858.91,860.12,795739
2026-05-20 09:30:00,CAT,871.22,877.76,857.06,874.03,1223968
2026-05-20 13:30:00,CAT,874.3,877.395,870.62,872.87,601074
2026-05-21 09:30:00,CAT,864.9,870.41,858.6,869.53,687235
2026-05-21 13:30:00,CAT,869.54,872.665,863.47,866.21,619807
2026-05-22 09:30:00,CAT,878.0,893.355,861.06,893.355,1039423
2026-05-22 13:30:00,CAT,893.71,893.8399,878.72,879.78,681243
2026-05-26 09:30:00,CAT,884.95,907.44,878.02,905.55,1069014
2026-05-26 13:30:00,CAT,905.32,909.56,903.5,908.65,633541
2026-05-27 09:30:00,CAT,905.18,909.38,889.83,909.23,1180024
2026-05-27 13:30:00,CAT,908.935,911.67,906.69,910.12,816406
2026-05-28 09:30:00,CAT,898.56,905.0,880.47,897.155,1449021
2026-05-28 13:30:00,CAT,897.42,897.57,886.22,887.36,868655
2026-05-29 09:30:00,CAT,886.69,890.8099,871.04,871.955,1256591
2026-05-29 13:30:00,CAT,871.91,876.52,866.19,875.7,998259
2026-06-01 09:30:00,CAT,860.16,873.77,853.37,863.93,1269896
2026-06-01 13:30:00,CAT,864.4475,868.66,861.4,865.335,994092
2026-06-02 09:30:00,CAT,876.67,906.46,873.12,902.97,1200216
2026-06-02 13:30:00,CAT,903.3,911.96,902.5601,910.08,779416
2026-06-03 09:30:00,CAT,914.43,936.71,912.39,923.4501,1268401
2026-06-03 13:30:00,CAT,923.46,931.25,922.8,926.42,628218
2026-06-04 09:30:00,CAT,913.985,943.2625,903.0,939.39,1366761
2026-06-04 13:30:00,CAT,939.69,946.83,937.79,940.29,812911
2026-06-05 09:30:00,CAT,929.93,934.03,910.1701,912.95,1189160
2026-06-05 13:30:00,CAT,913.21,914.64,901.5,904.42,1134131
2026-06-08 09:30:00,CAT,917.0,927.34,902.735,906.0,919664
2026-06-08 13:30:00,CAT,905.8,916.06,903.1501,915.21,888402
2026-06-09 09:30:00,CAT,927.49,938.18,876.99,898.695,1665865
2026-06-09 13:30:00,CAT,898.82,916.5,896.7,914.33,786730
2026-06-10 09:30:00,CAT,901.74,906.0,855.4,861.53,2041181
2026-06-10 13:30:00,CAT,861.965,867.2534,854.73,856.26,1251456
2026-06-11 09:30:00,CAT,872.4,891.72,870.03,890.0,1630841
2026-06-11 13:30:00,CAT,890.0,900.65,886.17,897.34,1179053
2026-06-12 09:30:00,CAT,905.24,918.975,899.2,911.56,1067943
2026-06-12 13:30:00,CAT,911.7,914.4199,907.53,910.47,474973
2026-06-15 09:30:00,CAT,935.0,946.1,928.5,938.0,952644
2026-06-15 13:30:00,CAT,938.0,938.9899,932.66,933.95,671033
2026-06-16 09:30:00,CAT,942.8,961.33,939.17,959.51,1190431
2026-06-16 13:30:00,CAT,959.51,960.73,945.5,946.03,1122893
2026-06-17 09:30:00,CAT,956.98,970.9899,956.11,964.58,1237212
2026-06-17 13:30:00,CAT,964.52,975.64,953.0,955.98,1005075
2026-06-18 09:30:00,CAT,979.0,994.49,976.33,988.8799,1874238
2026-06-18 13:30:00,CAT,988.89,992.14,984.66,985.23,1278232
2026-06-22 09:30:00,CAT,999.28,1023.29,999.0,1020.5375,1955847
2026-06-22 13:30:00,CAT,1020.45,1022.34,1013.17,1021.66,1360566
2026-06-23 09:30:00,CAT,985.25,994.595,972.65,992.815,2246802
2026-06-23 13:30:00,CAT,992.815,992.815,982.39,984.37,1300844
2026-06-24 09:30:00,CAT,981.61,1004.87,970.0501,980.02,1647961
2026-06-24 13:30:00,CAT,980.34,995.25,977.75,994.74,983397
2026-06-25 09:30:00,CAT,1024.64,1054.05,1015.0,1048.965,2410101
2026-06-25 13:30:00,CAT,1049.15,1057.0699,1040.2,1057.0,1415486
2026-06-26 09:30:00,CAT,1031.85,1031.85,1004.8,1015.47,1948191
2026-06-26 13:30:00,CAT,1015.66,1017.53,989.64,998.02,2209291
2026-06-29 09:30:00,CAT,998.41,1028.0,992.11,1026.3199,1490016
2026-06-29 13:30:00,CAT,1026.3199,1039.0699,1025.04,1032.85,1113506
2026-06-30 09:30:00,CAT,1045.0,1073.46,1037.21,1072.26,1161638
2026-06-30 13:30:00,CAT,1072.59,1073.1899,1062.715,1064.6,876367
2026-07-01 09:30:00,CAT,1033.92,1041.26,997.28,1000.11,2057974
2026-07-01 13:30:00,CAT,1000.21,1000.26,985.05,991.81,1210187
2026-07-02 09:30:00,CAT,1001.28,1001.28,957.155,957.91,1672706
2026-07-02 13:30:00,CAT,957.91,967.0,948.78,963.335,1274356
2026-07-06 09:30:00,CAT,979.09,991.0,970.0401,972.865,1040756
2026-07-06 13:30:00,CAT,972.86,974.725,963.32,969.99,920559
2026-07-07 09:30:00,CAT,946.5,950.0,909.53,924.9069,2065107
2026-07-07 13:30:00,CAT,924.92,942.0,924.46,940.075,1152149
2026-07-08 09:30:00,CAT,937.51,955.0,925.26,940.84,1311248
2026-07-08 13:30:00,CAT,941.0,949.81,939.71,947.66,828177
2026-07-09 09:30:00,CAT,975.08,983.16,947.92,950.1,1134680
2026-07-09 13:30:00,CAT,950.1,952.8,934.38,938.155,996673
2026-07-10 09:30:00,CAT,930.68,956.275,928.5016,955.86,776932
2026-07-10 13:30:00,CAT,955.9,957.99,951.02,952.11,515666
2026-07-13 09:30:00,CAT,939.21,946.745,924.38,931.68,857443
2026-07-13 13:30:00,CAT,931.7575,935.4,929.01,931.72,509862
2026-07-14 09:30:00,CAT,958.0,964.63,926.26,928.1019,910570
2026-07-14 13:30:00,CAT,928.11,937.7399,925.5,934.13,621516
2026-07-15 09:30:00,CAT,938.58,938.58,890.4,902.86,1532484
2026-07-15 13:30:00,CAT,902.88,916.679,902.4,914.29,721824
2026-07-16 09:30:00,CAT,891.77,902.0,876.18,876.18,1456736
2026-07-16 13:30:00,CAT,876.49,879.7,868.88,877.2,1361099
2026-07-17 09:30:00,CAT,841.73,893.19,838.33,889.14,1988832
2026-07-17 13:30:00,CAT,888.88,890.86,879.79,880.28,850987
2026-07-20 09:30:00,CAT,890.0,894.3699,865.35,865.93,1064837
2026-07-20 13:30:00,CAT,865.935,868.99,861.27,864.71,788825
2026-07-21 09:30:00,CAT,887.49,898.0,876.01,891.52,1364415
2026-07-21 13:30:00,CAT,891.38,893.925,884.86,889.81,804374
2026-07-22 09:30:00,CAT,877.29,902.5727,872.9412,897.44,846382
2026-07-22 13:30:00,CAT,897.795,899.62,889.24,889.69,720174
2026-07-23 09:30:00,CAT,886.56,909.6,881.95,901.185,1160806
2026-07-23 13:30:00,CAT,901.02,901.2,892.08,893.44,891531
2026-07-24 09:30:00,CAT,895.0,902.82,881.19,894.525,1067273
2026-07-24 13:30:00,CAT,894.09,895.7599,882.06,888.73,566959
2026-07-27 09:30:00,CAT,887.5,894.02,839.58,851.52,3107178
2026-07-27 13:30:00,CAT,851.52,873.97,851.15,873.06,673102
2026-07-28 09:30:00,CAT,855.76,855.82,824.0,835.73,2300456
2026-07-28 13:30:00,CAT,836.03,844.045,830.1,841.18,1158130
2026-07-29 09:30:00,CAT,810.23,822.795,776.0,783.76,3156298
2026-07-29 13:30:00,CAT,783.34,799.46,777.86,782.64,1975256
2026-07-30 09:30:00,CAT,810.75,822.76,801.68,807.99,1860800
2026-07-30 13:30:00,CAT,807.985,809.765,803.52,809.15,820860
2026-07-31 09:30:00,CAT,843.39,845.0,807.31,820.25,1208194
2026-07-31 13:30:00,CAT,820.0,822.93,814.28,814.85,703629
2026-08-03 09:30:00,CAT,811.58,834.97,804.57,824.335,1481830
2026-08-03 13:30:00,CAT,824.68,835.34,824.255,831.315,1302111
2026-08-04 09:30:00,CAT,922.0,934.9994,866.85,883.8,3821059
2026-08-04 13:30:00,CAT,884.0657,892.68,876.24,876.29,1531354
2026-08-05 09:30:00,CAT,874.9,905.72,870.0,890.9,1548345
2026-08-05 13:30:00,CAT,890.48,892.53,871.1,871.53,1082531
2026-08-06 09:30:00,CAT,862.0,879.325,857.0,869.27,1457660
2026-08-06 13:30:00,CAT,869.15,870.63,857.14,857.35,676873
2026-08-07 09:30:00,CAT,865.63,868.0,836.01,844.56,1129831
2026-08-07 13:30:00,CAT,844.61,847.79,840.81,842.23,853666
2026-08-10 09:30:00,CAT,849.04,854.93,836.84,839.0,957450
2026-08-10 13:30:00,CAT,839.01,842.02,835.86,837.59,554086
2026-08-11 09:30:00,CAT,850.0,864.245,844.645,845.62,1151828
2026-08-11 13:30:00,CAT,845.44,847.67,842.11,843.23,607673
2026-08-12 09:30:00,CAT,866.0,871.2,855.69,866.78,1190061
2026-08-12 13:30:00,CAT,866.785,869.22,855.25,855.6,2311291
2026-08-13 09:30:00,CAT,858.5,864.11,848.37,863.69,1027577
2026-08-13 13:30:00,CAT,863.55,863.86,852.11,854.85,725461
2026-08-14 09:30:00,CAT,854.0,870.99,850.0,858.11,945899
2026-08-14 13:30:00,CAT,858.23,860.17,855.92,856.56,599985
2026-08-17 09:30:00,CAT,864.03,886.25,859.62,883.775,1062456
2026-08-17 13:30:00,CAT,883.85,887.909,880.4,881.685,598543
2026-08-18 09:30:00,CAT,862.19,863.92,836.43,839.0,1438961
2026-08-18 13:30:00,CAT,838.77,844.28,834.811,841.23,835336
2026-08-19 09:30:00,CAT,845.0,848.9446,806.21,811.32,1887371
2026-08-19 13:30:00,CAT,811.32,816.76,805.68,815.91,1244493
2026-08-20 09:30:00,CAT,811.54,818.93,804.01,804.141,1003486
2026-08-20 13:30:00,CAT,804.14,815.98,801.0,815.78,1098903
2026-08-21 09:30:00,CAT,829.52,830.33,812.34,826.98,1110282
2026-08-21 13:30:00,CAT,826.98,832.0,826.98,827.9,920064
2026-08-24 09:30:00,CAT,822.99,825.97,804.49,807.215,1147617
2026-08-24 13:30:00,CAT,807.33,813.56,805.7,811.02,674377
2026-08-25 09:30:00,CAT,833.57,834.45,804.75,808.7501,784290
2026-08-25 13:30:00,CAT,808.75,814.06,808.445,810.76,462209
2026-08-26 09:30:00,CAT,816.2,823.88,812.26,823.09,691884
2026-08-26 13:30:00,CAT,823.2,824.615,820.82,821.7144,656926
2026-08-27 09:30:00,CAT,826.87,832.99,807.31,818.78,936904
2026-08-27 13:30:00,CAT,819.55,820.0699,814.57,817.04,488811
2026-08-28 09:30:00,CAT,819.01,821.23,799.166,801.84,957176
2026-08-28 13:30:00,CAT,801.47,803.89,799.58,800.12,589306
2026-08-31 09:30:00,CAT,800.0,802.9,789.05,792.18,910117
2026-08-31 13:30:00,CAT,792.18,798.87,791.53,797.36,840777
2026-09-01 09:30:00,CAT,788.88,790.22,774.55,777.1,1409477
2026-09-01 13:30:00,CAT,777.1,781.3,775.15,779.1,1092854
2026-09-02 09:30:00,CAT,778.51,789.7,771.39,784.59,1077301
2026-09-02 13:30:00,CAT,784.61,793.94,782.6,791.7,903096
2026-09-03 09:30:00,CAT,796.9,803.92,781.49,797.325,1195254
2026-09-03 13:30:00,CAT,797.285,800.0,792.21,799.98,663198
2026-09-04 09:30:00,CAT,802.38,821.0,801.0,809.7786,1131991
2026-09-04 13:30:00,CAT,809.4149,814.1,808.4295,813.69,468038
2026-09-08 09:30:00,CAT,823.34,830.5,817.09,827.395,1100724
2026-09-08 13:30:00,CAT,827.19,828.785,821.01,822.64,669239
2026-09-09 09:30:00,CAT,815.68,827.96,813.5,817.875,692257
2026-09-09 13:30:00,CAT,817.715,818.9,814.66,815.64,557598
2026-09-10 09:30:00,CAT,809.75,811.9476,797.5,801.32,814223
2026-09-10 13:30:00,CAT,800.925,805.57,800.64,804.99,488052
2026-09-11 09:30:00,CAT,817.75,826.0,813.51,822.3833,837698
2026-09-11 13:30:00,CAT,822.61,823.075,817.69,818.4,431596
2026-09-14 09:30:00,CAT,783.045,794.56,772.861,785.68,1197481
2026-09-14 13:30:00,CAT,785.9473,789.6356,782.01,783.74,671447
2026-09-15 09:30:00,CAT,789.49,791.2,776.5,782.73,831326
2026-09-15 13:30:00,CAT,782.73,784.78,780.88,782.37,848020
2026-09-16 09:30:00,CAT,797.0,798.39,782.195,788.97,838317
2026-09-16 13:30:00,CAT,788.99,796.0,774.475,783.02,828536
2026-09-17 09:30:00,CAT,813.95,813.95,795.0,797.385,994672
2026-09-17 13:30:00,CAT,797.38,799.91,795.1,798.68,508799
2026-09-18 09:30:00,CAT,800.79,809.485,799.57,800.69,1285189
2026-09-18 13:30:00,CAT,800.7,809.18,799.815,808.94,622349
2026-09-21 09:30:00,CAT,827.0,827.81,805.24,818.6099,882921
2026-09-21 13:30:00,CAT,818.34,819.74,815.11,816.68,578256
2026-09-22 09:30:00,CAT,804.6299,812.4595,802.61,805.55,917523
2026-09-22 13:30:00,CAT,805.26,810.29,803.01,808.27,678560
2026-09-23 09:30:00,CAT,803.97,811.5,798.53,809.79,1067948
2026-09-23 13:30:00,CAT,809.65,816.76,807.99,812.11,927843
2026-09-24 09:30:00,CAT,798.87,809.14,794.2,804.46,1034773
2026-09-24 13:30:00,CAT,804.27,806.305,801.645,805.07,482907
2026-09-25 09:30:00,CAT,816.34,823.0,809.05,817.69,886513
2026-09-25 13:30:00,CAT,817.3301,822.5,815.0,821.31,557294
2026-09-28 09:30:00,CAT,821.05,827.57,808.2,821.02,951929
2026-09-28 13:30:00,CAT,821.24,823.43,817.167,819.36,658801
2026-09-29 09:30:00,CAT,826.53,829.74,815.5,821.39,1025533
2026-09-29 13:30:00,CAT,821.495,828.23,821.03,826.92,516366
2026-09-30 09:30:00,CAT,828.5,831.9539,812.01,815.4809,783599
2026-09-30 13:30:00,CAT,815.8657,820.63,810.31,810.7,552974
2026-10-01 09:30:00,CAT,810.58,830.17,802.4401,829.45,1041951
2026-10-01 13:30:00,CAT,829.87,833.62,820.27,826.35,688191
2026-10-02 09:30:00,CAT,840.8,858.87,836.46,845.89,1297828
2026-10-02 13:30:00,CAT,845.6775,850.16,844.765,845.53,598943
2026-10-05 09:30:00,CAT,843.17,855.68,821.77,853.81,984944
2026-10-05 13:30:00,CAT,853.68,857.85,847.02,848.21,588415
2026-10-06 09:30:00,CAT,853.03,876.95,851.465,865.4175,987954
2026-10-06 13:30:00,CAT,865.435,867.54,861.8,863.4,587452
2026-10-07 09:30:00,CAT,846.0,846.0,806.29,816.94,1737418
2026-10-07 13:30:00,CAT,817.0,817.1011,808.801,813.63,1007565
2026-10-08 09:30:00,CAT,808.7,821.9067,788.89,793.89,1402688
2026-10-08 13:30:00,CAT,794.41,809.4887,791.94,796.17,821180
2026-05-18 09:30:00,HD,299.25,303.7779,297.55,299.275,3119722
2026-05-18 13:30:00,HD,299.3,300.45,297.3001,300.04,2347504
2026-05-19 09:30:00,HD,290.99,303.185,289.1,301.22,5217017
2026-05-19 13:30:00,HD,301.2051,303.1,300.15,302.44,2435496
2026-05-20 09:30:00,HD,298.98,309.24,296.67,308.325,3052218
2026-05-20 13:30:00,HD,308.36,311.01,308.195,310.595,1907634
2026-05-21 09:30:00,HD,306.36,312.485,304.38,312.06,1695758
2026-05-21 13:30:00,HD,312.06,313.99,311.78,313.83,1832536
2026-05-22 09:30:00,HD,314.5,314.96,311.46,313.05,1416470
2026-05-22 13:30:00,HD,312.82,313.42,311.68,312.985,1043582
2026-05-26 09:30:00,HD,315.06,316.79,308.96,309.485,1943183
2026-05-26 13:30:00,HD,309.485,310.895,309.06,310.57,1080225
2026-05-27 09:30:00,HD,314.75,321.0,314.51,317.16,2433468
2026-05-27 13:30:00,HD,317.155,318.82,316.2,318.01,1645264
2026-05-28 09:30:00,HD,317.45,321.88,315.16,319.95,1861268
2026-05-28 13:30:00,HD,319.925,321.79,319.52,321.24,1638997
2026-05-29 09:30:00,HD,320.48,322.1,317.9,318.72,1741437
2026-05-29 13:30:00,HD,318.71,318.91,317.11,317.14,1599197
2026-06-01 09:30:00,HD,315.13,315.89,307.69,309.215,1926559
2026-06-01 13:30:00,HD,309.19,310.73,308.25,310.67,1468682
2026-06-02 09:30:00,HD,309.98,311.81,308.566,310.17,1854006
2026-06-02 13:30:00,HD,310.24,312.2,310.215,311.58,1524059
2026-06-03 09:30:00,HD,307.94,313.34,307.12,311.15,2028407
2026-06-03 13:30:00,HD,311.22,313.52,311.1101,313.02,1221640
2026-06-04 09:30:00,HD,317.83,320.75,309.1246,309.415,2249457
2026-06-04 13:30:00,HD,309.36,310.8325,308.11,310.01,1251253
2026-06-05 09:30:00,HD,310.83,314.05,309.19,310.18,1677798
2026-06-05 13:30:00,HD,310.18,311.3999,308.625,310.78,1314935
2026-06-08 09:30:00,HD,308.88,313.7744,307.07,311.2329,1530415
2026-06-08 13:30:00,HD,311.24,311.37,309.48,309.78,1133477
2026-06-09 09:30:00,HD,311.35,322.89,310.2741,319.785,2424013
2026-06-09 13:30:00,HD,319.83,322.36,319.74,321.26,1511529
2026-06-10 09:30:00,HD,323.265,324.0,318.8,320.44,1884687
2026-06-10 13:30:00,HD,320.39,321.105,318.93,318.95,1790003
2026-06-11 09:30:00,HD,322.29,325.52,318.55,321.625,1424460
2026-06-11 13:30:00,HD,321.51,327.03,320.775,326.03,1937545
2026-06-12 09:30:00,HD,328.5,331.02,325.29,329.11,1708151
2026-06-12 13:30:00,HD,329.11,329.29,327.72,328.36,1174464
2026-06-15 09:30:00,HD,333.76,338.0,331.6703,333.165,2265527
2026-06-15 13:30:00,HD,333.19,333.35,329.54,329.94,1415723
2026-06-16 09:30:00,HD,331.91,338.2734,329.7485,336.615,2525994
2026-06-16 13:30:00,HD,336.61,337.34,335.7058,336.99,1537435
2026-06-17 09:30:00,HD,336.01,341.15,335.23,336.6,2200955
2026-06-17 13:30:00,HD,336.575,336.62,326.17,327.54,2602915
2026-06-18 09:30:00,HD,331.7,338.02,330.9,336.3101,3347250
2026-06-18 13:30:00,HD,336.35,336.5,332.79,334.08,1733363
2026-06-22 09:30:00,HD,330.0,331.73,326.6,329.2,1821287
2026-06-22 13:30:00,HD,329.195,329.41,326.34,326.63,1420171
2026-06-23 09:30:00,HD,323.865,329.02,321.7,325.6199,1492430
2026-06-23 13:30:00,HD,325.6,326.85,324.3,324.45,1459776
2026-06-24 09:30:00,HD,329.12,342.16,327.705,339.465,2660390
2026-06-24 13:30:00,HD,339.4,342.9,339.04,342.73,1949068
2026-06-25 09:30:00,HD,342.25,348.64,342.25,344.55,2654647
2026-06-25 13:30:00,HD,344.535,345.29,341.82,344.81,2878782
2026-06-26 09:30:00,HD,347.9,350.5,345.85,348.455,2231783
2026-06-26 13:30:00,HD,348.475,349.24,346.8717,348.18,1981205
2026-06-29 09:30:00,HD,348.86,349.3,345.54,348.69,2417253
2026-06-29 13:30:00,HD,348.65,351.35,348.49,350.65,1975338
2026-06-30 09:30:00,HD,350.685,352.95,347.3,352.26,1427738
2026-06-30 13:30:00,HD,352.26,353.5,351.79,352.375,1587091
2026-07-01 09:30:00,HD,353.98,357.12,350.87,354.9,1481200
2026-07-01 13:30:00,HD,354.94,355.15,350.85,350.91,1214301
2026-07-02 09:30:00,HD,352.84,356.8,347.65,354.39,1099666
2026-07-02 13:30:00,HD,354.34,358.19,354.0001,357.83,1208804
2026-07-06 09:30:00,HD,357.82,358.8539,345.8,351.17,1996309
2026-07-06 13:30:00,HD,351.21,352.72,349.635,350.67,1332863
2026-07-07 09:30:00,HD,355.06,355.415,344.48,345.02,1396626
2026-07-07 13:30:00,HD,345.03,346.5915,344.595,345.23,1444521
2026-07-08 09:30:00,HD,337.985,337.985,330.66,336.275,1966021
2026-07-08 13:30:00,HD,336.275,337.295,335.27,336.19,1380081
2026-07-09 09:30:00,HD,337.76,340.73,335.61,340.55,971406
2026-07-09 13:30:00,HD,340.5199,340.69,337.84,338.69,1054117
2026-07-10 09:30:00,HD,339.55,343.785,337.9001,342.915,1011099
2026-07-10 13:30:00,HD,342.85,344.4,342.84,343.49,862328
2026-07-13 09:30:00,HD,344.0,345.11,335.425,337.41,1430512
2026-07-13 13:30:00,HD,337.45,338.41,336.105,337.16,1096448
2026-07-14 09:30:00,HD,339.52,341.745,336.565,337.66,1156907
2026-07-14 13:30:00,HD,337.72,339.335,337.47,337.93,913103
2026-07-15 09:30:00,HD,338.99,346.25,337.2591,343.0,1515758
2026-07-15 13:30:00,HD,343.07,343.43,340.51,341.55,1220165
2026-07-16 09:30:00,HD,341.985,350.81,341.87,346.605,1661843
2026-07-16 13:30:00,HD,346.605,347.95,344.75,347.85,1351451
2026-07-17 09:30:00,HD,348.93,353.98,340.6877,341.23,1968156
2026-07-17 13:30:00,HD,341.235,341.566,338.0896,338.95,1455074
2026-07-20 09:30:00,HD,339.97,340.2,331.88,332.4,2090902
2026-07-20 13:30:00,HD,332.38,333.36,331.405,333.11,1270608
2026-07-21 09:30:00,HD,331.3,333.0,327.0,331.98,1536980
2026-07-21 13:30:00,HD,331.87,332.09,330.18,331.61,947124
2026-07-22 09:30:00,HD,333.53,336.555,330.71,332.17,1234044
2026-07-22 13:30:00,HD,332.17,333.34,331.38,331.49,870882
2026-07-23 09:30:00,HD,325.3,328.23,323.31,324.16,2050273
2026-07-23 13:30:00,HD,324.1,325.44,323.05,324.67,1286910
2026-07-24 09:30:00,HD,325.07,332.32,323.23,330.48,2402357
2026-07-24 13:30:00,HD,330.53,333.46,330.11,333.02,870155
2026-07-27 09:30:00,HD,339.39,341.89,336.85,337.915,1199535
2026-07-27 13:30:00,HD,337.9,338.02,335.35,336.01,1026431
2026-07-28 09:30:00,HD,342.64,349.425,342.6,344.77,2164886
2026-07-28 13:30:00,HD,344.77,345.07,342.8095,344.49,1003193
2026-07-29 09:30:00,HD,340.38,343.1,336.96,342.87,1478344
2026-07-29 13:30:00,HD,342.85,345.27,337.16,338.27,1803662
2026-07-30 09:30:00,HD,334.99,335.69,331.51,332.86,1701859
2026-07-30 13:30:00,HD,332.855,333.8299,330.25,333.39,2104673
2026-07-31 09:30:00,HD,332.44,333.9955,328.795,331.18,1950300
2026-07-31 13:30:00,HD,331.21,333.8,331.12,332.02,1344438
2026-08-03 09:30:00,HD,339.8,343.635,333.72,336.05,1262018
2026-08-03 13:30:00,HD,336.03,340.2,335.825,340.08,912176
2026-08-04 09:30:00,HD,340.23,350.64,339.35,349.99,1492457
2026-08-04 13:30:00,HD,349.915,350.86,348.09,348.33,1435975
2026-08-05 09:30:00,HD,350.155,353.43,348.15,351.92,1493587
2026-08-05 13:30:00,HD,351.89,354.55,351.05,353.16,1027899
2026-08-06 09:30:00,HD,353.5,353.55,347.53,347.68,926366
2026-08-06 13:30:00,HD,347.76,349.62,347.51,349.57,752156
2026-08-07 09:30:00,HD,351.51,356.83,348.741,353.31,1027942
2026-08-07 13:30:00,HD,353.305,355.71,353.2,355.59,1278709
2026-08-10 09:30:00,HD,351.93,354.0,347.06,347.94,1254392
2026-08-10 13:30:00,HD,347.95,350.97,347.59,350.79,962844
2026-08-11 09:30:00,HD,352.29,358.36,350.6,355.1283,1029747
2026-08-11 13:30:00,HD,355.132,355.88,353.41,354.55,817777
2026-08-12 09:30:00,HD,352.0,353.8657,343.03,343.54,1785682
2026-08-12 13:30:00,HD,343.5,345.56,343.37,343.44,1404097
2026-08-13 09:30:00,HD,347.0,347.75,340.51,341.55,1107432
2026-08-13 13:30:00,HD,341.5301,342.33,340.9,341.692,793000
2026-08-14 09:30:00,HD,340.81,340.81,336.01,338.96,1181183
2026-08-14 13:30:00,HD,338.93,339.74,337.65,338.8,1185455
2026-08-17 09:30:00,HD,334.41,338.98,332.8901,336.95,2048524
2026-08-17 13:30:00,HD,336.93,339.44,335.85,338.33,2227185
2026-08-18 09:30:00,HD,337.38,344.54,330.6914,339.125,3803484
2026-08-18 13:30:00,HD,339.24,340.255,337.4,337.67,1992038
2026-08-19 09:30:00,HD,341.42,350.4,341.42,343.93,2558347
2026-08-19 13:30:00,HD,343.965,345.44,343.23,344.39,1422677
2026-08-20 09:30:00,HD,336.0,338.875,331.59,336.515,1693459
2026-08-20 13:30:00,HD,336.27,336.57,333.105,334.56,1208754
2026-08-21 09:30:00,HD,336.52,338.58,333.0,336.41,1428909
2026-08-21 13:30:00,HD,336.44,337.36,335.1,335.705,887727
2026-08-24 09:30:00,HD,335.88,342.22,335.355,335.355,1269828
2026-08-24 13:30:00,HD,335.43,337.88,335.1648,337.42,954210
2026-08-25 09:30:00,HD,339.37,339.49,333.7,335.814,882015
2026-08-25 13:30:00,HD,335.89,338.26,335.89,337.85,748901
2026-08-26 09:30:00,HD,339.43,339.44,335.7101,336.605,785107
2026-08-26 13:30:00,HD,336.5901,336.705,334.51,334.83,774921
2026-08-27 09:30:00,HD,330.57,332.0078,328.0,330.365,993138
2026-08-27 13:30:00,HD,330.43,330.79,327.88,328.59,916959
2026-08-28 09:30:00,HD,330.5,331.61,327.5,327.8,1092327
2026-08-28 13:30:00,HD,327.76,330.5,327.69,330.17,848843
2026-08-31 09:30:00,HD,328.24,329.25,325.75,327.28,1004436
2026-08-31 13:30:00,HD,327.22,328.99,327.07,327.97,982257
2026-09-01 09:30:00,HD,326.01,326.83,319.4392,319.605,1551363
2026-09-01 13:30:00,HD,319.54,320.905,318.8,319.86,1184198
2026-09-02 09:30:00,HD,321.5,322.17,318.91,319.54,1297842
2026-09-02 13:30:00,HD,319.55,320.235,317.71,318.54,1301181
2026-09-03 09:30:00,HD,318.21,320.44,315.21,319.33,1326414
2026-09-03 13:30:00,HD,319.23,319.63,317.64,318.01,914981
2026-09-04 09:30:00,HD,316.7,321.31,316.1,320.5,1030226
2026-09-04 13:30:00,HD,320.5,321.8,320.31,321.05,711170
2026-09-08 09:30:00,HD,320.73,321.5,315.27,315.405,1525994
2026-09-08 13:30:00,HD,315.45,315.6,313.24,313.72,1862116
2026-09-09 09:30:00,HD,310.47,313.385,309.84,311.055,1578200
2026-09-09 13:30:00,HD,311.01,311.93,310.34,310.49,939457
2026-09-10 09:30:00,HD,308.13,308.28,305.38,305.62,1921444
2026-09-10 13:30:00,HD,305.62,305.74,304.3,305.66,1339836
2026-09-11 09:30:00,HD,309.09,311.21,307.9,309.73,1494162
2026-09-11 13:30:00,HD,309.715,310.04,308.56,308.75,899467
2026-09-14 09:30:00,HD,307.17,312.47,306.5,310.685,1536347
2026-09-14 13:30:00,HD,310.5957,312.6699,310.34,310.87,996701
2026-09-15 09:30:00,HD,310.6,311.13,304.59,307.425,1610393
2026-09-15 13:30:00,HD,307.435,307.79,304.32,305.47,1877223
2026-09-16 09:30:00,HD,307.49,308.8,305.7038,307.62,1254806
2026-09-16 13:30:00,HD,307.65,308.095,302.53,302.6,1429898
2026-09-17 09:30:00,HD,307.01,310.4,302.67,302.92,1854963
2026-09-17 13:30:00,HD,302.94,303.8,302.5,302.5,1281771
2026-09-18 09:30:00,HD,298.68,302.245,298.25,300.145,3261803
2026-09-18 13:30:00,HD,300.14,300.87,299.54,299.95,1507548
2026-09-21 09:30:00,HD,301.0,301.7407,295.39,299.225,2056167
2026-09-21 13:30:00,HD,299.18,299.3692,297.2,297.23,1339809
2026-09-22 09:30:00,HD,302.085,304.11,300.1801,303.7,2751883
2026-09-22 13:30:00,HD,303.69,306.31,303.52,305.39,1594301
2026-09-23 09:30:00,HD,303.43,304.1299,299.11,299.465,1780590
2026-09-23 13:30:00,HD,299.44,300.23,296.67,296.86,1793191
2026-09-24 09:30:00,HD,296.0,299.095,291.12,291.99,3170066
2026-09-24 13:30:00,HD,292.03,293.79,291.07,292.13,2562068
2026-09-25 09:30:00,HD,292.69,297.14,291.4,294.765,3238361
2026-09-25 13:30:00,HD,294.775,294.775,292.63,293.07,1878466
2026-09-28 09:30:00,HD,290.27,293.905,289.31,291.86,2286976
2026-09-28 13:30:00,HD,291.87,292.1899,289.64,289.86,1694564
2026-09-29 09:30:00,HD,290.91,291.83,287.34,287.7,2348448
2026-09-29 13:30:00,HD,287.69,289.85,287.675,288.15,2333291
2026-09-30 09:30:00,HD,290.4,290.54,285.35,285.57,2267897
2026-09-30 13:30:00,HD,285.5849,285.92,284.01,284.43,1915755
2026-10-01 09:30:00,HD,283.11,283.85,277.15,282.175,4870136
2026-10-01 13:30:00,HD,282.26,283.415,281.435,282.495,1955666
2026-10-02 09:30:00,HD,286.52,287.7,280.89,282.96,2245859
2026-10-02 13:30:00,HD,282.96,283.99,282.78,282.88,1464758
2026-10-05 09:30:00,HD,283.54,283.54,279.76,281.435,1778755
2026-10-05 13:30:00,HD,281.4,282.15,280.9483,281.11,1434238
2026-10-06 09:30:00,HD,283.23,286.68,282.1345,285.13,1920532
2026-10-06 13:30:00,HD,285.08,287.07,284.085,286.7,1483153
2026-10-07 09:30:00,HD,285.0,285.98,283.605,284.715,2218215
2026-10-07 13:30:00,HD,284.75,285.895,284.28,285.76,1452448
2026-10-08 09:30:00,HD,284.53,294.1,282.84,293.7,2771843
2026-10-08 13:30:00,HD,293.81,295.74,293.2405,295.44,2358886
2026-05-18 09:30:00,COST,1050.0,1070.65,1045.0,1066.86,915844
2026-05-18 13:30:00,COST,1066.5,1079.83,1066.0253,1076.9301,813232
2026-05-19 09:30:00,COST,1078.4399,1096.5,1072.1,1089.225,1190365
2026-05-19 13:30:00,COST,1089.26,1095.59,1085.2601,1094.9,938823
2026-05-20 09:30:00,COST,1089.23,1089.74,1073.6873,1081.92,755028
2026-05-20 13:30:00,COST,1081.78,1082.855,1072.0,1074.0,665376
2026-05-21 09:30:00,COST,1063.405,1063.9399,1039.01,1049.5601,1057793
2026-05-21 13:30:00,COST,1049.4449,1054.0,1046.47,1050.45,543713
2026-05-22 09:30:00,COST,1036.002,1045.64,1025.2802,1028.01,920045
2026-05-22 13:30:00,COST,1028.71,1030.8149,1026.2601,1027.9399,761671
2026-05-26 09:30:00,COST,1025.1,1027.0,996.16,998.27,1463174
2026-05-26 13:30:00,COST,998.1259,1006.365,998.1259,1002.9,695835
2026-05-27 09:30:00,COST,1003.56,1013.51,999.6863,1006.4185,888134
2026-05-27 13:30:00,COST,1006.275,1009.0,1003.52,1003.79,516809
2026-05-28 09:30:00,COST,1011.61,1012.0,995.5301,999.05,1027681
2026-05-28 13:30:00,COST,999.105,1001.2799,994.27,995.24,943639
2026-05-29 09:30:00,COST,985.482,998.6576,945.45,953.415,3120794
2026-05-29 13:30:00,COST,953.415,965.54,948.99,956.07,1477653
2026-06-01 09:30:00,COST,954.99,959.21,936.51,941.29,1739492
2026-06-01 13:30:00,COST,941.245,947.97,940.79,946.04,654751
2026-06-02 09:30:00,COST,942.2,953.54,939.55,953.24,925022
2026-06-02 13:30:00,COST,953.19,955.3899,951.75,954.24,631852
2026-06-03 09:30:00,COST,954.07,969.18,951.99,964.5,945003
2026-06-03 13:30:00,COST,964.63,964.7,958.3,961.96,618974
2026-06-04 09:30:00,COST,987.5,990.01,975.11,976.0,1220942
2026-06-04 13:30:00,COST,976.0,976.69,961.83,972.48,598132
2026-06-05 09:30:00,COST,977.42,997.41,977.42,982.93,1348064
2026-06-05 13:30:00,COST,982.53,987.98,971.6,971.84,1119520
2026-06-08 09:30:00,COST,961.2455,978.98,961.002,974.71,710790
2026-06-08 13:30:00,COST,974.7,976.38,972.345,974.59,457794
2026-06-09 09:30:00,COST,974.5,981.9699,967.29,968.65,893209
2026-06-09 13:30:00,COST,969.05,970.38,964.94,968.29,562039
2026-06-10 09:30:00,COST,977.444,979.65,964.31,977.33,681999
2026-06-10 13:30:00,COST,977.12,985.255,974.49,983.56,608696
2026-06-11 09:30:00,COST,986.91,989.1,977.1501,981.96,576514
2026-06-11 13:30:00,COST,982.06,984.55,973.995,975.13,659107
2026-06-12 09:30:00,COST,975.53,984.78,970.0,977.89,763087
2026-06-12 13:30:00,COST,977.965,982.78,976.01,982.56,402703
2026-06-15 09:30:00,COST,973.175,986.9999,968.0,983.565,824348
2026-06-15 13:30:00,COST,983.56,984.565,978.14,979.45,380154
2026-06-16 09:30:00,COST,980.39,995.38,973.16,985.94,593254
2026-06-16 13:30:00,COST,985.57,988.15,981.095,986.61,379433
2026-06-17 09:30:00,COST,980.0,983.495,967.81,968.22,624967
2026-06-17 13:30:00,COST,968.51,970.17,961.23,965.6,669735
2026-06-18 09:30:00,COST,962.7,964.0,948.311,949.4,1478401
2026-06-18 13:30:00,COST,949.42,953.95,948.311,951.11,622278
2026-06-22 09:30:00,COST,948.565,956.23,942.53,949.03,917077
2026-06-22 13:30:00,COST,949.275,952.78,946.9,950.985,593075
2026-06-23 09:30:00,COST,964.5,966.38,953.485,961.68,1024105
2026-06-23 13:30:00,COST,961.43,963.01,956.16,957.32,696609
2026-06-24 09:30:00,COST,963.0,967.94,957.33,959.35,704081
2026-06-24 13:30:00,COST,959.425,965.79,957.0,960.96,541453
2026-06-25 09:30:00,COST,949.57,955.75,938.6252,940.9,1168237
2026-06-25 13:30:00,COST,941.14,949.8062,939.595,942.48,590147
2026-06-26 09:30:00,COST,953.25,961.5,950.4568,953.93,1003534
2026-06-26 13:30:00,COST,954.25,956.945,945.02,951.05,1022369
2026-06-29 09:30:00,COST,957.395,969.69,944.75,946.495,915448
2026-06-29 13:30:00,COST,946.405,948.12,942.415,946.3,674913
2026-06-30 09:30:00,COST,942.0,946.0,933.53,938.895,815198
2026-06-30 13:30:00,COST,938.82,939.165,932.41,935.21,801677
2026-07-01 09:30:00,COST,940.43,940.43,922.2,924.72,1319170
2026-07-01 13:30:00,COST,924.72,927.93,920.55,924.73,1076232
2026-07-02 09:30:00,COST,927.0,950.5,924.84,945.9,1067540
2026-07-02 13:30:00,COST,945.9,952.64,945.89,951.09,801549
2026-07-06 09:30:00,COST,949.0,955.49,941.4,945.5,883698
2026-07-06 13:30:00,COST,945.31,952.065,944.77,950.73,496246
2026-07-07 09:30:00,COST,967.99,968.0,946.6238,948.795,905460
2026-07-07 13:30:00,COST,948.88,950.65,945.33,947.26,551496
2026-07-08 09:30:00,COST,955.5,966.505,948.0,953.45,694071
2026-07-08 13:30:00,COST,953.41,956.65,952.18,952.9,513193
2026-07-09 09:30:00,COST,934.94,935.0,907.785,913.47,2535867
2026-07-09 13:30:00,COST,913.46,915.7651,908.58,912.82,1425802
2026-07-10 09:30:00,COST,913.735,916.2,907.23,913.84,1019550
2026-07-10 13:30:00,COST,913.85,916.73,913.41,916.17,568594
2026-07-13 09:30:00,COST,917.2,925.82,916.8803,922.12,949566
2026-07-13 13:30:00,COST,922.32,930.98,922.16,926.004,719349
2026-07-14 09:30:00,COST,921.38,929.42,920.2,920.73,615131
2026-07-14 13:30:00,COST,920.55,922.41,918.5599,921.74,492188
2026-07-15 09:30:00,COST,917.75,927.5761,916.44,921.7,738775
2026-07-15 13:30:00,COST,921.5,923.76,910.5,916.45,596179
2026-07-16 09:30:00,COST,924.44,939.74,916.54,938.87,852912
2026-07-16 13:30:00,COST,938.85,945.76,938.3118,945.36,782585
2026-07-17 09:30:00,COST,961.52,964.33,933.79,934.675,1213914
2026-07-17 13:30:00,COST,934.35,941.84,934.225,940.85,585727
2026-07-20 09:30:00,COST,938.75,946.9784,935.0,936.02,505070
2026-07-20 13:30:00,COST,936.05,938.55,932.0101,935.78,587940
2026-07-21 09:30:00,COST,930.25,931.97,924.44,927.95,724765
2026-07-21 13:30:00,COST,927.945,931.89,927.825,928.99,488577
2026-07-22 09:30:00,COST,930.88,932.99,920.965,923.84,578951
2026-07-22 13:30:00,COST,923.655,927.91,921.62,927.14,438183
2026-07-23 09:30:00,COST,918.06,924.03,916.76,920.105,741367
2026-07-23 13:30:00,COST,920.13,926.53,919.9201,925.77,516081
2026-07-24 09:30:00,COST,925.01,935.2725,921.28,932.795,626470
2026-07-24 13:30:00,COST,933.0764,936.63,930.8,935.29,572757
2026-07-27 09:30:00,COST,938.11,956.57,936.655,949.545,925114
2026-07-27 13:30:00,COST,949.4812,954.345,948.9454,951.685,538940
2026-07-28 09:30:00,COST,970.55,987.5525,968.25,969.175,1461034
2026-07-28 13:30:00,COST,969.185,973.68,965.87,966.54,640246
2026-07-29 09:30:00,COST,968.07,978.8,963.0,973.43,751749
2026-07-29 13:30:00,COST,972.825,977.0,969.72,973.72,643652
2026-07-30 09:30:00,COST,954.31,960.76,950.335,951.5,1042470
2026-07-30 13:30:00,COST,951.34,955.875,949.7596,953.83,609443
2026-07-31 09:30:00,COST,946.488,955.56,937.51,950.505,752892
2026-07-31 13:30:00,COST,950.36,954.68,949.81,951.88,482702
2026-08-03 09:30:00,COST,965.15,967.62,948.7501,951.24,834409
2026-08-03 13:30:00,COST,951.135,955.55,949.23,954.01,648167
2026-08-04 09:30:00,COST,944.89,946.09,937.01,943.5,937208
2026-08-04 13:30:00,COST,943.26,950.86,943.26,947.945,622823
2026-08-05 09:30:00,COST,954.665,955.6,935.25,941.285,877455
2026-08-05 13:30:00,COST,941.47,943.555,938.42,942.02,478728
2026-08-06 09:30:00,COST,959.55,966.135,941.78,943.9,819403
2026-08-06 13:30:00,COST,944.35,949.45,943.93,949.19,465891
2026-08-07 09:30:00,COST,943.51,949.79,937.51,946.91,533455
2026-08-07 13:30:00,COST,947.0,948.58,943.4,947.79,443990
2026-08-10 09:30:00,COST,942.5,947.86,940.56,945.91,643582
2026-08-10 13:30:00,COST,946.23,952.85,944.75,952.63,438690
2026-08-11 09:30:00,COST,949.265,954.7,938.09,941.3899,722469
2026-08-11 13:30:00,COST,941.39,945.5,940.755,944.3,523006
2026-08-12 09:30:00,COST,937.09,951.3886,935.05,949.85,624489
2026-08-12 13:30:00,COST,949.5,951.0,947.45,949.68,373537
2026-08-13 09:30:00,COST,954.245,956.0,949.514,953.54,480305
2026-08-13 13:30:00,COST,953.63,962.58,952.6448,961.87,468448
2026-08-14 09:30:00,COST,959.73,965.215,957.75,961.23,419738
2026-08-14 13:30:00,COST,961.5,962.37,959.0,960.925,319030
2026-08-17 09:30:00,COST,954.835,956.2,949.5,952.76,477751
2026-08-17 13:30:00,COST,952.78,955.48,950.24,953.53,401172
2026-08-18 09:30:00,COST,966.11,971.9599,955.307,966.29,731794
2026-08-18 13:30:00,COST,966.29,967.42,960.53,961.66,476941
2026-08-19 09:30:00,COST,960.0,978.7,958.0124,967.365,712725
2026-08-19 13:30:00,COST,967.375,969.305,956.0,956.99,532434
2026-08-20 09:30:00,COST,931.15,944.215,925.8,939.03,1115762
2026-08-20 13:30:00,COST,938.4334,939.5,928.01,933.46,809921
2026-08-21 09:30:00,COST,939.64,949.8999,933.82,949.07,1143244
2026-08-21 13:30:00,COST,949.065,949.45,945.011,947.56,573050
2026-08-24 09:30:00,COST,952.38,970.94,951.385,969.7,826691
2026-08-24 13:30:00,COST,969.5701,974.4947,966.3348,971.38,617717
2026-08-25 09:30:00,COST,966.3,968.76,959.89,960.19,417890
2026-08-25 13:30:00,COST,960.34,971.4,959.91,960.01,333713
2026-08-26 09:30:00,COST,960.58,964.45,954.5355,958.41,425595
2026-08-26 13:30:00,COST,957.7201,960.0,956.03,956.11,343694
2026-08-27 09:30:00,COST,948.265,948.7799,938.26,941.19,732204
2026-08-27 13:30:00,COST,941.19,942.55,933.33,934.66,616763
2026-08-28 09:30:00,COST,940.4,953.73,937.11,945.655,808788
2026-08-28 13:30:00,COST,945.76,947.73,944.155,945.9,337284
2026-08-31 09:30:00,COST,945.19,949.15,942.34,944.0,509152
2026-08-31 13:30:00,COST,943.78,946.0,940.71,943.88,491728
2026-09-01 09:30:00,COST,945.53,952.095,943.5,945.03,618731
2026-09-01 13:30:00,COST,944.82,945.27,936.1,939.82,531857
2026-09-02 09:30:00,COST,936.55,938.86,928.27,930.215,896350
2026-09-02 13:30:00,COST,930.3,933.94,920.3101,928.47,908188
2026-09-03 09:30:00,COST,928.0,930.11,915.31,928.95,1022015
2026-09-03 13:30:00,COST,928.635,930.755,924.22,925.35,653771
2026-09-04 09:30:00,COST,925.43,927.97,914.54,916.6501,931131
2026-09-04 13:30:00,COST,916.925,918.1,914.69,915.54,705070
2026-09-08 09:30:00,COST,912.97,915.13,906.1,909.42,1132950
2026-09-08 13:30:00,COST,909.47,910.73,908.16,910.13,535561
2026-09-09 09:30:00,COST,907.0,909.2299,898.43,899.65,1073557
2026-09-09 13:30:00,COST,899.65,902.89,899.31,902.37,581212
2026-09-10 09:30:00,COST,906.28,912.09,900.3015,900.3015,860695
2026-09-10 13:30:00,COST,900.25,902.98,899.0,902.38,584360
2026-09-11 09:30:00,COST,905.43,907.3588,900.75,903.82,628170
2026-09-11 13:30:00,COST,903.895,905.81,902.21,904.76,498903
2026-09-14 09:30:00,COST,913.645,921.64,910.79,916.65,858598
2026-09-14 13:30:00,COST,916.55,920.565,916.55,918.81,591771
2026-09-15 09:30:00,COST,912.43,916.92,905.03,907.565,747452
2026-09-15 13:30:00,COST,907.565,909.49,900.25,901.09,687057
2026-09-16 09:30:00,COST,900.565,902.0,895.87,900.155,768610
2026-09-16 13:30:00,COST,900.3,900.585,892.68,893.3,762967
2026-09-17 09:30:00,COST,893.333,895.9999,888.06,891.82,910416
2026-09-17 13:30:00,COST,891.99,894.65,890.64,893.93,608103
2026-09-18 09:30:00,COST,892.425,897.94,890.9575,895.85,1230321
2026-09-18 13:30:00,COST,895.85,898.4,894.71,895.25,727728
2026-09-21 09:30:00,COST,891.07,897.75,885.5,897.2,971081
2026-09-21 13:30:00,COST,897.12,899.44,895.86,898.45,491084
2026-09-22 09:30:00,COST,902.255,903.36,895.84,899.78,928088
2026-09-22 13:30:00,COST,899.935,900.2699,896.02,899.21,628949
2026-09-23 09:30:00,COST,901.31,902.2943,893.36,900.785,830798
2026-09-23 13:30:00,COST,900.68,905.59,900.45,904.81,773579
2026-09-24 09:30:00,COST,907.3347,909.4276,896.55,897.1801,1208198
2026-09-24 13:30:00,COST,897.42,899.93,895.29,896.71,914049
2026-09-25 09:30:00,COST,886.62,921.7017,883.1,917.365,2884071
2026-09-25 13:30:00,COST,917.49,925.14,917.25,922.95,1198975
2026-09-28 09:30:00,COST,924.875,931.0,913.0,922.805,1072341
2026-09-28 13:30:00,COST,922.73,923.87,918.6201,922.9315,606346
2026-09-29 09:30:00,COST,916.8,924.46,912.66,923.755,1037741
2026-09-29 13:30:00,COST,923.71,925.97,922.5475,924.66,759618
2026-09-30 09:30:00,COST,925.5,925.56,915.26,918.82,705443
2026-09-30 13:30:00,COST,918.83,919.63,910.31,910.52,659731
2026-10-01 09:30:00,COST,911.25,923.5,903.95,915.97,915539
2026-10-01 13:30:00,COST,916.045,919.7099,913.94,914.9,724683
2026-10-02 09:30:00,COST,921.18,921.18,909.78,914.245,991171
2026-10-02 13:30:00,COST,914.48,921.17,914.0,920.97,584089
2026-10-05 09:30:00,COST,918.79,925.335,914.7545,924.76,738003
2026-10-05 13:30:00,COST,924.67,924.75,919.8039,923.625,525526
2026-10-06 09:30:00,COST,921.32,932.64,920.78,931.6558,685744
2026-10-06 13:30:00,COST,931.85,937.015,931.0901,935.75,573719
2026-10-07 09:30:00,COST,940.84,948.72,937.99,944.095,890249
2026-10-07 13:30:00,COST,944.095,947.5575,940.23,942.01,558508
2026-10-08 09:30:00,COST,952.01,953.25,939.6017,947.565,954831
2026-10-08 13:30:00,COST,947.29,952.6,946.0,947.88,678603
2026-05-18 09:30:00,AMGN,324.19,325.77,321.21,324.02,757753
2026-05-18 13:30:00,AMGN,323.98,324.47,321.92,324.25,820551
2026-05-19 09:30:00,AMGN,322.945,331.89,320.965,330.28,1025219
2026-05-19 13:30:00,AMGN,330.22,332.34,330.22,330.76,938489
2026-05-20 09:30:00,AMGN,330.75,331.99,326.84,331.275,1462949
2026-05-20 13:30:00,AMGN,331.275,333.53,331.05,331.54,1123547
2026-05-21 09:30:00,AMGN,330.0,336.5,329.09,335.92,589084
2026-05-21 13:30:00,AMGN,336.0999,337.63,335.355,337.46,869720
2026-05-22 09:30:00,AMGN,339.655,343.8,338.4,339.29,441212
2026-05-22 13:30:00,AMGN,339.34,339.74,338.49,339.24,472072
2026-05-26 09:30:00,AMGN,342.03,342.44,335.83,335.83,628954
2026-05-26 13:30:00,AMGN,335.83,336.6199,335.2,335.94,539485
2026-05-27 09:30:00,AMGN,338.23,341.3877,337.01,338.7837,805362
2026-05-27 13:30:00,AMGN,338.705,339.64,335.99,336.01,525492
2026-05-28 09:30:00,AMGN,336.44,337.95,334.155,335.395,857031
2026-05-28 13:30:00,AMGN,335.4,337.47,335.32,336.5,578550
2026-05-29 09:30:00,AMGN,336.22,337.18,333.06,335.13,641014
2026-05-29 13:30:00,AMGN,335.03,337.47,334.83,336.7,670099
2026-06-01 09:30:00,AMGN,332.11,333.28,326.35,328.15,814342
2026-06-01 13:30:00,AMGN,328.08,331.2,327.0,329.11,682889
2026-06-02 09:30:00,AMGN,326.28,328.7,322.3,325.83,587584
2026-06-02 13:30:00,AMGN,325.83,329.4599,325.83,328.27,474039
2026-06-03 09:30:00,AMGN,327.62,336.185,326.985,335.81,705577
2026-06-03 13:30:00,AMGN,335.87,338.7,335.7401,338.19,984677
2026-06-04 09:30:00,AMGN,346.0,349.18,343.23,343.505,1091641
2026-06-04 13:30:00,AMGN,343.57,346.87,338.22,345.62,1235906
2026-06-05 09:30:00,AMGN,348.76,356.39,347.69,354.05,1430217
2026-06-05 13:30:00,AMGN,353.97,356.5,349.455,349.62,1219772
2026-06-08 09:30:00,AMGN,348.88,352.0,344.43,345.035,900510
2026-06-08 13:30:00,AMGN,345.06,346.36,344.24,345.55,726456
2026-06-09 09:30:00,AMGN,348.24,349.64,342.6201,344.77,1168058
2026-06-09 13:30:00,AMGN,344.9,347.07,342.845,344.56,1197512
2026-06-10 09:30:00,AMGN,346.0,348.585,342.62,344.18,929510
2026-06-10 13:30:00,AMGN,344.17,344.21,337.49,337.68,1246961
2026-06-11 09:30:00,AMGN,342.91,352.5,341.455,352.49,2291995
2026-06-11 13:30:00,AMGN,352.69,358.46,352.665,353.86,1532727
2026-06-12 09:30:00,AMGN,357.66,358.165,351.96,354.65,1064642
2026-06-12 13:30:00,AMGN,354.65,355.625,352.77,355.14,820260
2026-06-15 09:30:00,AMGN,355.28,358.2966,350.72,353.825,1153864
2026-06-15 13:30:00,AMGN,353.66,353.81,349.56,350.585,1376423
2026-06-16 09:30:00,AMGN,352.0,353.6585,345.87,349.76,1483418
2026-06-16 13:30:00,AMGN,349.65,349.67,346.6601,347.9,996129
2026-06-17 09:30:00,AMGN,347.08,349.3,343.97,344.19,1038741
2026-06-17 13:30:00,AMGN,344.19,345.67,338.9,341.72,1011791
2026-06-18 09:30:00,AMGN,345.0,345.0,334.2,335.315,2188513
2026-06-18 13:30:00,AMGN,335.315,341.684,334.0501,337.46,1333527
2026-06-22 09:30:00,AMGN,337.65,345.11,337.65,344.325,725542
2026-06-22 13:30:00,AMGN,344.2,345.06,342.32,344.67,849749
2026-06-23 09:30:00,AMGN,348.0,349.4,345.585,347.42,746033
2026-06-23 13:30:00,AMGN,347.385,347.9099,346.37,346.87,598097
2026-06-24 09:30:00,AMGN,348.0,353.19,346.0,351.07,725126
2026-06-24 13:30:00,AMGN,351.03,354.415,350.1207,351.42,731367
2026-06-25 09:30:00,AMGN,350.06,359.1,350.06,355.86,741981
2026-06-25 13:30:00,AMGN,355.71,356.545,352.3,352.92,781460
2026-06-26 09:30:00,AMGN,354.69,362.27,354.16,357.145,886330
2026-06-26 13:30:00,AMGN,357.3,359.045,355.275,357.63,799322
2026-06-29 09:30:00,AMGN,361.95,363.11,358.47,359.28,886712
2026-06-29 13:30:00,AMGN,359.255,361.06,358.6,360.5,919102
2026-06-30 09:30:00,AMGN,362.1,362.495,356.87,361.14,715434
2026-06-30 13:30:00,AMGN,361.205,362.7799,360.39,362.02,723596
2026-07-01 09:30:00,AMGN,362.1,364.0,357.89,358.89,890870
2026-07-01 13:30:00,AMGN,358.965,362.36,358.26,361.28,574843
2026-07-02 09:30:00,AMGN,364.74,375.15,363.39,370.57,773097
2026-07-02 13:30:00,AMGN,370.635,375.02,370.335,373.975,776868
2026-07-06 09:30:00,AMGN,371.7,373.5,359.4695,364.955,948523
2026-07-06 13:30:00,AMGN,364.95,367.75,364.8301,366.44,806087
2026-07-07 09:30:00,AMGN,374.28,375.25,366.945,367.645,708567
2026-07-07 13:30:00,AMGN,367.63,369.66,366.38,368.06,622459
2026-07-08 09:30:00,AMGN,363.735,371.42,363.0,368.13,739785
2026-07-08 13:30:00,AMGN,368.125,369.53,366.8053,367.955,582557
2026-07-09 09:30:00,AMGN,367.82,368.73,361.61,362.74,575011
2026-07-09 13:30:00,AMGN,362.77,364.51,361.03,363.66,564050
2026-07-10 09:30:00,AMGN,363.08,364.895,361.16,361.9,533523
2026-07-10 13:30:00,AMGN,361.94,364.69,361.22,363.44,625088
2026-07-13 09:30:00,AMGN,363.285,363.285,355.73,358.64,612254
2026-07-13 13:30:00,AMGN,358.89,361.6,358.29,360.44,580080
2026-07-14 09:30:00,AMGN,358.22,358.86,354.71,356.55,559035
2026-07-14 13:30:00,AMGN,356.64,357.25,355.1,355.24,437236
2026-07-15 09:30:00,AMGN,354.95,359.9,353.95,357.99,614723
2026-07-15 13:30:00,AMGN,358.1978,359.53,357.11,358.3,516474
2026-07-16 09:30:00,AMGN,359.15,368.9499,357.74,368.63,688069
2026-07-16 13:30:00,AMGN,368.6,372.09,368.26,371.51,778717
2026-07-17 09:30:00,AMGN,373.97,378.54,363.71,364.04,1118421
2026-07-17 13:30:00,AMGN,363.82,366.63,361.735,366.32,1008437
2026-07-20 09:30:00,AMGN,367.95,370.29,364.585,365.5,636404
2026-07-20 13:30:00,AMGN,365.54,365.6299,363.651,364.11,686988
2026-07-21 09:30:00,AMGN,364.42,368.91,362.14,364.62,937126
2026-07-21 13:30:00,AMGN,364.635,367.5,364.11,366.23,722375
2026-07-22 09:30:00,AMGN,369.225,370.99,366.75,367.68,401968
2026-07-22 13:30:00,AMGN,367.85,368.1899,364.87,366.08,429507
2026-07-23 09:30:00,AMGN,359.212,369.32,359.212,367.725,1233229
2026-07-23 13:30:00,AMGN,367.735,371.84,367.51,371.44,596646
2026-07-24 09:30:00,AMGN,372.725,379.41,372.16,376.92,1134359
2026-07-24 13:30:00,AMGN,376.85,377.4666,375.4764,376.04,560004
2026-07-27 09:30:00,AMGN,378.55,382.28,374.395,376.04,1125959
2026-07-27 13:30:00,AMGN,376.04,378.16,375.74,376.09,724132
2026-07-28 09:30:00,AMGN,383.25,398.0,383.25,391.055,1760023
2026-07-28 13:30:00,AMGN,390.9,394.21,389.99,392.89,870822
2026-07-29 09:30:00,AMGN,395.63,397.88,388.185,390.2,973827
2026-07-29 13:30:00,AMGN,390.05,391.24,386.5901,387.426,1071422
2026-07-30 09:30:00,AMGN,379.745,385.13,378.215,384.84,1010823
2026-07-30 13:30:00,AMGN,385.055,388.41,384.205,387.74,781995
2026-07-31 09:30:00,AMGN,382.0,385.035,379.34,384.73,835683
2026-07-31 13:30:00,AMGN,384.79,386.819,384.23,385.16,520353
2026-08-03 09:30:00,AMGN,388.5,391.03,375.96,377.44,1513894
2026-08-03 13:30:00,AMGN,377.46,380.555,377.35,378.9,866576
2026-08-04 09:30:00,AMGN,380.27,387.98,376.02,386.97,1296232
2026-08-04 13:30:00,AMGN,386.94,390.92,386.495,390.28,1052304
2026-08-05 09:30:00,AMGN,393.36,416.22,391.0,404.415,3027283
2026-08-05 13:30:00,AMGN,404.605,408.18,401.13,407.85,1394845
2026-08-06 09:30:00,AMGN,414.8758,418.4,401.5571,401.75,1249008
2026-08-06 13:30:00,AMGN,401.79,405.11,401.2,405.05,616203
2026-08-07 09:30:00,AMGN,405.3,409.32,401.0705,407.12,531831
2026-08-07 13:30:00,AMGN,406.9418,411.6,406.9,410.98,486711
2026-08-10 09:30:00,AMGN,408.92,414.78,406.42,414.11,726242
2026-08-10 13:30:00,AMGN,414.095,417.36,413.38,417.04,571570
2026-08-11 09:30:00,AMGN,415.735,421.79,412.63,414.73,686380
2026-08-11 13:30:00,AMGN,414.67,414.89,412.23,414.31,768126
2026-08-12 09:30:00,AMGN,413.31,418.1927,409.0001,415.34,719167
2026-08-12 13:30:00,AMGN,415.24,417.625,415.15,416.24,624841
2026-08-13 09:30:00,AMGN,419.92,420.26,415.825,418.25,454515
2026-08-13 13:30:00,AMGN,418.18,418.59,415.83,417.93,404054
2026-08-14 09:30:00,AMGN,413.76,416.0,410.505,413.5,470413
2026-08-14 13:30:00,AMGN,413.55,415.315,412.737,415.21,442545
2026-08-17 09:30:00,AMGN,412.98,419.43,410.4,416.82,792688
2026-08-17 13:30:00,AMGN,416.85,419.6,415.46,419.45,721654
2026-08-18 09:30:00,AMGN,421.64,426.1201,420.72,425.37,1075984
2026-08-18 13:30:00,AMGN,425.4,427.39,425.11,425.27,903925
2026-08-19 09:30:00,AMGN,430.56,441.98,429.51,438.02,1222555
2026-08-19 13:30:00,AMGN,438.0,443.19,437.535,442.49,797743
2026-08-20 09:30:00,AMGN,436.5,441.02,431.461,434.575,996621
2026-08-20 13:30:00,AMGN,434.5001,435.35,431.07,433.84,823420
2026-08-21 09:30:00,AMGN,431.71,440.51,429.38,438.25,864724
2026-08-21 13:30:00,AMGN,438.25,439.9,437.28,439.39,643086
2026-08-24 09:30:00,AMGN,440.31,442.1444,435.51,441.07,780451
2026-08-24 13:30:00,AMGN,440.99,445.87,440.87,443.78,753311
2026-08-25 09:30:00,AMGN,443.26,447.01,441.26,444.44,1082389
2026-08-25 13:30:00,AMGN,444.46,445.54,441.9,442.19,520827
2026-08-26 09:30:00,AMGN,442.04,442.885,438.24,441.99,939683
2026-08-26 13:30:00,AMGN,441.8801,442.55,439.89,440.28,675267
2026-08-27 09:30:00,AMGN,433.08,442.13,431.01,439.8,806847
2026-08-27 13:30:00,AMGN,439.84,439.92,436.31,436.94,416812
2026-08-28 09:30:00,AMGN,437.89,437.89,431.215,431.76,728889
2026-08-28 13:30:00,AMGN,431.73,433.11,430.72,432.4,501562
2026-08-31 09:30:00,AMGN,428.59,431.85,426.0,430.78,561020
2026-08-31 13:30:00,AMGN,430.76,431.48,429.7,429.93,587173
2026-09-01 09:30:00,AMGN,435.301,435.5,431.05,432.405,778101
2026-09-01 13:30:00,AMGN,432.51,438.65,432.405,438.12,688716
2026-09-02 09:30:00,AMGN,440.65,445.57,435.0,437.99,944791
2026-09-02 13:30:00,AMGN,438.14,443.54,438.09,442.84,749275
2026-09-03 09:30:00,AMGN,445.67,445.815,438.0801,444.07,534635
2026-09-03 13:30:00,AMGN,444.18,444.51,442.92,444.05,462290
2026-09-04 09:30:00,AMGN,435.007,441.66,435.007,436.25,528302
2026-09-04 13:30:00,AMGN,436.3299,437.99,436.065,437.23,455797
2026-09-08 09:30:00,AMGN,408.9,410.025,392.02,398.31,3255138
2026-09-08 13:30:00,AMGN,398.38,398.55,391.17,393.23,2132697
2026-09-09 09:30:00,AMGN,392.2,395.55,389.28,391.265,1254113
2026-09-09 13:30:00,AMGN,391.235,392.84,390.0,391.28,1133886
2026-09-10 09:30:00,AMGN,387.84,391.666,381.51,382.18,1471813
2026-09-10 13:30:00,AMGN,382.26,384.09,381.66,382.31,1219650
2026-09-11 09:30:00,AMGN,386.99,386.99,378.17,379.19,845048
2026-09-11 13:30:00,AMGN,379.12,379.56,377.22,377.33,808241
2026-09-14 09:30:00,AMGN,382.948,384.53,376.8,380.4025,1040279
2026-09-14 13:30:00,AMGN,380.26,382.17,379.03,381.56,843521
2026-09-15 09:30:00,AMGN,380.23,381.04,375.49,378.12,1108170
2026-09-15 13:30:00,AMGN,378.18,378.87,375.15,375.74,761060
2026-09-16 09:30:00,AMGN,376.42,378.32,374.46,377.96,617447
2026-09-16 13:30:00,AMGN,377.95,379.11,375.16,376.45,825818
2026-09-17 09:30:00,AMGN,378.35,382.49,376.08,379.81,1254794
2026-09-17 13:30:00,AMGN,379.77,379.99,377.6,379.76,1011439
2026-09-18 09:30:00,AMGN,379.7,385.6,378.51,382.7,2098581
2026-09-18 13:30:00,AMGN,382.74,386.5,382.6001,385.57,928304
2026-09-21 09:30:00,AMGN,386.17,393.12,381.9,392.64,882985
2026-09-21 13:30:00,AMGN,392.64,394.5,391.67,393.4,772955
2026-09-22 09:30:00,AMGN,403.5,412.995,398.53,408.29,2094668
2026-09-22 13:30:00,AMGN,408.3097,411.07,408.03,410.34,788381
2026-09-23 09:30:00,AMGN,410.0,415.76,404.34,405.75,1039527
2026-09-23 13:30:00,AMGN,405.735,409.19,405.0101,406.1,712521
2026-09-24 09:30:00,AMGN,405.95,409.99,403.88,404.7703,661872
2026-09-24 13:30:00,AMGN,404.73,408.27,404.6907,406.08,619082
2026-09-25 09:30:00,AMGN,407.23,411.28,404.19,411.28,707168
2026-09-25 13:30:00,AMGN,411.2523,415.2,410.96,414.74,666341
2026-09-28 09:30:00,AMGN,411.52,419.02,410.955,417.26,839212
2026-09-28 13:30:00,AMGN,417.25,418.99,416.59,418.34,681424
2026-09-29 09:30:00,AMGN,414.4,421.345,414.37,419.977,1443397
2026-09-29 13:30:00,AMGN,420.16,424.57,419.2,423.74,909922
2026-09-30 09:30:00,AMGN,424.01,426.59,421.1928,422.96,773066
2026-09-30 13:30:00,AMGN,422.89,424.05,420.63,421.54,961196
2026-10-01 09:30:00,AMGN,421.72,422.8,409.3013,412.0201,874983
2026-10-01 13:30:00,AMGN,412.015,412.68,407.13,407.35,900093
2026-10-02 09:30:00,AMGN,410.16,410.16,401.96,402.65,848550
2026-10-02 13:30:00,AMGN,402.81,404.76,402.455,403.1,837081
2026-10-05 09:30:00,AMGN,399.03,403.615,397.03,403.2,1046305
2026-10-05 13:30:00,AMGN,403.21,403.69,401.74,403.09,921723
2026-10-06 09:30:00,AMGN,403.3,405.0,396.01,400.41,811424
2026-10-06 13:30:00,AMGN,400.43,402.85,399.94,402.73,638712
2026-10-07 09:30:00,AMGN,403.06,415.79,401.85,412.935,1021042
2026-10-07 13:30:00,AMGN,412.95,413.855,410.87,413.0,674990
2026-10-08 09:30:00,AMGN,410.01,411.84,400.06,405.23,832262
2026-10-08 13:30:00,AMGN,405.21,407.88,405.12,407.21,1009189
2026-05-18 09:30:00,JNJ,227.28,228.61,225.86,228.44,2865945
2026-05-18 13:30:00,JNJ,228.45,229.7,227.91,229.02,2428248
2026-05-19 09:30:00,JNJ,228.935,230.85,228.04,228.41,3862777
2026-05-19 13:30:00,JNJ,228.44,230.19,228.37,230.03,2145865
2026-05-20 09:30:00,JNJ,231.69,232.0,229.22,230.16,1941342
2026-05-20 13:30:00,JNJ,230.18,230.89,229.17,229.34,1432908
2026-05-21 09:30:00,JNJ,229.315,230.31,227.35,229.89,1278081
2026-05-21 13:30:00,JNJ,229.9,231.89,229.845,231.72,1361547
2026-05-22 09:30:00,JNJ,233.0,235.495,232.72,234.36,2400549
2026-05-22 13:30:00,JNJ,234.38,235.11,234.25,234.38,1824832
2026-05-26 09:30:00,JNJ,233.0,233.24,229.08,230.59,2466620
2026-05-26 13:30:00,JNJ,230.58,231.14,230.2,230.31,1839984
2026-05-27 09:30:00,JNJ,229.98,232.89,229.0205,231.71,2538271
2026-05-27 13:30:00,JNJ,231.63,232.19,231.15,231.32,1654832
2026-05-28 09:30:00,JNJ,230.03,231.83,229.73,230.96,2394438
2026-05-28 13:30:00,JNJ,230.955,231.87,230.1,230.82,1661327
2026-05-29 09:30:00,JNJ,231.23,231.5,225.485,225.485,3208464
2026-05-29 13:30:00,JNJ,225.525,226.01,224.585,225.24,3006949
2026-06-01 09:30:00,JNJ,223.2,223.65,220.84,222.24,3255367
2026-06-01 13:30:00,JNJ,222.24,224.44,222.0,223.54,2707017
2026-06-02 09:30:00,JNJ,222.58,225.5,221.17,223.34,2142868
2026-06-02 13:30:00,JNJ,223.34,224.1199,222.7,222.92,1530563
2026-06-03 09:30:00,JNJ,222.45,224.93,222.0,224.155,2520680
2026-06-03 13:30:00,JNJ,224.155,224.275,223.08,223.57,2056018
2026-06-04 09:30:00,JNJ,227.09,228.67,225.9,227.89,2704462
2026-06-04 13:30:00,JNJ,227.88,228.55,227.375,228.22,2110225
2026-06-05 09:30:00,JNJ,230.0,235.15,229.0,234.29,3223069
2026-06-05 13:30:00,JNJ,234.33,235.215,232.19,232.8,2421438
2026-06-08 09:30:00,JNJ,232.77,234.95,230.84,231.01,3566993
2026-06-08 13:30:00,JNJ,230.99,232.63,230.5601,232.13,2168322
2026-06-09 09:30:00,JNJ,232.38,237.36,230.41,236.89,3794104
2026-06-09 13:30:00,JNJ,236.95,237.71,236.12,236.98,2752532
2026-06-10 09:30:00,JNJ,238.85,240.93,237.05,239.13,4004516
2026-06-10 13:30:00,JNJ,239.14,239.15,238.01,238.51,2956798
2026-06-11 09:30:00,JNJ,240.0,241.6,239.2666,239.8,2663605
2026-06-11 13:30:00,JNJ,239.78,240.93,238.17,238.32,2208512
2026-06-12 09:30:00,JNJ,240.0,240.51,237.52,239.84,2803003
2026-06-12 13:30:00,JNJ,239.82,240.91,239.63,240.84,1909725
2026-06-15 09:30:00,JNJ,239.0,239.5,233.5801,236.69,2686078
2026-06-15 13:30:00,JNJ,236.685,236.7,234.65,235.82,2654234
2026-06-16 09:30:00,JNJ,236.37,236.37,231.02,235.35,3253073
2026-06-16 13:30:00,JNJ,235.26,235.66,234.37,235.27,1846207
2026-06-17 09:30:00,JNJ,234.03,235.4299,230.7,233.53,2953287
2026-06-17 13:30:00,JNJ,233.5,234.06,231.85,234.05,2681373
2026-06-18 09:30:00,JNJ,231.78,232.75,227.6,229.555,6059596
2026-06-18 13:30:00,JNJ,229.6,230.11,227.76,228.32,3706031
2026-06-22 09:30:00,JNJ,228.95,231.45,227.5,230.76,2615064
2026-06-22 13:30:00,JNJ,230.78,231.39,230.23,231.27,2336521
2026-06-23 09:30:00,JNJ,235.64,237.845,234.35,237.24,3260332
2026-06-23 13:30:00,JNJ,237.24,239.8,237.1401,239.09,4326564
2026-06-24 09:30:00,JNJ,239.89,243.04,239.3,239.465,2856631
2026-06-24 13:30:00,JNJ,239.51,241.43,238.75,241.02,2184312
2026-06-25 09:30:00,JNJ,241.27,248.19,240.885,244.57,4148023
2026-06-25 13:30:00,JNJ,244.57,246.16,244.395,244.97,2665602
2026-06-26 09:30:00,JNJ,248.27,254.0,247.87,253.34,5427779
2026-06-26 13:30:00,JNJ,253.34,255.11,253.22,254.26,4276094
2026-06-29 09:30:00,JNJ,253.19,257.19,252.0254,256.355,3550932
2026-06-29 13:30:00,JNJ,256.305,258.58,256.18,258.43,2377175
2026-06-30 09:30:00,JNJ,259.0,259.9,253.1701,256.6401,2400185
2026-06-30 13:30:00,JNJ,256.77,257.14,253.72,254.01,2126227
2026-07-01 09:30:00,JNJ,253.25,254.2,251.075,252.955,2297633
2026-07-01 13:30:00,JNJ,252.99,254.07,252.305,253.95,1956162
2026-07-02 09:30:00,JNJ,255.78,261.93,254.0,261.21,2892197
2026-07-02 13:30:00,JNJ,261.17,263.1,261.0,262.97,2292590
2026-07-06 09:30:00,JNJ,260.225,261.38,255.93,258.63,2862043
2026-07-06 13:30:00,JNJ,258.65,259.92,257.97,259.33,2231275
2026-07-07 09:30:00,JNJ,264.89,269.43,264.045,266.49,4591473
2026-07-07 13:30:00,JNJ,266.5,268.49,265.03,267.28,2604855
2026-07-08 09:30:00,JNJ,268.6,268.6,265.37,265.45,3312447
2026-07-08 13:30:00,JNJ,265.41,266.182,263.13,263.36,1911233
2026-07-09 09:30:00,JNJ,260.63,263.45,258.95,259.64,2629393
2026-07-09 13:30:00,JNJ,259.61,260.12,258.13,259.105,2207333
2026-07-10 09:30:00,JNJ,260.19,261.3,255.52,256.72,3380694
2026-07-10 13:30:00,JNJ,256.675,257.27,256.23,257.01,1844133
2026-07-13 09:30:00,JNJ,257.95,259.525,256.15,257.89,2382372
2026-07-13 13:30:00,JNJ,257.88,259.125,257.49,257.88,1470504
2026-07-14 09:30:00,JNJ,255.53,256.39,252.14,253.17,3313286
2026-07-14 13:30:00,JNJ,253.22,253.9,252.45,253.86,3066974
2026-07-15 09:30:00,JNJ,250.09,256.83,247.695,249.52,4843713
2026-07-15 13:30:00,JNJ,249.52,249.74,246.05,247.07,3077188
2026-07-16 09:30:00,JNJ,248.9,253.545,246.3,248.825,4089782
2026-07-16 13:30:00,JNJ,248.84,250.93,248.77,249.585,4626467
2026-07-17 09:30:00,JNJ,252.59,255.66,251.99,252.105,4545593
2026-07-17 13:30:00,JNJ,252.07,253.72,251.95,253.1,2971546
2026-07-20 09:30:00,JNJ,252.01,254.175,249.81,249.955,2997825
2026-07-20 13:30:00,JNJ,249.955,250.04,248.63,248.85,2999809
2026-07-21 09:30:00,JNJ,247.45,251.3407,245.49,249.35,2968618
2026-07-21 13:30:00,JNJ,249.285,250.98,249.02,250.65,2009894
2026-07-22 09:30:00,JNJ,252.76,256.2899,251.21,254.675,3016119
2026-07-22 13:30:00,JNJ,254.675,255.89,253.85,255.64,3270343
2026-07-23 09:30:00,JNJ,255.24,260.2,254.42,258.11,3336264
2026-07-23 13:30:00,JNJ,258.11,259.64,257.9305,259.27,2690058
2026-07-24 09:30:00,JNJ,261.43,263.48,259.61,262.66,2768896
2026-07-24 13:30:00,JNJ,262.62,263.71,262.21,263.42,1990549
2026-07-27 09:30:00,JNJ,262.55,268.77,261.35,268.005,3184502
2026-07-27 13:30:00,JNJ,268.005,268.8,265.405,265.99,2584610
2026-07-28 09:30:00,JNJ,270.0,274.9,267.1701,267.23,4850357
2026-07-28 13:30:00,JNJ,267.19,268.465,266.18,266.8,2967201
2026-07-29 09:30:00,JNJ,268.5,269.34,265.89,267.13,2352668
2026-07-29 13:30:00,JNJ,267.105,267.41,264.79,265.62,2233954
2026-07-30 09:30:00,JNJ,259.04,260.52,254.5612,255.515,4158890
2026-07-30 13:30:00,JNJ,255.52,256.3525,255.05,255.91,2504296
2026-07-31 09:30:00,JNJ,255.96,258.48,253.2901,257.72,2754407
2026-07-31 13:30:00,JNJ,257.71,258.39,256.14,256.41,1793313
2026-08-03 09:30:00,JNJ,254.97,257.75,250.91,252.39,3298902
2026-08-03 13:30:00,JNJ,252.65,255.24,252.49,254.45,1904049
2026-08-04 09:30:00,JNJ,253.03,254.22,250.44,253.585,3104378
2026-08-04 13:30:00,JNJ,253.49,255.52,253.26,254.92,1882526
2026-08-05 09:30:00,JNJ,255.25,259.13,254.47,258.7,2602368
2026-08-05 13:30:00,JNJ,258.705,259.32,257.52,257.57,1694224
2026-08-06 09:30:00,JNJ,261.71,262.11,255.28,255.875,2192190
2026-08-06 13:30:00,JNJ,255.8025,257.55,255.75,257.015,2105951
2026-08-07 09:30:00,JNJ,255.89,258.02,255.12,256.41,1860204
2026-08-07 13:30:00,JNJ,256.42,259.6,256.11,259.23,1855135
2026-08-10 09:30:00,JNJ,259.06,261.59,258.55,260.71,3247696
2026-08-10 13:30:00,JNJ,260.65,262.0,259.01,261.69,2625213
2026-08-11 09:30:00,JNJ,261.23,264.15,258.36,259.375,2286631
2026-08-11 13:30:00,JNJ,259.38,260.45,258.985,259.74,1343896
2026-08-12 09:30:00,JNJ,256.0,261.41,255.255,260.17,1894390
2026-08-12 13:30:00,JNJ,260.2,261.34,260.01,260.89,1366848
2026-08-13 09:30:00,JNJ,261.725,262.0,259.6475,261.2799,1825026
2026-08-13 13:30:00,JNJ,261.245,262.62,260.65,262.125,1501646
2026-08-14 09:30:00,JNJ,260.65,261.71,259.16,261.24,1533210
2026-08-14 13:30:00,JNJ,261.25,261.405,260.23,260.36,1302406
2026-08-17 09:30:00,JNJ,258.87,264.2775,258.01,262.485,2087984
2026-08-17 13:30:00,JNJ,262.465,262.685,261.425,262.45,1409519
2026-08-18 09:30:00,JNJ,267.67,271.73,266.33,270.19,3583756
2026-08-18 13:30:00,JNJ,270.19,271.42,269.9,271.13,2012643
2026-08-19 09:30:00,JNJ,272.995,276.47,270.56,272.525,3719932
2026-08-19 13:30:00,JNJ,272.5,274.7862,272.405,273.47,2550649
2026-08-20 09:30:00,JNJ,273.4,273.4,269.86,269.96,2179258
2026-08-20 13:30:00,JNJ,269.975,270.56,267.52,267.76,1929665
2026-08-21 09:30:00,JNJ,267.83,272.655,267.0,270.585,2555474
2026-08-21 13:30:00,JNJ,270.585,271.89,270.24,270.32,1395214
2026-08-24 09:30:00,JNJ,269.74,273.98,268.57,273.105,2812156
2026-08-24 13:30:00,JNJ,273.15,273.5,272.22,273.08,1876820
2026-08-25 09:30:00,JNJ,271.0,273.8021,270.175,272.8,1640268
2026-08-25 13:30:00,JNJ,272.845,273.59,272.64,273.16,1597893
2026-08-26 09:30:00,JNJ,271.97,272.905,269.62,270.18,2642290
2026-08-26 13:30:00,JNJ,270.1206,270.64,269.55,270.06,1575893
2026-08-27 09:30:00,JNJ,268.45,268.45,263.83,266.885,3935015
2026-08-27 13:30:00,JNJ,266.885,267.03,265.38,265.77,1442369
2026-08-28 09:30:00,JNJ,265.78,267.3,264.27,265.15,2747157
2026-08-28 13:30:00,JNJ,265.1,268.38,265.0,268.0,1570003
2026-08-31 09:30:00,JNJ,267.125,267.77,265.5675,266.72,1624150
2026-08-31 13:30:00,JNJ,266.735,266.95,265.17,265.89,1671981
2026-09-01 09:30:00,JNJ,270.83,271.84,267.02,269.61,2434955
2026-09-01 13:30:00,JNJ,269.635,271.91,269.2179,271.34,1809871
2026-09-02 09:30:00,JNJ,274.74,281.07,273.53,274.52,3911877
2026-09-02 13:30:00,JNJ,274.53,276.07,274.1,275.31,1936352
2026-09-03 09:30:00,JNJ,277.32,278.7,273.155,278.16,2201317
2026-09-03 13:30:00,JNJ,278.2,278.89,277.57,278.44,1790477
2026-09-04 09:30:00,JNJ,275.13,277.8,274.75,275.66,1675211
2026-09-04 13:30:00,JNJ,275.6,275.98,274.97,275.15,1094233
2026-09-08 09:30:00,JNJ,271.28,271.99,266.8828,269.22,3511906
2026-09-08 13:30:00,JNJ,269.26,271.17,268.91,269.15,1437189
2026-09-09 09:30:00,JNJ,268.51,270.1,266.73,267.87,2172023
2026-09-09 13:30:00,JNJ,267.88,268.76,266.94,267.19,1860902
2026-09-10 09:30:00,JNJ,270.21,271.27,265.72,266.6544,1922701
2026-09-10 13:30:00,JNJ,266.53,267.37,266.03,266.36,1242036
2026-09-11 09:30:00,JNJ,268.03,270.4,265.3298,265.37,1916148
2026-09-11 13:30:00,JNJ,265.355,266.16,265.25,265.58,1145255
2026-09-14 09:30:00,JNJ,269.6,271.55,267.29,267.575,1517778
2026-09-14 13:30:00,JNJ,267.62,268.21,266.19,266.34,1265257
2026-09-15 09:30:00,JNJ,265.81,266.2436,260.68,264.64,2292565
2026-09-15 13:30:00,JNJ,264.71,267.15,264.55,266.93,1481557
2026-09-16 09:30:00,JNJ,266.81,268.54,266.295,267.795,1755638
2026-09-16 13:30:00,JNJ,267.81,268.65,266.78,267.4,1723653
2026-09-17 09:30:00,JNJ,268.0,269.89,267.11,267.8208,2396961
2026-09-17 13:30:00,JNJ,267.935,270.87,267.76,270.27,1685704
2026-09-18 09:30:00,JNJ,269.45,270.35,267.1975,270.29,3045648
2026-09-18 13:30:00,JNJ,270.29,272.11,269.62,269.98,3255935
2026-09-21 09:30:00,JNJ,271.74,273.73,268.5,270.99,1628642
2026-09-21 13:30:00,JNJ,271.08,271.54,269.37,269.59,1119853
2026-09-22 09:30:00,JNJ,267.51,269.755,265.04,268.22,2203645
2026-09-22 13:30:00,JNJ,268.265,270.1,268.19,269.31,1620908
2026-09-23 09:30:00,JNJ,269.47,272.14,266.5,267.0,3001953
2026-09-23 13:30:00,JNJ,266.945,269.32,266.55,269.32,2110792
2026-09-24 09:30:00,JNJ,269.52,275.23,269.01,270.74,2555672
2026-09-24 13:30:00,JNJ,270.69,272.5599,270.62,270.79,1689332
2026-09-25 09:30:00,JNJ,271.7,272.2459,269.2573,269.88,1592683
2026-09-25 13:30:00,JNJ,269.97,272.0,269.73,271.19,1370152
2026-09-28 09:30:00,JNJ,270.17,273.78,269.27,272.61,2342495
2026-09-28 13:30:00,JNJ,272.61,272.65,271.71,272.04,1627246
2026-09-29 09:30:00,JNJ,269.11,271.894,265.5883,266.62,1958299
2026-09-29 13:30:00,JNJ,266.61,267.805,266.59,267.58,1833432
2026-09-30 09:30:00,JNJ,267.91,268.48,265.96,267.24,1596897
2026-09-30 13:30:00,JNJ,267.27,267.39,264.51,264.79,1797338
2026-10-01 09:30:00,JNJ,263.68,263.975,259.01,259.195,2832984
2026-10-01 13:30:00,JNJ,259.215,260.05,258.33,258.74,3007225
2026-10-02 09:30:00,JNJ,259.38,259.38,255.43,255.815,3451449
2026-10-02 13:30:00,JNJ,255.83,256.48,255.12,256.08,2948310
2026-10-05 09:30:00,JNJ,256.0,256.24,252.87,254.135,3951406
2026-10-05 13:30:00,JNJ,254.135,254.265,252.51,252.9,2695329
2026-10-06 09:30:00,JNJ,254.15,254.78,251.17,254.33,2532590
2026-10-06 13:30:00,JNJ,254.37,255.48,254.18,254.81,1374595
2026-10-07 09:30:00,JNJ,256.21,260.68,255.73,259.885,2261823
2026-10-07 13:30:00,JNJ,260.165,260.39,258.18,258.37,1393904
2026-10-08 09:30:00,JNJ,256.22,257.8,251.945,255.41,2745473
2026-10-08 13:30:00,JNJ,255.39,256.99,254.53,256.495,1435160
2026-05-18 09:30:00,TSLA,419.355,421.13,407.8602,410.0383,32853478
2026-05-18 13:30:00,TSLA,409.96,411.26,405.33,410.07,14807597
2026-05-19 09:30:00,TSLA,403.25,404.75,393.63,403.08,31715375
2026-05-19 13:30:00,TSLA,403.09,405.63,402.29,404.16,10872216
2026-05-20 09:30:00,TSLA,407.645,414.25,406.39,413.9,26924318
2026-05-20 13:30:00,TSLA,413.93,417.46,411.81,417.27,10992316
2026-05-21 09:30:00,TSLA,422.245,426.95,412.9,421.25,28671772
2026-05-21 13:30:00,TSLA,421.32,423.4498,416.9,417.7501,11316255
2026-05-22 09:30:00,TSLA,422.665,431.07,420.51,429.78,30210786
2026-05-22 13:30:00,TSLA,429.73,431.51,423.87,425.9482,12580760
2026-05-26 09:30:00,TSLA,430.02,434.56,426.12,432.3706,29518471
2026-05-26 13:30:00,TSLA,432.35,435.2,429.7701,433.565,11621962
2026-05-27 09:30:00,TSLA,442.815,445.6,435.52,440.5,31283209
2026-05-27 13:30:00,TSLA,440.48,442.99,438.21,440.3,9662264
2026-05-28 09:30:00,TSLA,437.615,443.14,436.3,441.7501,21183520
2026-05-28 13:30:00,TSLA,441.81,443.96,440.92,442.1,8189414
2026-05-29 09:30:00,TSLA,439.845,441.07,428.2,438.2,29724499
2026-05-29 13:30:00,TSLA,438.27,438.9424,434.04,435.56,9625433
2026-06-01 09:30:00,TSLA,427.38,428.93,418.35,420.92,27152625
2026-06-01 13:30:00,TSLA,420.98,421.71,415.46,415.71,12113139
2026-06-02 09:30:00,TSLA,418.08,423.47,413.65,421.53,22984462
2026-06-02 13:30:00,TSLA,421.54,424.15,419.8,423.74,8708088
2026-06-03 09:30:00,TSLA,418.7,433.6,416.0,419.48,30551232
2026-06-03 13:30:00,TSLA,419.43,424.91,418.55,423.73,10131288
2026-06-04 09:30:00,TSLA,419.79,426.3499,417.16,420.715,22363188
2026-06-04 13:30:00,TSLA,420.715,423.7,417.73,418.46,7991716
2026-06-05 09:30:00,TSLA,420.545,424.6799,394.9,395.49,35970003
2026-06-05 13:30:00,TSLA,395.5096,397.2,388.59,390.97,20016084
2026-06-08 09:30:00,TSLA,396.32,410.79,394.72,410.79,29776137
2026-06-08 13:30:00,TSLA,410.77,412.94,407.6101,409.01,15064642
2026-06-09 09:30:00,TSLA,411.03,418.5,384.24,392.69,39364282
2026-06-09 13:30:00,TSLA,392.71,397.68,392.1113,396.57,15159267
2026-06-10 09:30:00,TSLA,391.41,397.09,381.31,384.015,31736503
2026-06-10 13:30:00,TSLA,384.06,385.6399,380.15,381.62,12386844
2026-06-11 09:30:00,TSLA,388.25,390.3299,380.6675,389.92,24709272
2026-06-11 13:30:00,TSLA,389.98,399.54,389.98,399.0,15260387
2026-06-12 09:30:00,TSLA,399.46,405.24,386.76,402.0024,41938233
2026-06-12 13:30:00,TSLA,402.025,406.68,399.86,406.445,17111095
2026-06-15 09:30:00,TSLA,412.08,416.0,407.1,409.44,28269029
2026-06-15 13:30:00,TSLA,409.4701,411.93,407.86,411.22,11831570
2026-06-16 09:30:00,TSLA,404.11,412.42,400.54,404.65,28251309
2026-06-16 13:30:00,TSLA,404.635,407.29,403.055,404.67,8345409
2026-06-17 09:30:00,TSLA,401.53,405.89,397.6,404.24,23677575
2026-06-17 13:30:00,TSLA,404.26,405.8,393.76,396.32,14656793
2026-06-18 09:30:00,TSLA,398.085,399.0,384.7,395.19,32354476
2026-06-18 13:30:00,TSLA,395.2,402.52,393.735,400.43,15945036
2026-06-22 09:30:00,TSLA,394.85,414.75,394.47,407.0473,31483883
2026-06-22 13:30:00,TSLA,407.05,409.44,403.0206,405.04,10911058
2026-06-23 09:30:00,TSLA,389.5,392.32,382.05,385.185,28999133
2026-06-23 13:30:00,TSLA,385.2,385.83,379.06,381.57,13957818
2026-06-24 09:30:00,TSLA,380.008,384.58,375.25,375.5246,19503142
2026-06-24 13:30:00,TSLA,375.5101,377.58,373.05,375.36,13118579
2026-06-25 09:30:00,TSLA,378.125,378.54,371.221,374.355,18526874
2026-06-25 13:30:00,TSLA,374.37,375.99,372.5,375.15,8287426
2026-06-26 09:30:00,TSLA,370.14,387.8,368.6,385.685,26947006
2026-06-26 13:30:00,TSLA,385.685,386.53,378.5488,379.19,13767136
2026-06-29 09:30:00,TSLA,381.5,409.02,381.33,408.79,33075171
2026-06-29 13:30:00,TSLA,408.7601,413.27,408.2101,411.79,19023808
2026-06-30 09:30:00,TSLA,406.0,419.5,406.0,418.26,23076754
2026-06-30 13:30:00,TSLA,418.245,424.54,416.0,420.32,14840323
2026-07-01 09:30:00,TSLA,421.57,432.8599,418.0901,426.485,25534598
2026-07-01 13:30:00,TSLA,426.485,427.27,423.68,425.37,10778184
2026-07-02 09:30:00,TSLA,428.23,432.35,390.08,391.03,49431681
2026-07-02 13:30:00,TSLA,391.065,394.45,389.3011,392.82,16970486
2026-07-06 09:30:00,TSLA,397.32,419.55,390.5,416.64,32788661
2026-07-06 13:30:00,TSLA,416.64,420.0,414.0101,419.77,14838174
2026-07-07 09:30:00,TSLA,416.97,419.55,404.4535,406.985,23686971
2026-07-07 13:30:00,TSLA,407.03,408.39,401.88,402.98,9867294
2026-07-08 09:30:00,TSLA,399.375,399.63,390.96,394.87,20586060
2026-07-08 13:30:00,TSLA,394.93,396.07,390.51,393.87,10179776
2026-07-09 09:30:00,TSLA,393.938,405.47,390.8631,404.4605,21380053
2026-07-09 13:30:00,TSLA,404.44,407.86,402.86,406.54,10979492
2026-07-10 09:30:00,TSLA,410.49,413.16,402.8101,410.195,22454211
2026-07-10 13:30:00,TSLA,410.195,411.19,407.175,407.745,8510851
2026-07-13 09:30:00,TSLA,404.61,405.4,392.7401,393.4095,20182368
2026-07-13 13:30:00,TSLA,393.41,394.95,391.3701,394.75,9214859
2026-07-14 09:30:00,TSLA,399.1,402.22,394.76,395.335,15081910
2026-07-14 13:30:00,TSLA,395.335,397.33,394.92,396.06,5424183
2026-07-15 09:30:00,TSLA,401.1899,406.5895,390.66,395.96,20217696
2026-07-15 13:30:00,TSLA,395.99,399.36,394.03,394.19,8202188
2026-07-16 09:30:00,TSLA,392.35,395.31,385.32,389.015,19082308
2026-07-16 13:30:00,TSLA,389.0361,391.85,386.86,391.1,7304345
2026-07-17 09:30:00,TSLA,381.78,385.6899,377.22,384.53,20588048
2026-07-17 13:30:00,TSLA,384.495,384.7746,380.58,380.69,7413834
2026-07-20 09:30:00,TSLA,386.088,386.49,371.64,372.18,20092087
2026-07-20 13:30:00,TSLA,372.18,374.6,369.425,369.59,11064612
2026-07-21 09:30:00,TSLA,370.98,384.07,369.99,379.4301,20869405
2026-07-21 13:30:00,TSLA,379.4538,380.6899,376.7,378.9199,6367449
2026-07-22 09:30:00,TSLA,375.371,380.17,374.93,377.2,12795541
2026-07-22 13:30:00,TSLA,377.14,377.355,372.9,374.051,7779902
2026-07-23 09:30:00,TSLA,341.0,341.86,318.55,321.67,76114707
2026-07-23 13:30:00,TSLA,321.73,323.3995,315.735,319.46,29281592
2026-07-24 09:30:00,TSLA,320.88,322.96,308.0,309.4499,40268288
2026-07-24 13:30:00,TSLA,309.46,313.24,306.51,313.0,18403980
2026-07-27 09:30:00,TSLA,313.23,317.0,304.28,307.39,27640264
2026-07-27 13:30:00,TSLA,307.39,309.34,305.44,309.24,11679023
2026-07-28 09:30:00,TSLA,305.925,311.15,300.6901,307.18,26405858
2026-07-28 13:30:00,TSLA,307.15,307.69,305.04,307.4874,8757368
2026-07-29 09:30:00,TSLA,307.32,309.045,299.7,302.4569,20114550
2026-07-29 13:30:00,TSLA,302.36,307.99,297.38,298.35,14589873
2026-07-30 09:30:00,TSLA,302.885,309.12,301.35,306.9093,23402527
2026-07-30 13:30:00,TSLA,306.88,310.87,306.6968,308.89,9609208
2026-07-31 09:30:00,TSLA,309.6,315.5,301.97,310.5,24636755
2026-07-31 13:30:00,TSLA,310.5,313.2115,309.76,311.12,8435201
2026-08-03 09:30:00,TSLA,311.01,324.2,310.425,322.125,24674534
2026-08-03 13:30:00,TSLA,322.14,324.65,321.02,322.1283,9301814
2026-08-04 09:30:00,TSLA,324.03,327.45,320.7901,327.05,18626351
2026-08-04 13:30:00,TSLA,327.045,329.57,325.05,327.42,9564677
2026-08-05 09:30:00,TSLA,323.65,327.14,320.43,323.0285,15687276
2026-08-05 13:30:00,TSLA,322.98,323.6,320.28,321.46,8836257
2026-08-06 09:30:00,TSLA,317.05,323.0,315.5205,317.91,16093985
2026-08-06 13:30:00,TSLA,317.905,320.14,317.26,319.62,6950656
2026-08-07 09:30:00,TSLA,322.335,333.7299,321.2508,326.99,26530455
2026-08-07 13:30:00,TSLA,326.98,329.2,326.7201,328.585,9042737
2026-08-10 09:30:00,TSLA,326.645,332.05,326.15,329.03,16409292
2026-08-10 13:30:00,TSLA,329.05,331.25,328.35,330.853,6462479
2026-08-11 09:30:00,TSLA,332.99,336.2,329.53,331.838,16109111
2026-08-11 13:30:00,TSLA,331.86,333.0348,330.41,332.77,4929764
2026-08-12 09:30:00,TSLA,335.0,335.5,323.64,326.29,19433214
2026-08-12 13:30:00,TSLA,326.295,327.94,325.58,327.45,6542643
2026-08-13 09:30:00,TSLA,327.33,337.07,325.24,336.3501,18189418
2026-08-13 13:30:00,TSLA,336.35,341.64,335.7603,340.07,12505540
2026-08-14 09:30:00,TSLA,342.33,351.26,335.3306,339.315,32188687
2026-08-14 13:30:00,TSLA,339.33,343.58,339.31,342.325,10814692
2026-08-17 09:30:00,TSLA,340.69,343.1,337.49,339.042,14325242
2026-08-17 13:30:00,TSLA,339.06,345.45,337.5,339.34,9069356
2026-08-18 09:30:00,TSLA,333.182,340.53,331.12,336.955,18431842
2026-08-18 13:30:00,TSLA,336.91,337.63,335.17,336.885,6752071
2026-08-19 09:30:00,TSLA,338.905,349.19,335.7,346.885,22703314
2026-08-19 13:30:00,TSLA,346.92,351.62,346.09,351.1101,10329718
2026-08-20 09:30:00,TSLA,345.89,347.49,338.96,342.37,20306756
2026-08-20 13:30:00,TSLA,342.38,345.36,341.5204,345.28,6550684
2026-08-21 09:30:00,TSLA,349.755,364.99,346.9,363.5599,39336314
2026-08-21 13:30:00,TSLA,363.62,366.5,361.62,362.88,15160394
2026-08-24 09:30:00,TSLA,361.75,363.24,351.58,356.58,21967588
2026-08-24 13:30:00,TSLA,356.58,356.79,348.26,348.94,12667276
2026-08-25 09:30:00,TSLA,350.87,357.0,349.2003,353.53,21073789
2026-08-25 13:30:00,TSLA,353.52,353.85,348.95,350.15,6491505
2026-08-26 09:30:00,TSLA,345.25,351.93,342.53,346.79,18086151
2026-08-26 13:30:00,TSLA,346.79,347.44,344.4406,345.88,7264698
2026-08-27 09:30:00,TSLA,346.3,355.6,345.45,354.165,18738241
2026-08-27 13:30:00,TSLA,354.165,355.74,353.25,354.59,7884940
2026-08-28 09:30:00,TSLA,357.095,358.8,345.98,346.195,20181657
2026-08-28 13:30:00,TSLA,346.22,349.78,345.2,348.76,8408706
2026-08-31 09:30:00,TSLA,347.15,367.4,347.15,365.24,36457831
2026-08-31 13:30:00,TSLA,365.19,368.92,365.19,367.92,15202838
2026-09-01 09:30:00,TSLA,360.855,362.6999,353.39,356.9401,22687301
2026-09-01 13:30:00,TSLA,357.07,357.5595,352.96,356.12,8716736
2026-09-02 09:30:00,TSLA,360.61,360.62,349.92,353.69,21831878
2026-09-02 13:30:00,TSLA,353.6786,357.28,351.717,356.99,9098602
2026-09-03 09:30:00,TSLA,365.915,384.04,365.91,382.17,45097448
2026-09-03 13:30:00,TSLA,382.18,383.2416,376.0,376.355,12642728
2026-09-04 09:30:00,TSLA,362.18,364.69,351.3201,352.175,45584718
2026-09-04 13:30:00,TSLA,352.175,355.55,351.67,353.9499,13753520
2026-09-08 09:30:00,TSLA,357.27,370.0,355.99,367.52,35186100
2026-09-08 13:30:00,TSLA,367.525,368.8,364.85,368.04,10982964
2026-09-09 09:30:00,TSLA,368.355,375.44,367.25,368.165,22847063
2026-09-09 13:30:00,TSLA,368.13,370.16,367.5,367.8,7065509
2026-09-10 09:30:00,TSLA,360.4,369.21,357.68,366.83,19024188
2026-09-10 13:30:00,TSLA,366.86,367.85,362.77,363.61,7638264
2026-09-11 09:30:00,TSLA,364.14,368.66,361.6,365.95,19741000
2026-09-11 13:30:00,TSLA,366.0,366.55,364.0,365.47,7542645
2026-09-14 09:30:00,TSLA,359.95,367.73,357.04,362.9093,21486174
2026-09-14 13:30:00,TSLA,362.86,363.03,358.53,358.97,7578272
2026-09-15 09:30:00,TSLA,358.725,362.39,354.6313,359.125,19199902
2026-09-15 13:30:00,TSLA,359.0501,359.38,354.05,356.64,8570108
2026-09-16 09:30:00,TSLA,357.71,365.0499,354.8913,361.45,18413677
2026-09-16 13:30:00,TSLA,361.53,362.89,355.0,358.13,11458788
2026-09-17 09:30:00,TSLA,367.59,374.12,363.22,367.72,26830886
2026-09-17 13:30:00,TSLA,367.75,368.82,365.65,366.04,7713650
2026-09-18 09:30:00,TSLA,369.28,370.9,360.751,362.775,30622816
2026-09-18 13:30:00,TSLA,362.79,365.81,361.6003,364.23,10806780
2026-09-21 09:30:00,TSLA,371.64,378.36,371.11,373.22,23819075
2026-09-21 13:30:00,TSLA,373.235,376.58,372.9,375.32,9046913
2026-09-22 09:30:00,TSLA,379.069,379.46,372.88,378.395,17738260
2026-09-22 13:30:00,TSLA,378.41,380.4175,377.66,378.86,7923416
2026-09-23 09:30:00,TSLA,379.935,386.7,377.575,378.765,23048554
2026-09-23 13:30:00,TSLA,378.765,380.4995,378.25,380.24,6884491
2026-09-24 09:30:00,TSLA,377.35,383.3324,375.7,380.95,17421815
2026-09-24 13:30:00,TSLA,380.95,381.222,377.66,377.91,6396991
2026-09-25 09:30:00,TSLA,384.899,386.83,367.67,372.785,33534165
2026-09-25 13:30:00,TSLA,372.83,374.35,371.02,372.08,7588868
2026-09-28 09:30:00,TSLA,368.06,369.42,359.15,359.3,24266858
2026-09-28 13:30:00,TSLA,359.3,360.18,356.8,357.39,10400851
2026-09-29 09:30:00,TSLA,358.42,358.74,351.67,352.575,18998043
2026-09-29 13:30:00,TSLA,352.555,354.66,352.33,352.9,8024049
2026-09-30 09:30:00,TSLA,351.791,352.5,345.88,351.55,23759338
2026-09-30 13:30:00,TSLA,351.57,355.219,351.45,354.89,9957763
2026-10-01 09:30:00,TSLA,356.81,359.79,353.8,357.4301,19482235
2026-10-01 13:30:00,TSLA,357.49,358.27,353.95,354.12,8187028
2026-10-02 09:30:00,TSLA,360.08,374.36,359.411,371.7396,35196995
2026-10-02 13:30:00,TSLA,371.7699,374.6,369.86,370.7,13837937
2026-10-05 09:30:00,TSLA,368.8,380.69,364.91,380.5505,25650629
2026-10-05 13:30:00,TSLA,380.5504,381.59,378.02,378.85,10893578
2026-10-06 09:30:00,TSLA,382.04,383.33,378.52,380.3,17584038
2026-10-06 13:30:00,TSLA,380.32,381.25,379.32,380.675,7049513
2026-10-07 09:30:00,TSLA,378.35,382.3499,374.43,376.733,16495310
2026-10-07 13:30:00,TSLA,376.76,378.2784,375.985,377.62,6739643
2026-10-08 09:30:00,TSLA,374.12,375.96,368.0301,369.08,15655660
2026-10-08 13:30:00,TSLA,369.044,375.33,368.94,375.04,6674149
2026-05-18 09:30:00,COIN,190.48,194.2,185.24,186.45,6161880
2026-05-18 13:30:00,COIN,186.49,189.8799,184.15,189.5,2842088
2026-05-19 09:30:00,COIN,188.375,195.53,185.5301,194.81,4305936
2026-05-19 13:30:00,COIN,194.8,195.25,192.71,193.5,2071591
2026-05-20 09:30:00,COIN,193.75,195.99,189.73,195.52,4144203
2026-05-20 13:30:00,COIN,195.5,196.6205,191.16,191.28,2067679
2026-05-21 09:30:00,COIN,189.805,194.2799,187.67,193.0001,3296383
2026-05-21 13:30:00,COIN,193.28,195.69,192.53,193.599,1880690
2026-05-22 09:30:00,COIN,194.255,195.59,186.82,190.01,4249426
2026-05-22 13:30:00,COIN,190.27,190.34,184.6,184.97,2751406
2026-05-26 09:30:00,COIN,185.662,187.8,182.65,182.8,3794174
2026-05-26 13:30:00,COIN,182.72,183.0,179.11,180.02,3025591
2026-05-27 09:30:00,COIN,176.311,179.85,174.25,175.23,4405339
2026-05-27 13:30:00,COIN,175.2,176.61,173.71,173.79,2521202
2026-05-28 09:30:00,COIN,170.486,181.11,169.17,180.1,4968072
2026-05-28 13:30:00,COIN,180.05,182.65,179.765,182.23,2862203
2026-05-29 09:30:00,COIN,180.28,191.75,178.85,190.085,6050429
2026-05-29 13:30:00,COIN,190.13,191.81,187.599,189.01,3035525
2026-06-01 09:30:00,COIN,179.14,186.425,176.18,184.8179,5742942
2026-06-01 13:30:00,COIN,184.7475,186.6,180.72,182.64,2244246
2026-06-02 09:30:00,COIN,176.94,178.51,171.68,175.56,6084486
2026-06-02 13:30:00,COIN,175.49,175.54,172.5,173.98,2264991
2026-06-03 09:30:00,COIN,171.54,172.0,164.06,165.085,5622371
2026-06-03 13:30:00,COIN,165.085,165.96,162.75,163.21,2724068
2026-06-04 09:30:00,COIN,164.3925,166.3999,161.89,163.28,5280276
2026-06-04 13:30:00,COIN,163.48,166.49,162.4001,164.17,2553627
2026-06-05 09:30:00,COIN,158.66,158.66,149.34,149.869,9662212
2026-06-05 13:30:00,COIN,149.88,152.94,147.88,152.5,5456768
2026-06-08 09:30:00,COIN,156.4,163.08,155.0,162.31,5414570
2026-06-08 13:30:00,COIN,162.26,164.28,161.38,162.115,2235150
2026-06-09 09:30:00,COIN,157.06,164.98,149.9,153.81,5487712
2026-06-09 13:30:00,COIN,153.95,155.7799,153.57,155.52,2420507
2026-06-10 09:30:00,COIN,152.94,161.71,152.19,156.0,3685610
2026-06-10 13:30:00,COIN,156.059,156.57,153.19,154.035,2044582
2026-06-11 09:30:00,COIN,154.38,158.51,152.38,155.27,3037073
2026-06-11 13:30:00,COIN,155.5,161.74,155.0001,160.61,2885627
2026-06-12 09:30:00,COIN,160.43,165.49,155.42,159.615,4014124
2026-06-12 13:30:00,COIN,159.64,161.99,159.38,159.73,1733831
2026-06-15 09:30:00,COIN,169.92,174.44,168.63,171.68,5584626
2026-06-15 13:30:00,COIN,171.69,172.2,168.88,169.645,2115268
2026-06-16 09:30:00,COIN,169.3,173.8,166.88,169.785,3796953
2026-06-16 13:30:00,COIN,169.785,172.87,169.05,169.26,1980181
2026-06-17 09:30:00,COIN,166.84,173.59,165.61,172.78,3803804
2026-06-17 13:30:00,COIN,172.84,174.09,164.67,164.82,3461012
2026-06-18 09:30:00,COIN,167.75,169.765,162.0,163.045,4595378
2026-06-18 13:30:00,COIN,162.94,164.59,160.54,163.22,3009375
2026-06-22 09:30:00,COIN,164.945,176.48,163.68,164.655,6166335
2026-06-22 13:30:00,COIN,164.59,165.92,163.0501,164.84,1707825
2026-06-23 09:30:00,COIN,156.662,164.16,156.662,159.28,3761622
2026-06-23 13:30:00,COIN,159.28,160.395,157.11,158.16,1996330
2026-06-24 09:30:00,COIN,158.28,158.41,148.9,149.5,5128372
2026-06-24 13:30:00,COIN,149.37,152.355,148.28,150.05,3124142
2026-06-25 09:30:00,COIN,150.86,152.19,144.06,144.72,3918326
2026-06-25 13:30:00,COIN,144.72,145.67,141.48,142.58,2619733
2026-06-26 09:30:00,COIN,139.375,149.8499,139.18,148.86,4228261
2026-06-26 13:30:00,COIN,148.855,149.44,146.11,149.36,2975214
2026-06-29 09:30:00,COIN,151.1,152.38,145.3531,150.73,4035336
2026-06-29 13:30:00,COIN,150.7309,151.79,149.86,151.65,2094111
2026-06-30 09:30:00,COIN,148.145,148.695,142.36,144.295,5183916
2026-06-30 13:30:00,COIN,144.29,146.75,144.03,146.18,2381846
2026-07-01 09:30:00,COIN,147.13,163.99,146.3,163.24,6595024
2026-07-01 13:30:00,COIN,163.24,164.54,159.16,159.36,3275097
2026-07-02 09:30:00,COIN,165.448,173.07,163.455,164.42,5861179
2026-07-02 13:30:00,COIN,164.52,166.74,163.22,165.485,2571244
2026-07-06 09:30:00,COIN,161.365,171.67,160.1,170.97,3820234
2026-07-06 13:30:00,COIN,170.88,170.88,168.24,168.87,1914829
2026-07-07 09:30:00,COIN,166.805,170.0951,161.69,166.645,2809484
2026-07-07 13:30:00,COIN,166.67,167.43,163.11,163.52,1332629
2026-07-08 09:30:00,COIN,159.77,161.59,156.2,160.6971,2551203
2026-07-08 13:30:00,COIN,160.81,161.147,159.08,159.34,1390224
2026-07-09 09:30:00,COIN,156.27,161.0599,154.78,159.79,2561836
2026-07-09 13:30:00,COIN,159.78,160.8,158.2,158.48,1163935
2026-07-10 09:30:00,COIN,166.415,167.98,158.67,159.04,4136833
2026-07-10 13:30:00,COIN,159.09,160.14,158.7,159.06,1495372
2026-07-13 09:30:00,COIN,156.075,161.19,155.25,155.995,2945334
2026-07-13 13:30:00,COIN,155.995,157.65,154.01,157.4,1565597
2026-07-14 09:30:00,COIN,160.61,162.1078,157.25,161.68,4023425
2026-07-14 13:30:00,COIN,161.61,162.265,159.41,161.54,1915586
2026-07-15 09:30:00,COIN,165.58,167.47,160.34,166.315,3470167
2026-07-15 13:30:00,COIN,166.44,168.5,164.7577,167.25,2375924
2026-07-16 09:30:00,COIN,165.48,167.21,159.62,163.32,2663890
2026-07-16 13:30:00,COIN,163.38,163.835,159.51,160.53,2439381
2026-07-17 09:30:00,COIN,153.415,160.6143,152.58,160.5701,3896860
2026-07-17 13:30:00,COIN,160.47,160.775,156.51,157.06,1861505
2026-07-20 09:30:00,COIN,158.07,163.205,155.155,162.675,2671063
2026-07-20 13:30:00,COIN,162.84,164.695,159.0,160.56,1814808
2026-07-21 09:30:00,COIN,168.0,181.49,167.86,179.54,8339456
2026-07-21 13:30:00,COIN,179.552,179.75,175.3,175.92,3655162
2026-07-22 09:30:00,COIN,173.54,174.958,168.3201,168.72,3680271
2026-07-22 13:30:00,COIN,168.68,169.5,166.0,166.13,2264801
2026-07-23 09:30:00,COIN,163.05,165.74,158.88,164.035,2869814
2026-07-23 13:30:00,COIN,164.028,164.4,160.36,161.12,1953232
2026-07-24 09:30:00,COIN,161.0,161.0,153.8,159.7266,3156681
2026-07-24 13:30:00,COIN,159.71,160.27,156.9301,158.32,1538926
2026-07-27 09:30:00,COIN,163.1,167.87,160.42,165.625,3964214
2026-07-27 13:30:00,COIN,165.615,167.74,165.301,167.53,1933901
2026-07-28 09:30:00,COIN,162.59,168.16,158.58,166.47,3053345
2026-07-28 13:30:00,COIN,166.43,168.06,164.875,167.9,1524239
2026-07-29 09:30:00,COIN,166.14,169.6881,163.04,164.14,3212884
2026-07-29 13:30:00,COIN,164.0,166.72,158.68,160.07,2536680
2026-07-30 09:30:00,COIN,161.18,164.78,159.31,163.4075,3656628
2026-07-30 13:30:00,COIN,163.437,164.63,161.7,163.56,1845947
2026-07-31 09:30:00,COIN,153.1,153.68,139.11,146.96,13066955
2026-07-31 13:30:00,COIN,146.75,151.65,146.01,146.22,6156194
2026-08-03 09:30:00,COIN,144.0175,152.33,141.03,151.72,5456731
2026-08-03 13:30:00,COIN,151.72,152.43,146.46,146.47,3001535
2026-08-04 09:30:00,COIN,147.4,151.9409,145.6,151.485,4366137
2026-08-04 13:30:00,COIN,151.45,152.9,150.34,150.72,1950159
2026-08-05 09:30:00,COIN,150.73,153.99,147.61,151.79,3440623
2026-08-05 13:30:00,COIN,151.73,153.09,149.635,149.9,2169405
2026-08-06 09:30:00,COIN,146.755,150.605,145.9319,147.375,2443990
2026-08-06 13:30:00,COIN,147.39,148.818,145.2,145.35,2362753
2026-08-07 09:30:00,COIN,148.22,155.3999,145.57,151.15,5189485
2026-08-07 13:30:00,COIN,151.095,154.2,150.6,153.62,2472630
2026-08-10 09:30:00,COIN,153.49,153.61,147.9,149.54,3389502
2026-08-10 13:30:00,COIN,149.52,149.7884,148.44,148.72,1394430
2026-08-11 09:30:00,COIN,149.84,152.9499,147.0,147.71,3924896
2026-08-11 13:30:00,COIN,147.75,148.8,146.32,148.5999,1766378
2026-08-12 09:30:00,COIN,150.1,151.5,147.5,148.252,3008517
2026-08-12 13:30:00,COIN,148.255,150.5,147.97,149.0599,1865065
2026-08-13 09:30:00,COIN,149.1,153.12,146.94,148.55,3811419
2026-08-13 13:30:00,COIN,148.52,154.41,148.26,153.9,2653579
2026-08-14 09:30:00,COIN,151.4,152.58,148.11,151.0,3554366
2026-08-14 13:30:00,COIN,150.96,151.13,147.86,148.52,2467150
2026-08-17 09:30:00,COIN,148.25,152.2,147.25,150.82,3211418
2026-08-17 13:30:00,COIN,150.9099,151.72,150.15,150.57,1416669
2026-08-18 09:30:00,COIN,147.855,150.73,146.55,148.66,3905429
2026-08-18 13:30:00,COIN,148.71,149.06,146.04,146.26,2030208
2026-08-19 09:30:00,COIN,147.5,165.74,147.5,161.465,10131158
2026-08-19 13:30:00,COIN,161.46,161.74,156.04,160.3,4940272
2026-08-20 09:30:00,COIN,172.888,174.77,166.11,173.12,12218507
2026-08-20 13:30:00,COIN,173.0,173.4699,170.01,172.46,3958607
2026-08-21 09:30:00,COIN,180.06,191.355,179.2,187.07,15264548
2026-08-21 13:30:00,COIN,187.1695,188.25,184.13,186.575,4460349
2026-08-24 09:30:00,COIN,188.7,191.8387,181.89,182.51,7894834
2026-08-24 13:30:00,COIN,182.535,183.0544,178.52,179.485,2936922
2026-08-25 09:30:00,COIN,176.165,188.57,174.73,187.4125,6551544
2026-08-25 13:30:00,COIN,187.455,189.27,179.48,187.19,2360779
2026-08-26 09:30:00,COIN,181.65,185.47,179.4317,181.45,3742092
2026-08-26 13:30:00,COIN,181.48,182.91,181.21,181.74,1789630
2026-08-27 09:30:00,COIN,186.27,193.805,180.11,192.46,5808287
2026-08-27 13:30:00,COIN,192.485,192.76,188.07,190.75,2353269
2026-08-28 09:30:00,COIN,186.02,189.1,176.7,177.2888,5976329
2026-08-28 13:30:00,COIN,177.17,179.47,176.06,178.66,2820441
2026-08-31 09:30:00,COIN,178.56,187.29,176.73,186.06,4155225
2026-08-31 13:30:00,COIN,186.145,189.9474,186.01,188.07,3070950
2026-09-01 09:30:00,COIN,181.65,183.99,177.08,177.47,4563483
2026-09-01 13:30:00,COIN,177.475,178.44,175.0,176.83,2565142
2026-09-02 09:30:00,COIN,174.3,178.7221,172.03,175.611,2968063
2026-09-02 13:30:00,COIN,175.6651,177.43,174.83,175.0,1534706
2026-09-03 09:30:00,COIN,181.4775,195.85,181.0,192.97,9183692
2026-09-03 13:30:00,COIN,193.09,193.77,191.14,192.75,2632425
2026-09-04 09:30:00,COIN,185.3,188.9999,182.89,184.7,5105242
2026-09-04 13:30:00,COIN,184.655,185.75,183.435,184.64,2043033
2026-09-08 09:30:00,COIN,180.68,182.25,178.33,179.66,3158332
2026-09-08 13:30:00,COIN,179.72,181.2998,178.6666,178.98,1826895
2026-09-09 09:30:00,COIN,184.47,184.8,176.52,178.3442,3494251
2026-09-09 13:30:00,COIN,178.23,178.36,174.61,174.71,1775783
2026-09-10 09:30:00,COIN,170.84,174.46,170.39,173.585,2640887
2026-09-10 13:30:00,COIN,173.7,174.0,171.82,172.23,1568283
2026-09-11 09:30:00,COIN,174.05,182.0766,172.8,177.51,4823568
2026-09-11 13:30:00,COIN,177.6,177.71,173.87,175.18,1947603
2026-09-14 09:30:00,COIN,180.98,192.94,180.54,192.9,8018666
2026-09-14 13:30:00,COIN,192.97,193.2168,188.96,191.41,3681214
2026-09-15 09:30:00,COIN,183.621,184.135,176.28,179.19,6865948
2026-09-15 13:30:00,COIN,179.19,180.7,168.07,172.11,10101638
2026-09-16 09:30:00,COIN,172.555,173.97,164.58,165.6451,6818584
2026-09-16 13:30:00,COIN,165.66,167.72,161.21,164.5,5777899
2026-09-17 09:30:00,COIN,169.865,172.65,165.7327,172.18,6003891
2026-09-17 13:30:00,COIN,172.11,174.15,171.02,173.99,2775191
2026-09-18 09:30:00,COIN,178.155,195.65,177.67,194.85,13397126
2026-09-18 13:30:00,COIN,195.0,196.21,192.67,194.275,5833780
2026-09-21 09:30:00,COIN,205.5,208.33,201.6,202.415,10111372
2026-09-21 13:30:00,COIN,202.56,203.98,200.655,200.95,2886364
2026-09-22 09:30:00,COIN,199.395,203.0,197.2,200.36,4449759
2026-09-22 13:30:00,COIN,200.33,202.43,199.9601,201.06,2044610
2026-09-23 09:30:00,COIN,197.71,204.5,195.64,198.96,4703331
2026-09-23 13:30:00,COIN,198.915,199.74,196.9,198.07,1549853
2026-09-24 09:30:00,COIN,196.74,202.7752,193.69,198.45,5091044
2026-09-24 13:30:00,COIN,198.22,199.88,197.3,199.16,1600527
2026-09-25 09:30:00,COIN,199.2971,199.75,192.58,194.67,3833133
2026-09-25 13:30:00,COIN,194.73,196.19,194.14,195.11,1609490
2026-09-28 09:30:00,COIN,196.0,198.7799,191.11,194.18,4379395
2026-09-28 13:30:00,COIN,194.145,194.65,191.6,191.8,1609591
2026-09-29 09:30:00,COIN,197.41,197.63,189.52,189.73,3418378
2026-09-29 13:30:00,COIN,189.79,190.2999,188.1543,190.07,1874685
2026-09-30 09:30:00,COIN,195.484,198.659,184.29,187.29,5402107
2026-09-30 13:30:00,COIN,187.29,188.02,185.97,186.34,1563820
2026-10-01 09:30:00,COIN,186.07,192.3,185.88,189.87,3468381
2026-10-01 13:30:00,COIN,189.93,191.55,188.26,189.38,1645516
2026-10-02 09:30:00,COIN,194.402,200.3514,181.76,182.22,8773102
2026-10-02 13:30:00,COIN,182.16,183.62,180.81,183.0,3072803
2026-10-05 09:30:00,COIN,187.29,191.78,184.12,186.044,5084026
2026-10-05 13:30:00,COIN,186.05,189.05,185.3,188.19,1710965
2026-10-06 09:30:00,COIN,188.26,192.8,186.34,187.2668,3361111
2026-10-06 13:30:00,COIN,187.3524,188.36,184.825,185.84,1634911
2026-10-07 09:30:00,COIN,180.225,181.2,177.74,178.045,4251099
2026-10-07 13:30:00,COIN,178.08,179.28,177.0,178.49,1962130
2026-10-08 09:30:00,COIN,174.8,179.0549,172.15,173.1101,4566012
2026-10-08 13:30:00,COIN,173.115,175.95,171.81,171.99,3881458
2026-05-18 09:30:00,PLTR,132.5076,135.935,131.33,133.975,20508340
2026-05-18 13:30:00,PLTR,133.985,135.32,132.8535,135.12,8541732
2026-05-19 09:30:00,PLTR,137.08,137.46,133.6,135.26,18747221
2026-05-19 13:30:00,PLTR,135.26,136.09,134.75,135.25,8397199
2026-05-20 09:30:00,PLTR,134.145,136.75,132.42,135.94,16814071
2026-05-20 13:30:00,PLTR,135.98,137.24,135.58,137.145,9790754
2026-05-21 09:30:00,PLTR,135.8,138.51,135.4306,137.535,15158616
2026-05-21 13:30:00,PLTR,137.51,138.55,136.86,137.41,6065827
2026-05-22 09:30:00,PLTR,137.44,139.02,134.3,137.4601,18059976
2026-05-22 13:30:00,PLTR,137.48,137.77,136.72,136.8,5769005
2026-05-26 09:30:00,PLTR,136.17,138.68,133.3,137.36,22236673
2026-05-26 13:30:00,PLTR,137.36,137.715,136.14,136.615,6280333
2026-05-27 09:30:00,PLTR,133.29,135.73,131.63,133.1001,22089575
2026-05-27 13:30:00,PLTR,133.1384,133.479,132.46,132.52,7357072
2026-05-28 09:30:00,PLTR,133.16,140.86,133.02,140.845,29496467
2026-05-28 13:30:00,PLTR,140.85,143.4,140.76,143.33,16083518
2026-05-29 09:30:00,PLTR,147.835,157.7794,145.79,156.14,54623798
2026-05-29 13:30:00,PLTR,156.1699,157.14,154.81,156.59,17339746
2026-06-01 09:30:00,PLTR,159.98,162.37,155.88,161.99,39831683
2026-06-01 13:30:00,PLTR,162.02,163.6899,160.28,160.64,13235599
2026-06-02 09:30:00,PLTR,156.8684,159.5225,149.8,153.5,31356055
2026-06-02 13:30:00,PLTR,153.4801,153.5186,151.79,152.17,7199011
2026-06-03 09:30:00,PLTR,149.7,151.68,142.18,142.66,24267606
2026-06-03 13:30:00,PLTR,142.65,143.48,141.25,142.225,11790410
2026-06-04 09:30:00,PLTR,145.63,146.37,140.272,140.985,28135703
2026-06-04 13:30:00,PLTR,140.98,142.3999,140.71,141.695,8200416
2026-06-05 09:30:00,PLTR,140.252,141.97,136.33,136.615,18144064
2026-06-05 13:30:00,PLTR,136.64,137.07,134.025,135.55,11930925
2026-06-08 09:30:00,PLTR,135.65,137.76,135.29,135.62,15310604
2026-06-08 13:30:00,PLTR,135.65,136.8885,135.3201,136.47,6593555
2026-06-09 09:30:00,PLTR,134.855,136.99,127.35,130.24,22652173
2026-06-09 13:30:00,PLTR,130.23,132.34,130.0401,132.07,8705213
2026-06-10 09:30:00,PLTR,129.325,133.185,128.8,131.81,16359848
2026-06-10 13:30:00,PLTR,131.8,132.2,129.87,130.23,7100231
2026-06-11 09:30:00,PLTR,128.79,130.67,127.18,130.66,13785656
2026-06-11 13:30:00,PLTR,130.66,131.5197,129.9199,131.02,8697663
2026-06-12 09:30:00,PLTR,130.915,131.09,126.65,128.06,21080881
2026-06-12 13:30:00,PLTR,128.06,128.39,127.699,127.98,9761694
2026-06-15 09:30:00,PLTR,129.985,134.98,129.7,133.875,24418834
2026-06-15 13:30:00,PLTR,133.88,134.93,133.4,134.7,8517342
2026-06-16 09:30:00,PLTR,134.5077,134.5077,129.62,130.94,17584495
2026-06-16 13:30:00,PLTR,130.9465,133.74,130.51,133.24,7971754
2026-06-17 09:30:00,PLTR,131.845,135.99,130.6,134.795,17498694
2026-06-17 13:30:00,PLTR,134.795,136.1,129.92,130.66,10913147
2026-06-18 09:30:00,PLTR,130.9525,131.41,125.01,128.69,28225198
2026-06-18 13:30:00,PLTR,128.71,129.11,127.66,128.49,9649469
2026-06-22 09:30:00,PLTR,125.74,128.87,119.76,120.785,32420979
2026-06-22 13:30:00,PLTR,120.79,121.1,119.2,119.4801,17731936
2026-06-23 09:30:00,PLTR,119.76,120.8099,117.94,118.82,22964500
2026-06-23 13:30:00,PLTR,118.85,119.15,116.18,116.685,13497519
2026-06-24 09:30:00,PLTR,114.05,118.0,112.78,112.86,29318852
2026-06-24 13:30:00,PLTR,112.84,114.34,112.25,113.45,12128410
2026-06-25 09:30:00,PLTR,111.43,112.14,106.375,106.8701,38034102
2026-06-25 13:30:00,PLTR,106.88,108.67,106.6101,107.31,17549821
2026-06-26 09:30:00,PLTR,109.04,114.0799,108.47,112.7,32548783
2026-06-26 13:30:00,PLTR,112.68,113.751,111.4,112.83,18302761
2026-06-29 09:30:00,PLTR,116.145,119.08,114.71,116.45,29834492
2026-06-29 13:30:00,PLTR,116.45,116.87,115.63,115.67,9537091
2026-06-30 09:30:00,PLTR,114.91,118.7,114.57,118.22,18711037
2026-06-30 13:30:00,PLTR,118.23,118.3293,116.505,116.63,10615848
2026-07-01 09:30:00,PLTR,120.276,127.89,119.35,126.82,38335379
2026-07-01 13:30:00,PLTR,126.8499,128.25,125.64,125.69,14644468
2026-07-02 09:30:00,PLTR,128.815,132.88,128.295,131.555,38363631
2026-07-02 13:30:00,PLTR,131.57,132.1,129.13,129.15,14561167
2026-07-06 09:30:00,PLTR,127.14,134.0693,126.76,133.17,23282766
2026-07-06 13:30:00,PLTR,133.175,133.175,131.42,132.535,8673409
2026-07-07 09:30:00,PLTR,133.73,137.82,131.46,137.725,31277992
2026-07-07 13:30:00,PLTR,137.725,138.9,134.235,134.37,17070238
2026-07-08 09:30:00,PLTR,129.635,131.01,126.7168,129.74,24502136
2026-07-08 13:30:00,PLTR,129.76,132.39,129.5395,132.2193,9429573
2026-07-09 09:30:00,PLTR,127.872,128.63,124.81,128.08,23666911
2026-07-09 13:30:00,PLTR,128.08,129.19,127.57,129.05,7377131
2026-07-10 09:30:00,PLTR,132.14,132.27,125.77,126.43,18324288
2026-07-10 13:30:00,PLTR,126.41,127.245,125.92,126.78,9339923
2026-07-13 09:30:00,PLTR,127.399,130.72,126.195,129.315,20602816
2026-07-13 13:30:00,PLTR,129.34,130.23,127.8,130.05,14634923
2026-07-14 09:30:00,PLTR,123.612,134.19,122.64,133.8,33232298
2026-07-14 13:30:00,PLTR,133.81,135.7899,133.3001,133.74,12188366
2026-07-15 09:30:00,PLTR,134.17,136.88,132.88,133.6,17430308
2026-07-15 13:30:00,PLTR,133.565,134.2345,133.11,133.75,6391505
2026-07-16 09:30:00,PLTR,133.28,134.28,128.68,133.89,15950597
2026-07-16 13:30:00,PLTR,133.8816,134.89,133.25,134.45,9445695
2026-07-17 09:30:00,PLTR,131.805,134.6699,129.05,134.4301,20689670
2026-07-17 13:30:00,PLTR,134.43,134.7698,131.7,132.34,7581766
2026-07-20 09:30:00,PLTR,131.88,135.85,131.82,135.4,15501042
2026-07-20 13:30:00,PLTR,135.4,136.62,134.82,134.855,9070711
2026-07-21 09:30:00,PLTR,133.975,134.68,131.225,132.85,14046173
2026-07-21 13:30:00,PLTR,132.84,133.28,132.6,132.62,4915420
2026-07-22 09:30:00,PLTR,132.22,132.31,124.57,124.7291,20385173
2026-07-22 13:30:00,PLTR,124.74,124.83,123.45,124.58,12362889
2026-07-23 09:30:00,PLTR,125.935,126.39,120.73,121.95,16657832
2026-07-23 13:30:00,PLTR,121.94,123.5,121.8,123.3,8215229
2026-07-24 09:30:00,PLTR,125.3,125.3,122.02,123.46,10610650
2026-07-24 13:30:00,PLTR,123.43,124.77,122.71,122.94,6913088
2026-07-27 09:30:00,PLTR,126.29,132.15,125.32,131.6,20422427
2026-07-27 13:30:00,PLTR,131.625,132.41,130.83,131.545,11091172
2026-07-28 09:30:00,PLTR,125.825,127.12,117.89,124.82,30097092
2026-07-28 13:30:00,PLTR,124.8101,124.92,122.465,123.56,9111769
2026-07-29 09:30:00,PLTR,123.958,125.9689,122.7,125.22,12795890
2026-07-29 13:30:00,PLTR,125.21,127.28,122.45,123.05,10179022
2026-07-30 09:30:00,PLTR,121.14,123.6699,120.27,122.395,14456541
2026-07-30 13:30:00,PLTR,122.38,122.51,121.49,122.26,6752008
2026-07-31 09:30:00,PLTR,122.339,123.32,119.63,122.825,16224120
2026-07-31 13:30:00,PLTR,122.83,123.39,121.95,123.07,6586290
2026-08-03 09:30:00,PLTR,126.51,126.965,123.6567,125.7099,26423552
2026-08-03 13:30:00,PLTR,125.7,126.3999,125.28,125.91,19745332
2026-08-04 09:30:00,PLTR,145.145,162.83,143.28,162.43,119283572
2026-08-04 13:30:00,PLTR,162.425,164.51,161.5401,162.63,39566732
2026-08-05 09:30:00,PLTR,162.05,166.06,158.53,159.54,40122051
2026-08-05 13:30:00,PLTR,159.54,160.8187,158.25,158.425,13393980
2026-08-06 09:30:00,PLTR,155.81,158.0,152.7,155.69,26559528
2026-08-06 13:30:00,PLTR,155.675,156.4283,155.07,155.98,7992280
2026-08-07 09:30:00,PLTR,160.04,171.43,159.9701,171.14,49574984
2026-08-07 13:30:00,PLTR,171.1882,172.41,169.23,172.0,19974508
2026-08-10 09:30:00,PLTR,171.08,179.6,170.87,177.47,40692285
2026-08-10 13:30:00,PLTR,177.45,177.68,174.9,175.22,11447297
2026-08-11 09:30:00,PLTR,174.2198,177.94,172.72,175.94,27951173
2026-08-11 13:30:00,PLTR,175.975,176.4,174.82,174.93,10776708
2026-08-12 09:30:00,PLTR,174.15,175.09,168.34,172.44,22779762
2026-08-12 13:30:00,PLTR,172.45,173.0,170.2001,171.085,9499167
2026-08-13 09:30:00,PLTR,173.68,176.8,172.3301,176.365,18598530
2026-08-13 13:30:00,PLTR,176.36,179.91,175.84,179.0,14267131
2026-08-14 09:30:00,PLTR,179.52,180.18,176.21,176.77,15078739
2026-08-14 13:30:00,PLTR,176.77,176.94,173.8,174.04,6646135
2026-08-17 09:30:00,PLTR,174.198,176.27,172.3013,173.59,15048585
2026-08-17 13:30:00,PLTR,173.57,174.02,172.36,172.555,5759781
2026-08-18 09:30:00,PLTR,171.926,174.98,170.63,172.77,15516127
2026-08-18 13:30:00,PLTR,172.76,173.975,171.1859,171.59,7308915
2026-08-19 09:30:00,PLTR,172.62,176.82,169.7705,173.92,22197982
2026-08-19 13:30:00,PLTR,173.955,176.3,173.41,175.18,8078311
2026-08-20 09:30:00,PLTR,175.89,176.46,172.03,174.26,15052397
2026-08-20 13:30:00,PLTR,174.2323,175.87,173.77,173.93,6563010
2026-08-21 09:30:00,PLTR,173.98,182.44,172.55,180.2399,25459238
2026-08-21 13:30:00,PLTR,180.22,180.78,178.39,179.94,10213177
2026-08-24 09:30:00,PLTR,177.45,178.345,171.31,178.08,15728017
2026-08-24 13:30:00,PLTR,178.0801,178.75,175.81,175.885,9757194
2026-08-25 09:30:00,PLTR,176.655,179.87,172.95,173.01,15658561
2026-08-25 13:30:00,PLTR,173.03,175.89,172.2004,172.72,6550866
2026-08-26 09:30:00,PLTR,170.424,176.24,168.9,175.9,13370844
2026-08-26 13:30:00,PLTR,175.8898,178.49,175.72,177.47,8274893
2026-08-27 09:30:00,PLTR,178.93,186.85,178.01,185.59,24884357
2026-08-27 13:30:00,PLTR,185.5178,186.58,185.12,185.9,8584941
2026-08-28 09:30:00,PLTR,184.94,188.37,184.38,185.875,15261974
2026-08-28 13:30:00,PLTR,185.88,187.25,185.59,186.25,7031497
2026-08-31 09:30:00,PLTR,185.515,187.94,183.79,185.595,13674723
2026-08-31 13:30:00,PLTR,185.57,187.77,185.5009,186.36,6399340
2026-09-01 09:30:00,PLTR,182.75,186.55,181.3,182.47,14718760
2026-09-01 13:30:00,PLTR,182.465,182.99,179.75,179.9,6350638
2026-09-02 09:30:00,PLTR,176.995,177.55,165.71,168.4115,27056820
2026-09-02 13:30:00,PLTR,168.45,170.39,168.18,169.46,8899470
2026-09-03 09:30:00,PLTR,172.35,185.83,171.9375,182.8551,26372119
2026-09-03 13:30:00,PLTR,182.83,184.01,182.05,182.48,7410151
2026-09-04 09:30:00,PLTR,180.02,182.19,174.4701,174.61,15510381
2026-09-04 13:30:00,PLTR,174.56,174.99,173.67,174.31,7030785
2026-09-08 09:30:00,PLTR,173.102,175.82,170.56,172.035,12729623
2026-09-08 13:30:00,PLTR,172.055,172.31,170.02,170.29,5894005
2026-09-09 09:30:00,PLTR,171.325,171.8599,168.61,170.78,10936156
2026-09-09 13:30:00,PLTR,170.7401,171.02,169.42,169.51,5504037
2026-09-10 09:30:00,PLTR,167.36,168.9999,164.55,166.14,11327116
2026-09-10 13:30:00,PLTR,166.125,166.8,165.39,165.86,4546417
2026-09-11 09:30:00,PLTR,168.0,168.61,165.4,166.94,8357231
2026-09-11 13:30:00,PLTR,166.92,167.93,166.685,167.21,3380276
2026-09-14 09:30:00,PLTR,169.74,173.75,166.42,173.3,17343365
2026-09-14 13:30:00,PLTR,173.3,174.3599,172.18,173.31,8535895
2026-09-15 09:30:00,PLTR,170.235,176.59,169.45,175.91,14850886
2026-09-15 13:30:00,PLTR,175.93,176.3199,171.52,172.56,8369104
2026-09-16 09:30:00,PLTR,170.39,173.2,168.96,173.0186,10218997
2026-09-16 13:30:00,PLTR,172.968,174.7651,170.97,174.34,7774413
2026-09-17 09:30:00,PLTR,175.76,177.88,172.607,174.59,13490363
2026-09-17 13:30:00,PLTR,174.635,177.17,174.52,176.18,5510564
2026-09-18 09:30:00,PLTR,177.04,177.75,172.0,175.365,13690967
2026-09-18 13:30:00,PLTR,175.38,177.7,175.275,177.52,7111922
2026-09-21 09:30:00,PLTR,178.725,183.38,176.76,181.3595,12133790
2026-09-21 13:30:00,PLTR,181.36,183.155,181.26,183.08,5869733
2026-09-22 09:30:00,PLTR,185.085,185.54,182.03,184.81,11258572
2026-09-22 13:30:00,PLTR,184.795,185.16,183.83,184.98,5442778
2026-09-23 09:30:00,PLTR,186.22,193.79,182.95,190.896,23507511
2026-09-23 13:30:00,PLTR,190.905,192.16,190.04,191.77,7492296
2026-09-24 09:30:00,PLTR,189.2,194.68,188.24,192.93,15184289
2026-09-24 13:30:00,PLTR,192.89,193.149,191.368,192.61,4918083
2026-09-25 09:30:00,PLTR,192.86,194.214,190.32,191.8601,9510375
2026-09-25 13:30:00,PLTR,191.895,192.23,189.35,189.66,4874885
2026-09-28 09:30:00,PLTR,186.231,190.25,185.62,189.36,9619705
2026-09-28 13:30:00,PLTR,189.36,189.76,187.3,187.56,3587680
2026-09-29 09:30:00,PLTR,187.34,188.63,184.81,185.751,6027493
2026-09-29 13:30:00,PLTR,185.805,187.07,185.06,186.97,2933363
2026-09-30 09:30:00,PLTR,187.93,190.99,187.0,187.52,8206971
2026-09-30 13:30:00,PLTR,187.52,189.0,187.02,187.04,3798293
2026-10-01 09:30:00,PLTR,190.18,191.8,186.6,189.9,9278030
2026-10-01 13:30:00,PLTR,189.94,191.34,188.89,190.03,4283021
2026-10-02 09:30:00,PLTR,193.24,194.78,189.02,189.11,11063633
2026-10-02 13:30:00,PLTR,189.165,189.85,188.2612,188.79,3365015
2026-10-05 09:30:00,PLTR,189.15,192.6899,187.63,188.74,8408821
2026-10-05 13:30:00,PLTR,188.73,189.91,188.72,189.43,3879068
2026-10-06 09:30:00,PLTR,191.0,194.56,190.25,192.565,10840148
2026-10-06 13:30:00,PLTR,192.55,193.285,192.06,192.08,3931013
2026-10-07 09:30:00,PLTR,192.7,194.7,190.112,193.1,9202256
2026-10-07 13:30:00,PLTR,193.12,194.19,192.56,194.07,3900576
2026-10-08 09:30:00,PLTR,199.0,204.44,195.65,196.385,32001599
2026-10-08 13:30:00,PLTR,196.44,199.1,195.7001,198.72,6585668
2026-05-18 09:30:00,SOXL,172.95,174.61,145.55,148.965,52360785
2026-05-18 13:30:00,SOXL,148.9981,152.78,142.69,151.665,20497140
2026-05-19 09:30:00,SOXL,142.59,160.6,135.02,158.47,66477994
2026-05-19 13:30:00,SOXL,158.41,159.66,150.22,151.9299,16527526
2026-05-20 09:30:00,SOXL,161.0,172.68,161.0,169.6801,39976916
2026-05-20 13:30:00,SOXL,169.82,173.7,168.82,173.345,12734568
2026-05-21 09:30:00,SOXL,171.26,178.32,168.23,176.155,36286436
2026-05-21 13:30:00,SOXL,176.2,179.97,172.6301,178.2315,14238535
2026-05-22 09:30:00,SOXL,184.8,195.0,183.34,194.9,32698712
2026-05-22 13:30:00,SOXL,194.92,195.27,189.1655,190.36,10607324
2026-05-26 09:30:00,SOXL,211.38,226.9,209.8957,220.88,40949627
2026-05-26 13:30:00,SOXL,220.9,228.5,220.52,225.7501,9486611
2026-05-27 09:30:00,SOXL,242.66,242.66,204.0,213.4409,60817447
2026-05-27 13:30:00,SOXL,213.6,219.423,211.22,217.9,10921180
2026-05-28 09:30:00,SOXL,219.0,231.89,207.56,227.9,36404907
2026-05-28 13:30:00,SOXL,227.94,229.5,224.1,224.67,8983929
2026-05-29 09:30:00,SOXL,231.82,239.07,218.87,222.21,26611509
2026-05-29 13:30:00,SOXL,222.04,225.3989,218.56,224.06,9181775
2026-06-01 09:30:00,SOXL,217.265,230.7,210.14,230.69,27624702
2026-06-01 13:30:00,SOXL,230.75,234.06,224.88,226.92,8103096
2026-06-02 09:30:00,SOXL,243.18,261.92,238.8233,256.25,30840176
2026-06-02 13:30:00,SOXL,256.21,267.08,253.9145,266.37,8710012
2026-06-03 09:30:00,SOXL,281.47,284.58,257.26,277.599,35114710
2026-06-03 13:30:00,SOXL,277.59,284.3,275.88,280.0,10016977
2026-06-04 09:30:00,SOXL,242.04,265.3,228.55,264.655,42266067
2026-06-04 13:30:00,SOXL,264.77,274.5,262.4171,262.89,14331996
2026-06-05 09:30:00,SOXL,230.8482,233.69,196.37,202.35,62092361
2026-06-05 13:30:00,SOXL,202.14,206.59,181.81,182.1101,37360779
2026-06-08 09:30:00,SOXL,210.62,222.19,201.69,216.195,53334617
2026-06-08 13:30:00,SOXL,216.19,219.53,208.93,211.18,12775817
2026-06-09 09:30:00,SOXL,227.055,231.02,157.561,181.7,82784878
2026-06-09 13:30:00,SOXL,181.69,201.98,177.85,201.7813,37348567
2026-06-10 09:30:00,SOXL,191.54,212.99,179.0,183.09,70063468
2026-06-10 13:30:00,SOXL,183.035,190.1,177.3001,180.025,20523138
2026-06-11 09:30:00,SOXL,192.3,209.76,192.3,206.0,42706088
2026-06-11 13:30:00,SOXL,206.1,225.63,205.761,224.01,25241861
2026-06-12 09:30:00,SOXL,222.22,241.88,214.7406,240.7,39335458
2026-06-12 13:30:00,SOXL,240.8,242.4,233.13,234.36,9497595
2026-06-15 09:30:00,SOXL,265.99,272.18,261.6019,271.3801,27848972
2026-06-15 13:30:00,SOXL,271.497,274.88,270.3,272.83,9935583
2026-06-16 09:30:00,SOXL,267.13,274.9297,234.3,243.5801,36398414
2026-06-16 13:30:00,SOXL,243.475,247.4999,226.005,226.005,14659619
2026-06-17 09:30:00,SOXL,247.42,250.2099,236.5,249.39,25080269
2026-06-17 13:30:00,SOXL,249.38,259.79,233.3,233.85,21130163
2026-06-18 09:30:00,SOXL,266.035,281.2299,265.0,280.36,37189799
2026-06-18 13:30:00,SOXL,280.4,286.1526,278.46,279.47,9789745
2026-06-22 09:30:00,SOXL,299.26,302.0,286.2401,294.0663,28027993
2026-06-22 13:30:00,SOXL,294.15,301.5,290.3814,300.81,6623404
2026-06-23 09:30:00,SOXL,236.0,252.98,230.13,237.54,48785020
2026-06-23 13:30:00,SOXL,237.6,237.89,223.0,230.835,18170854
2026-06-24 09:30:00,SOXL,233.11,237.0,216.77,217.3352,29027749
2026-06-24 13:30:00,SOXL,217.51,230.0,211.13,229.592,16024926
2026-06-25 09:30:00,SOXL,268.05,268.4,225.7441,257.055,42831276
2026-06-25 13:30:00,SOXL,257.22,258.9,245.11,253.56,11595633
2026-06-26 09:30:00,SOXL,226.24,231.25,213.18,224.3293,34419077
2026-06-26 13:30:00,SOXL,224.55,226.2,212.1,215.01,13717705
2026-06-29 09:30:00,SOXL,216.36,235.88,192.3,235.72,37433922
2026-06-29 13:30:00,SOXL,235.715,238.6533,231.8,236.53,9765743
2026-06-30 09:30:00,SOXL,241.45,265.6999,240.59,265.2897,25025617
2026-06-30 13:30:00,SOXL,265.45,272.0,264.13,266.9203,9898556
2026-07-01 09:30:00,SOXL,237.785,246.47,222.1,223.58,39617399
2026-07-01 13:30:00,SOXL,223.6,230.1,215.3807,217.57,17126465
2026-07-02 09:30:00,SOXL,219.23,226.13,175.31,175.95,62067601
2026-07-02 13:30:00,SOXL,175.77,181.935,168.88,181.0301,25926724
2026-07-06 09:30:00,SOXL,197.21,210.8,194.22,197.72,28801772
2026-07-06 13:30:00,SOXL,197.84,201.89,194.23,194.77,11420101
2026-07-07 09:30:00,SOXL,165.4,171.88,150.08,167.1693,55940668
2026-07-07 13:30:00,SOXL,167.18,169.2402,155.65,165.27,19499387
2026-07-08 09:30:00,SOXL,159.21,176.38,158.87,176.15,47476417
2026-07-08 13:30:00,SOXL,176.1901,176.75,171.691,174.84,13094817
2026-07-09 09:30:00,SOXL,199.81,204.55,190.62,201.0689,39551962
2026-07-09 13:30:00,SOXL,201.19,201.57,189.46,192.44,10747532
2026-07-10 09:30:00,SOXL,182.4,194.7,176.8,194.59,27935055
2026-07-10 13:30:00,SOXL,194.67,195.94,189.74,192.075,8293518
2026-07-13 09:30:00,SOXL,174.61,177.67,162.6,164.41,33695521
2026-07-13 13:30:00,SOXL,164.47,168.16,161.61,165.37,16055955
2026-07-14 09:30:00,SOXL,187.69,188.426,170.26,180.01,36361796
2026-07-14 13:30:00,SOXL,180.15,181.5794,175.1,176.659,10664192
2026-07-15 09:30:00,SOXL,183.77,184.0,150.0,160.84,44163091
2026-07-15 13:30:00,SOXL,160.83,166.54,159.5,165.51,20160775
2026-07-16 09:30:00,SOXL,150.44,155.83,139.69,141.5032,49033458
2026-07-16 13:30:00,SOXL,141.466,143.7599,138.0,142.51,23200435
2026-07-17 09:30:00,SOXL,124.73,144.4,116.47,143.44,79668743
2026-07-17 13:30:00,SOXL,143.4,143.7,132.4,135.285,23038920
2026-07-20 09:30:00,SOXL,143.52,148.74,138.69,141.63,37543671
2026-07-20 13:30:00,SOXL,141.71,143.08,135.665,136.81,13127673
2026-07-21 09:30:00,SOXL,155.84,160.64,148.87,159.7136,36827188
2026-07-21 13:30:00,SOXL,159.7108,160.33,156.185,158.41,14507082
2026-07-22 09:30:00,SOXL,150.6019,165.75,147.0,164.685,33023303
2026-07-22 13:30:00,SOXL,164.63,165.14,160.2,160.95,8757654
2026-07-23 09:30:00,SOXL,152.16,162.92,150.6469,156.59,38068215
2026-07-23 13:30:00,SOXL,156.625,157.55,151.45,157.4,14469439
2026-07-24 09:30:00,SOXL,151.45,154.5,136.27,144.12,42899637
2026-07-24 13:30:00,SOXL,144.185,145.25,132.55,136.79,25702167
2026-07-27 09:30:00,SOXL,140.65,142.1899,115.45,119.0107,64570117
2026-07-27 13:30:00,SOXL,119.11,130.2,118.97,128.09,22606317
2026-07-28 09:30:00,SOXL,112.35,114.78,101.53,110.9637,89778593
2026-07-28 13:30:00,SOXL,110.92,114.95,108.34,109.51,25812571
2026-07-29 09:30:00,SOXL,107.62,112.6685,92.4101,97.05,86059305
2026-07-29 13:30:00,SOXL,96.87,109.25,91.5,92.01,49806044
2026-07-30 09:30:00,SOXL,107.38,118.0,105.12,114.96,78028539
2026-07-30 13:30:00,SOXL,114.99,116.58,112.62,115.07,21431084
2026-07-31 09:30:00,SOXL,129.9,133.88,112.42,120.52,81321707
2026-07-31 13:30:00,SOXL,120.4401,121.9,114.61,114.61,17547030
2026-08-03 09:30:00,SOXL,106.15,116.94,102.09,114.99,61890497
2026-08-03 13:30:00,SOXL,114.95,118.87,114.7598,116.72,16051732
2026-08-04 09:30:00,SOXL,131.505,141.0,129.66,140.755,50365538
2026-08-04 13:30:00,SOXL,140.71,142.4199,139.2003,140.15,18928756
2026-08-05 09:30:00,SOXL,135.54,144.34,130.0,134.795,47555958
2026-08-05 13:30:00,SOXL,134.69,137.79,131.05,131.605,14523960
2026-08-06 09:30:00,SOXL,125.23,140.0,120.7466,136.06,43363291
2026-08-06 13:30:00,SOXL,136.0,137.66,132.1,132.46,10855933
2026-08-07 09:30:00,SOXL,141.97,143.92,131.56,139.3801,44755066
2026-08-07 13:30:00,SOXL,139.4376,140.67,137.27,140.26,13586182
2026-08-10 09:30:00,SOXL,142.8,143.45,133.0,133.98,32958151
2026-08-10 13:30:00,SOXL,133.985,135.98,130.0,130.0,13365370
2026-08-11 09:30:00,SOXL,136.26,136.6,130.07,130.63,25524367
2026-08-11 13:30:00,SOXL,130.65,133.62,130.06,133.07,10354032
2026-08-12 09:30:00,SOXL,147.3,147.7,142.64,145.77,38634362
2026-08-12 13:30:00,SOXL,145.8,147.1,141.894,142.23,13931257
2026-08-13 09:30:00,SOXL,142.16,154.1299,141.84,152.96,39089321
2026-08-13 13:30:00,SOXL,153.12,153.1995,144.14,145.37,12710937
2026-08-14 09:30:00,SOXL,143.79,146.65,138.9,140.2514,31569512
2026-08-14 13:30:00,SOXL,140.31,145.18,139.8,145.0,11926435
2026-08-17 09:30:00,SOXL,150.605,156.9242,148.9,152.94,27668605
2026-08-17 13:30:00,SOXL,152.9128,154.5831,150.65,151.5665,13460205
2026-08-18 09:30:00,SOXL,134.195,137.6,122.4,126.18,60959599
2026-08-18 13:30:00,SOXL,126.001,129.13,123.2,129.0,21578476
2026-08-19 09:30:00,SOXL,132.63,133.74,116.84,121.1,54685659
2026-08-19 13:30:00,SOXL,121.0981,122.55,118.55,120.56,19522604
2026-08-20 09:30:00,SOXL,119.99,124.56,117.4201,120.8,37683186
2026-08-20 13:30:00,SOXL,120.79,122.63,119.28,122.2,10768559
2026-08-21 09:30:00,SOXL,126.59,126.79,116.71,118.72,34507306
2026-08-21 13:30:00,SOXL,118.77,121.31,118.7,120.5901,11549831
2026-08-24 09:30:00,SOXL,115.0,115.05,106.0,110.27,47765851
2026-08-24 13:30:00,SOXL,110.26,113.36,109.75,111.19,16780395
2026-08-25 09:30:00,SOXL,117.37,119.88,113.1301,114.95,31885702
2026-08-25 13:30:00,SOXL,114.98,116.54,114.42,115.84,12767728
2026-08-26 09:30:00,SOXL,114.7,117.19,112.53,115.8684,21122434
2026-08-26 13:30:00,SOXL,115.845,117.37,115.37,116.665,8393178
2026-08-27 09:30:00,SOXL,123.4,124.88,117.6901,121.39,37140269
2026-08-27 13:30:00,SOXL,121.42,123.59,118.95,123.17,15012531
2026-08-28 09:30:00,SOXL,119.92,121.1999,110.21,111.55,39465275
2026-08-28 13:30:00,SOXL,111.5399,113.05,110.83,111.37,18547174
2026-08-31 09:30:00,SOXL,112.41,115.05,110.33,111.36,22901756
2026-08-31 13:30:00,SOXL,111.3601,113.11,111.3,112.845,9695459
2026-09-01 09:30:00,SOXL,106.2175,108.64,102.31,105.205,42588539
2026-09-01 13:30:00,SOXL,105.19,106.24,102.7,105.78,18365631
2026-09-02 09:30:00,SOXL,104.5,108.07,101.34,106.2,33829522
2026-09-02 13:30:00,SOXL,106.1996,106.6,105.4501,106.36,8979065
2026-09-03 09:30:00,SOXL,103.0,106.69,98.6204,106.0,43300484
2026-09-03 13:30:00,SOXL,105.995,107.49,105.7901,106.78,9990120
2026-09-04 09:30:00,SOXL,111.22,117.86,109.73,115.76,42961465
2026-09-04 13:30:00,SOXL,115.74,118.18,114.97,117.54,15804764
2026-09-08 09:30:00,SOXL,125.0,127.54,121.6,125.665,40417404
2026-09-08 13:30:00,SOXL,125.69,125.87,122.25,123.35,10195945
2026-09-09 09:30:00,SOXL,123.39,128.48,121.24,125.57,31348205
2026-09-09 13:30:00,SOXL,125.58,126.2,124.77,125.905,7303393
2026-09-10 09:30:00,SOXL,116.35,119.32,113.5548,117.63,36872641
2026-09-10 13:30:00,SOXL,117.6,117.86,115.45,115.675,14037256
2026-09-11 09:30:00,SOXL,120.71,124.46,117.8656,123.85,37831620
2026-09-11 13:30:00,SOXL,123.875,124.5,121.3004,121.84,13715406
2026-09-14 09:30:00,SOXL,101.53,105.3399,99.87,103.88,72171587
2026-09-14 13:30:00,SOXL,103.885,105.39,101.1,101.135,24592073
2026-09-15 09:30:00,SOXL,104.55,105.94,100.96,101.6732,43693389
2026-09-15 13:30:00,SOXL,101.67,102.54,101.08,102.335,10839672
2026-09-16 09:30:00,SOXL,107.44,109.32,106.25,107.16,30554474
2026-09-16 13:30:00,SOXL,107.18,109.04,101.06,104.08,39611894
2026-09-17 09:30:00,SOXL,113.33,115.48,112.0101,115.15,40098628
2026-09-17 13:30:00,SOXL,115.15,115.34,114.58,114.7,13419938
2026-09-18 09:30:00,SOXL,117.03,119.7088,116.68,118.09,29605335
2026-09-18 13:30:00,SOXL,117.9947,123.9,117.69,123.77,12194304
2026-09-21 09:30:00,SOXL,132.065,140.4201,129.62,139.2552,41902100
2026-09-21 13:30:00,SOXL,139.25,144.0,139.17,142.0399,16200001
2026-09-22 09:30:00,SOXL,137.67,148.84,137.46,148.28,47332817
2026-09-22 13:30:00,SOXL,148.29,152.64,147.67,151.96,16378225
2026-09-23 09:30:00,SOXL,150.34,151.0,139.58,142.3,42925724
2026-09-23 13:30:00,SOXL,142.265,146.46,142.05,146.32,16476301
2026-09-24 09:30:00,SOXL,138.47,147.2,136.9,144.63,46976599
2026-09-24 13:30:00,SOXL,144.61,146.52,141.51,146.24,16317442
2026-09-25 09:30:00,SOXL,149.24,153.9,147.39,152.705,41282522
2026-09-25 13:30:00,SOXL,152.72,152.96,150.65,151.35,13147013
2026-09-28 09:30:00,SOXL,148.14,149.99,135.212,142.07,54813320
2026-09-28 13:30:00,SOXL,142.04,143.24,140.73,142.28,13088405
2026-09-29 09:30:00,SOXL,148.5,152.37,145.49,148.16,38880736
2026-09-29 13:30:00,SOXL,148.13,148.8,146.2,146.99,12387091
2026-09-30 09:30:00,SOXL,147.95,150.77,144.41,145.935,30604635
2026-09-30 13:30:00,SOXL,145.955,149.8,145.86,147.65,13083727
2026-10-01 09:30:00,SOXL,148.555,154.49,144.31,154.24,51043468
2026-10-01 13:30:00,SOXL,154.25,156.71,151.18,153.77,20228382
2026-10-02 09:30:00,SOXL,163.8151,169.75,162.61,162.63,47677950
2026-10-02 13:30:00,SOXL,162.59,165.4,162.4,163.75,12829065
2026-10-05 09:30:00,SOXL,161.66,162.97,158.08,162.5401,24970057
2026-10-05 13:30:00,SOXL,162.54,164.375,162.34,164.3601,9863338
2026-10-06 09:30:00,SOXL,167.34,169.83,165.38,166.775,29714253
2026-10-06 13:30:00,SOXL,166.74,167.99,163.42,164.19,13312323
2026-10-07 09:30:00,SOXL,153.7,157.84,151.42,157.18,33763949
2026-10-07 13:30:00,SOXL,157.21,159.49,155.27,158.75,15225285
2026-10-08 09:30:00,SOXL,150.48,155.5,136.32,138.075,65831601
2026-10-08 13:30:00,SOXL,138.12,144.55,137.985,142.5,32140745
2026-05-18 09:30:00,TSLL,14.865,14.98,14.04,14.1901,69755933
2026-05-18 13:30:00,TSLL,14.195,14.2891,13.86,14.1903,19128932
2026-05-19 09:30:00,TSLL,13.691,13.82,13.06,13.7099,60544300
2026-05-19 13:30:00,TSLL,13.72,13.885,13.6525,13.7895,12980592
2026-05-20 09:30:00,TSLL,14.015,14.47,13.935,14.4426,54678809
2026-05-20 13:30:00,TSLL,14.4499,14.688,14.3,14.6601,10667364
2026-05-21 09:30:00,TSLL,15.015,15.3494,14.36,14.945,58902962
2026-05-21 13:30:00,TSLL,14.941,15.1,14.64,14.71,13944905
2026-05-22 09:30:00,TSLL,15.035,15.62,14.88,15.53,62189031
2026-05-22 13:30:00,TSLL,15.53,15.65,15.11,15.2694,17291441
2026-05-26 09:30:00,TSLL,15.56,15.87,15.27,15.71,55836517
2026-05-26 13:30:00,TSLL,15.71,15.915,15.53,15.7998,11783760
2026-05-27 09:30:00,TSLL,16.475,16.67,15.94,16.31,63189064
2026-05-27 13:30:00,TSLL,16.3,16.485,16.14,16.2901,13795073
2026-05-28 09:30:00,TSLL,16.09,16.49,15.99,16.3999,41628660
2026-05-28 13:30:00,TSLL,16.395,16.55,16.325,16.4,11728428
2026-05-29 09:30:00,TSLL,16.24,16.32,15.375,16.1196,57580101
2026-05-29 13:30:00,TSLL,16.11,16.1607,15.8001,15.91,9002265
2026-06-01 09:30:00,TSLL,15.325,15.44,14.66,14.8486,50395931
2026-06-01 13:30:00,TSLL,14.8483,14.9,14.45,14.47,16060054
2026-06-02 09:30:00,TSLL,14.605,14.9983,14.3111,14.8699,47640377
2026-06-02 13:30:00,TSLL,14.865,15.04,14.74,15.0101,12611375
2026-06-03 09:30:00,TSLL,14.655,15.705,14.4712,14.7093,54576082
2026-06-03 13:30:00,TSLL,14.7099,15.09,14.645,15.005,10506988
2026-06-04 09:30:00,TSLL,14.725,15.1801,14.54,14.798,35581684
2026-06-04 13:30:00,TSLL,14.7901,15.01,14.58,14.63,9282999
2026-06-05 09:30:00,TSLL,14.765,15.06,13.0,13.015,56911279
2026-06-05 13:30:00,TSLL,13.015,13.14,12.535,12.695,19762744
2026-06-08 09:30:00,TSLL,13.025,13.98,12.952,13.975,40391491
2026-06-08 13:30:00,TSLL,13.98,14.1124,13.78,13.84,12987047
2026-06-09 09:30:00,TSLL,13.985,14.5,12.2,12.755,64885876
2026-06-09 13:30:00,TSLL,12.75,13.09,12.715,13.03,11870360
2026-06-10 09:30:00,TSLL,12.685,13.05,12.02,12.1901,37662453
2026-06-10 13:30:00,TSLL,12.1899,12.3,11.95,12.035,11491899
2026-06-11 09:30:00,TSLL,12.42,12.58,11.97,12.5516,41837604
2026-06-11 13:30:00,TSLL,12.56,13.1566,12.56,13.135,21318706
2026-06-12 09:30:00,TSLL,13.135,13.515,12.3,13.305,73244178
2026-06-12 13:30:00,TSLL,13.3093,13.61,13.16,13.595,19453923
2026-06-15 09:30:00,TSLL,13.9725,14.1665,13.64,13.79,50524351
2026-06-15 13:30:00,TSLL,13.7901,13.96,13.69,13.895,10957559
2026-06-16 09:30:00,TSLL,13.4207,13.9899,13.1906,13.4799,45534866
2026-06-16 13:30:00,TSLL,13.465,13.6378,13.36,13.465,8415728
2026-06-17 09:30:00,TSLL,13.245,13.51,12.99,13.4302,32871321
2026-06-17 13:30:00,TSLL,13.43,13.51,12.745,12.9082,17375655
2026-06-18 09:30:00,TSLL,13.0,13.06,12.14,12.8101,47319046
2026-06-18 13:30:00,TSLL,12.8117,13.292,12.72,13.16,16983341
2026-06-22 09:30:00,TSLL,12.785,14.09,12.76,13.585,46110923
2026-06-22 13:30:00,TSLL,13.59,13.745,13.34,13.44,9421557
2026-06-23 09:30:00,TSLL,12.5175,12.5175,11.84,12.03,48217117
2026-06-23 13:30:00,TSLL,12.035,12.07,11.625,11.8099,10981517
2026-06-24 09:30:00,TSLL,11.685,11.97,11.3903,11.405,24475527
2026-06-24 13:30:00,TSLL,11.405,11.54,11.26,11.415,10414894
2026-06-25 09:30:00,TSLL,11.405,11.625,11.1409,11.335,34661919
2026-06-25 13:30:00,TSLL,11.34,11.435,11.2201,11.39,6926679
2026-06-26 09:30:00,TSLL,11.08,12.14,10.975,12.01,42057894
2026-06-26 13:30:00,TSLL,12.01,12.06,11.58,11.62,14151313
2026-06-29 09:30:00,TSLL,11.765,13.44,11.63,13.42,57456067
2026-06-29 13:30:00,TSLL,13.4215,13.7,13.39,13.6101,21116788
2026-06-30 09:30:00,TSLL,13.225,14.1199,13.225,14.03,44401545
2026-06-30 13:30:00,TSLL,14.03,14.45,13.89,14.17,20034557
2026-07-01 09:30:00,TSLL,14.3,15.0,14.025,14.5803,47180990
2026-07-01 13:30:00,TSLL,14.585,14.6301,14.39,14.5001,12623542
2026-07-02 09:30:00,TSLL,14.685,14.97,12.09,12.1499,83872810
2026-07-02 13:30:00,TSLL,12.1576,12.3899,12.05,12.2899,12630016
2026-07-06 09:30:00,TSLL,12.56,13.94,12.135,13.7501,42952352
2026-07-06 13:30:00,TSLL,13.755,13.97,13.595,13.955,11577411
2026-07-07 09:30:00,TSLL,13.755,13.9373,12.9399,13.105,34730054
2026-07-07 13:30:00,TSLL,13.11,13.2,12.76,12.839,10404165
2026-07-08 09:30:00,TSLL,12.615,12.62,12.0701,12.3199,34608567
2026-07-08 13:30:00,TSLL,12.315,12.39,12.04,12.255,11757108
2026-07-09 09:30:00,TSLL,12.245,12.9699,12.07,12.905,36057289
2026-07-09 13:30:00,TSLL,12.9,13.1199,12.805,13.02,13082984
2026-07-10 09:30:00,TSLL,13.35,13.446,12.7895,13.25,36099077
2026-07-10 13:30:00,TSLL,13.26,13.3199,13.07,13.085,6999024
2026-07-13 09:30:00,TSLL,12.93,12.94,12.1338,12.1899,33380712
2026-07-13 13:30:00,TSLL,12.185,12.275,12.05,12.27,13218597
2026-07-14 09:30:00,TSLL,12.56,12.725,12.26,12.295,26192535
2026-07-14 13:30:00,TSLL,12.3,12.415,12.27,12.345,8866279
2026-07-15 09:30:00,TSLL,12.6,12.99,12.0,12.3296,38131479
2026-07-15 13:30:00,TSLL,12.33,12.535,12.2,12.22,12742826
2026-07-16 09:30:00,TSLL,12.08,12.28,11.66,11.895,33082146
2026-07-16 13:30:00,TSLL,11.898,12.06,11.7601,12.0134,9331115
2026-07-17 09:30:00,TSLL,11.445,11.68,11.16,11.6,31957588
2026-07-17 13:30:00,TSLL,11.615,11.625,11.37,11.385,7185305
2026-07-20 09:30:00,TSLL,11.7,11.705,10.83,10.865,34523405
2026-07-20 13:30:00,TSLL,10.865,11.01,10.7,10.71,13446755
2026-07-21 09:30:00,TSLL,10.795,11.54,10.725,11.278,34714335
2026-07-21 13:30:00,TSLL,11.2744,11.35,11.125,11.24,9833877
2026-07-22 09:30:00,TSLL,11.05,11.32,11.0,11.145,21330543
2026-07-22 13:30:00,TSLL,11.13,11.1499,10.885,10.95,9194510
2026-07-23 09:30:00,TSLL,9.02,9.07,7.7,7.89,160877693
2026-07-23 13:30:00,TSLL,7.8895,7.98,7.54,7.759,46849954
2026-07-24 09:30:00,TSLL,7.805,7.9117,7.18,7.2598,85605679
2026-07-24 13:30:00,TSLL,7.2599,7.44,7.12,7.4241,29397192
2026-07-27 09:30:00,TSLL,7.45,7.6199,7.02,7.16,60938535
2026-07-27 13:30:00,TSLL,7.165,7.25,7.07,7.245,30554421
2026-07-28 09:30:00,TSLL,7.09,7.34,6.85,7.1501,58680994
2026-07-28 13:30:00,TSLL,7.1502,7.175,7.05,7.16,24782789
2026-07-29 09:30:00,TSLL,7.14,7.235,6.8,6.925,47957463
2026-07-29 13:30:00,TSLL,6.925,7.18,6.695,6.7302,29725608
2026-07-30 09:30:00,TSLL,6.935,7.2199,6.87,7.1136,61524927
2026-07-30 13:30:00,TSLL,7.1179,7.3,7.11,7.195,23233341
2026-07-31 09:30:00,TSLL,7.245,7.5187,6.8801,7.2773,63436516
2026-07-31 13:30:00,TSLL,7.2799,7.4,7.2401,7.309,21139748
2026-08-03 09:30:00,TSLL,7.285,7.92,7.27,7.8102,69127542
2026-08-03 13:30:00,TSLL,7.815,7.94,7.76,7.8124,27489553
2026-08-04 09:30:00,TSLL,7.915,8.08,7.75,8.055,67219741
2026-08-04 13:30:00,TSLL,8.0544,8.175,7.95,8.07,35512334
2026-08-05 09:30:00,TSLL,7.9,8.0576,7.73,7.8529,57864827
2026-08-05 13:30:00,TSLL,7.8501,7.88,7.72,7.7723,32433434
2026-08-06 09:30:00,TSLL,7.552,7.85,7.48,7.605,55303696
2026-08-06 13:30:00,TSLL,7.6,7.7099,7.57,7.67,29687481
2026-08-07 09:30:00,TSLL,7.805,8.36,7.76,8.035,69393919
2026-08-07 13:30:00,TSLL,8.03,8.14,8.02,8.105,22275167
2026-08-10 09:30:00,TSLL,8.01,8.28,7.9904,8.1299,52061573
2026-08-10 13:30:00,TSLL,8.13,8.24,8.09,8.215,25508680
2026-08-11 09:30:00,TSLL,8.32,8.48,8.15,8.265,57133133
2026-08-11 13:30:00,TSLL,8.2635,8.32,8.19,8.305,32636493
2026-08-12 09:30:00,TSLL,8.425,8.44,7.85,7.9801,71854637
2026-08-12 13:30:00,TSLL,7.9804,8.07,7.945,8.049,32821811
2026-08-13 09:30:00,TSLL,8.02,8.51,7.935,8.4739,68758921
2026-08-13 13:30:00,TSLL,8.475,8.73,8.445,8.655,48146918
2026-08-14 09:30:00,TSLL,8.765,9.22,8.41,8.6101,94301747
2026-08-14 13:30:00,TSLL,8.6106,8.82,8.6106,8.765,42896015
2026-08-17 09:30:00,TSLL,8.675,8.8,8.51,8.5943,65651489
2026-08-17 13:30:00,TSLL,8.595,8.915,8.52,8.615,53137387
2026-08-18 09:30:00,TSLL,8.29,8.67,8.19,8.4843,84145329
2026-08-18 13:30:00,TSLL,8.4865,8.52,8.4,8.465,38615693
2026-08-19 09:30:00,TSLL,8.58,9.1,8.42,8.984,75404840
2026-08-19 13:30:00,TSLL,8.985,9.22,8.94,9.195,37258794
2026-08-20 09:30:00,TSLL,8.94,9.0,8.55,8.731,78849090
2026-08-20 13:30:00,TSLL,8.735,8.89,8.69,8.88,37792366
2026-08-21 09:30:00,TSLL,9.11,9.8899,8.96,9.82,86183390
2026-08-21 13:30:00,TSLL,9.8199,9.97,9.725,9.7795,47528003
2026-08-24 09:30:00,TSLL,9.705,9.8,9.17,9.4389,50963964
2026-08-24 13:30:00,TSLL,9.44,9.45,8.99,9.0301,37303057
2026-08-25 09:30:00,TSLL,9.07,9.44,9.04,9.26,54460710
2026-08-25 13:30:00,TSLL,9.26,9.2799,9.04,9.085,29672341
2026-08-26 09:30:00,TSLL,8.8275,9.18,8.69,8.9015,62624272
2026-08-26 13:30:00,TSLL,8.9073,8.95,8.785,8.86,37939161
2026-08-27 09:30:00,TSLL,8.86,9.355,8.83,9.28,50447475
2026-08-27 13:30:00,TSLL,9.28,9.36,9.23,9.305,28927737
2026-08-28 09:30:00,TSLL,9.43,9.5199,8.8412,8.855,46418204
2026-08-28 13:30:00,TSLL,8.855,9.05,8.8021,8.99,28149210
2026-08-31 09:30:00,TSLL,8.9198,9.945,8.9,9.8399,78909451
2026-08-31 13:30:00,TSLL,9.831,10.02,9.83,9.97,33632345
2026-09-01 09:30:00,TSLL,9.585,9.6883,9.1818,9.375,58143144
2026-09-01 13:30:00,TSLL,9.375,9.41,9.16,9.325,33858979
2026-09-02 09:30:00,TSLL,9.561,9.57,9.0,9.205,56440677
2026-09-02 13:30:00,TSLL,9.2099,9.39,9.1,9.365,30613879
2026-09-03 09:30:00,TSLL,9.88,10.79,9.82,10.6901,103488587
2026-09-03 13:30:00,TSLL,10.6901,10.7498,10.37,10.39,45335714
2026-09-04 09:30:00,TSLL,9.585,9.73,9.0,9.0485,100271415
2026-09-04 13:30:00,TSLL,9.045,9.22,9.02,9.1392,33833390
2026-09-08 09:30:00,TSLL,9.31,9.95,9.245,9.8301,63717504
2026-09-08 13:30:00,TSLL,9.835,9.8977,9.7,9.8634,19782750
2026-09-09 09:30:00,TSLL,9.87,10.258,9.815,9.865,49843744
2026-09-09 13:30:00,TSLL,9.865,9.975,9.83,9.86,16469838
2026-09-10 09:30:00,TSLL,9.455,9.92,9.3,9.7901,30239321
2026-09-10 13:30:00,TSLL,9.795,9.85,9.58,9.625,15438568
2026-09-11 09:30:00,TSLL,9.63,9.88,9.515,9.7393,34848814
2026-09-11 13:30:00,TSLL,9.7374,9.77,9.63,9.7008,10735938
2026-09-14 09:30:00,TSLL,9.395,9.82,9.26,9.57,40422676
2026-09-14 13:30:00,TSLL,9.57,9.58,9.3401,9.3699,13054859
2026-09-15 09:30:00,TSLL,9.35,9.54,9.14,9.37,37723824
2026-09-15 13:30:00,TSLL,9.3699,9.38,9.1,9.2476,17187202
2026-09-16 09:30:00,TSLL,9.295,9.67,9.15,9.4814,31077257
2026-09-16 13:30:00,TSLL,9.48,9.56,9.15,9.315,20095003
2026-09-17 09:30:00,TSLL,9.8,10.14,9.5799,9.805,56749818
2026-09-17 13:30:00,TSLL,9.81,9.86,9.7,9.715,13475926
2026-09-18 09:30:00,TSLL,9.88,9.97,9.4301,9.5399,46701082
2026-09-18 13:30:00,TSLL,9.5399,9.695,9.48,9.6195,19887619
2026-09-21 09:30:00,TSLL,10.025,10.35,9.99,10.085,50085547
2026-09-21 13:30:00,TSLL,10.0873,10.26,10.07,10.185,14139524
2026-09-22 09:30:00,TSLL,10.33,10.3467,9.99,10.29,40332026
2026-09-22 13:30:00,TSLL,10.2899,10.4,10.25,10.31,18949197
2026-09-23 09:30:00,TSLL,10.375,10.74,10.24,10.3099,46007676
2026-09-23 13:30:00,TSLL,10.3,10.4,10.28,10.39,10882714
2026-09-24 09:30:00,TSLL,10.23,10.5551,10.14,10.42,35461875
2026-09-24 13:30:00,TSLL,10.42,10.4368,10.25,10.26,15879350
2026-09-25 09:30:00,TSLL,10.61,10.73,9.7,9.9707,76656503
2026-09-25 13:30:00,TSLL,9.975,10.06,9.88,9.9301,12052481
2026-09-28 09:30:00,TSLL,9.72,9.78,9.24,9.2435,45148693
2026-09-28 13:30:00,TSLL,9.2498,9.2999,9.11,9.1401,18002270
2026-09-29 09:30:00,TSLL,9.18,9.2,8.85,8.895,41584665
2026-09-29 13:30:00,TSLL,8.8965,9.0,8.88,8.9114,17610198
2026-09-30 09:30:00,TSLL,8.87,8.89,8.555,8.8399,45495717
2026-09-30 13:30:00,TSLL,8.84,9.03,8.84,9.0,20357211
2026-10-01 09:30:00,TSLL,9.09,9.25,8.95,9.13,41106242
2026-10-01 13:30:00,TSLL,9.14,9.175,8.96,8.974,15593559
2026-10-02 09:30:00,TSLL,9.265,9.98,9.235,9.845,66506453
2026-10-02 13:30:00,TSLL,9.845,9.99,9.75,9.79,18958986
2026-10-05 09:30:00,TSLL,9.7,10.32,9.49,10.3151,44263509
2026-10-05 13:30:00,TSLL,10.315,10.37,10.18,10.22,20859519
2026-10-06 09:30:00,TSLL,10.4,10.46,10.2,10.2901,31355846
2026-10-06 13:30:00,TSLL,10.2901,10.35,10.24,10.32,16745640
2026-10-07 09:30:00,TSLL,10.195,10.41,9.98,10.1005,31747676
2026-10-07 13:30:00,TSLL,10.102,10.185,10.06,10.155,14217822
2026-10-08 09:30:00,TSLL,9.98,10.06,9.635,9.69,26716546
2026-10-08 13:30:00,TSLL,9.6901,10.0273,9.68,10.01,11306122
2026-05-18 09:30:00,UBER,74.89,75.97,74.23,75.67,10292444
2026-05-18 13:30:00,UBER,75.67,75.68,74.445,75.08,5458914
2026-05-19 09:30:00,UBER,75.7,75.98,73.96,74.405,8830377
2026-05-19 13:30:00,UBER,74.42,74.87,74.0,74.1,6251745
2026-05-20 09:30:00,UBER,73.8,74.8941,72.5301,74.7484,6929733
2026-05-20 13:30:00,UBER,74.76,74.89,74.39,74.61,3051533
2026-05-21 09:30:00,UBER,74.245,74.43,72.9,73.89,7110593
2026-05-21 13:30:00,UBER,73.885,74.61,73.52,73.63,3940930
2026-05-22 09:30:00,UBER,73.85,74.97,71.32,72.78,10865024
2026-05-22 13:30:00,UBER,72.78,72.84,71.745,71.815,6333175
2026-05-26 09:30:00,UBER,71.74,71.83,69.9,70.45,13419512
2026-05-26 13:30:00,UBER,70.44,70.56,70.0,70.135,7039027
2026-05-27 09:30:00,UBER,69.85,70.87,69.6,70.78,15764765
2026-05-27 13:30:00,UBER,70.7999,70.94,70.41,70.75,4798541
2026-05-28 09:30:00,UBER,70.17,71.02,69.58,70.875,10241221
2026-05-28 13:30:00,UBER,70.87,71.14,70.54,70.9,4858925
2026-05-29 09:30:00,UBER,70.65,72.12,70.19,71.834,14314582
2026-05-29 13:30:00,UBER,71.84,72.24,69.96,70.47,10694679
2026-06-01 09:30:00,UBER,71.33,74.35,71.33,74.19,13069481
2026-06-01 13:30:00,UBER,74.21,74.555,73.77,73.79,7462084
2026-06-02 09:30:00,UBER,72.6,73.13,71.73,71.985,8587697
2026-06-02 13:30:00,UBER,71.9899,72.0,71.315,71.65,5604161
2026-06-03 09:30:00,UBER,71.15,71.87,70.355,70.745,8234446
2026-06-03 13:30:00,UBER,70.745,71.875,70.68,71.7,5812234
2026-06-04 09:30:00,UBER,72.65,73.54,71.725,72.06,10255634
2026-06-04 13:30:00,UBER,72.05,72.46,71.82,72.21,5065274
2026-06-05 09:30:00,UBER,71.84,72.53,70.36,70.63,7677847
2026-06-05 13:30:00,UBER,70.62,70.95,70.31,70.725,6481388
2026-06-08 09:30:00,UBER,70.41,70.935,69.97,70.6199,7637888
2026-06-08 13:30:00,UBER,70.615,70.74,70.06,70.09,5973282
2026-06-09 09:30:00,UBER,70.275,71.45,69.5,70.02,10256819
2026-06-09 13:30:00,UBER,70.015,70.5,70.01,70.38,6230070
2026-06-10 09:30:00,UBER,69.7,70.375,68.95,69.555,10564363
2026-06-10 13:30:00,UBER,69.555,69.555,68.61,68.615,6851668
2026-06-11 09:30:00,UBER,68.225,68.65,67.19,68.635,12398295
2026-06-11 13:30:00,UBER,68.65,69.565,68.441,69.56,6359314
2026-06-12 09:30:00,UBER,70.02,70.23,67.4,68.01,11339038
2026-06-12 13:30:00,UBER,68.02,68.86,67.97,68.86,5793289
2026-06-15 09:30:00,UBER,70.62,73.48,70.46,72.66,14009972
2026-06-15 13:30:00,UBER,72.66,73.05,72.47,72.855,6670194
2026-06-16 09:30:00,UBER,73.28,74.285,72.77,74.015,9151588
2026-06-16 13:30:00,UBER,74.012,74.05,73.17,73.25,5612781
2026-06-17 09:30:00,UBER,72.88,73.27,71.96,72.325,7087263
2026-06-17 13:30:00,UBER,72.31,72.49,70.89,70.97,5708871
2026-06-18 09:30:00,UBER,71.97,72.49,70.78,72.13,9904316
2026-06-18 13:30:00,UBER,72.14,72.215,71.61,71.63,5450874
2026-06-22 09:30:00,UBER,71.46,72.4081,70.8501,72.14,8332669
2026-06-22 13:30:00,UBER,72.145,72.45,71.34,71.44,7057093
2026-06-23 09:30:00,UBER,71.08,71.555,70.0,70.26,8556976
2026-06-23 13:30:00,UBER,70.26,70.33,69.565,69.675,6590830
2026-06-24 09:30:00,UBER,70.3,75.74,69.7,73.69,20468332
2026-06-24 13:30:00,UBER,73.68,74.36,73.36,73.86,8595361
2026-06-25 09:30:00,UBER,74.26,74.55,72.2601,72.615,7365414
2026-06-25 13:30:00,UBER,72.63,72.87,72.11,72.255,5108810
2026-06-26 09:30:00,UBER,72.7,76.39,72.45,75.89,13510951
2026-06-26 13:30:00,UBER,75.9,76.28,74.845,76.07,10533406
2026-06-29 09:30:00,UBER,76.0,77.76,74.8,74.82,12815020
2026-06-29 13:30:00,UBER,74.815,75.45,74.2,75.445,9916074
2026-06-30 09:30:00,UBER,74.78,75.03,72.88,72.8801,12328834
2026-06-30 13:30:00,UBER,72.89,73.0,71.82,72.12,10469422
2026-07-01 09:30:00,UBER,72.23,73.8,71.66,73.345,7199085
2026-07-01 13:30:00,UBER,73.35,73.55,72.565,72.67,3627839
2026-07-02 09:30:00,UBER,72.79,73.93,72.33,73.605,7413940
2026-07-02 13:30:00,UBER,73.6,74.51,73.175,74.425,4267252
2026-07-06 09:30:00,UBER,74.155,74.56,72.35,73.52,6809119
2026-07-06 13:30:00,UBER,73.52,73.6299,71.86,72.42,6490992
2026-07-07 09:30:00,UBER,73.59,74.46,73.32,73.74,6285620
2026-07-07 13:30:00,UBER,73.74,74.85,73.72,74.325,6350505
2026-07-08 09:30:00,UBER,73.51,74.7699,72.58,73.22,6134425
2026-07-08 13:30:00,UBER,73.215,73.73,73.0,73.58,3852882
2026-07-09 09:30:00,UBER,72.5,74.26,72.31,74.2,5046551
2026-07-09 13:30:00,UBER,74.2,74.36,73.92,74.35,3189575
2026-07-10 09:30:00,UBER,75.19,76.21,74.67,74.7,5151975
2026-07-10 13:30:00,UBER,74.695,74.87,74.48,74.56,2791808
2026-07-13 09:30:00,UBER,75.07,76.3,74.41,75.01,6203130
2026-07-13 13:30:00,UBER,75.02,75.09,73.87,74.275,4145273
2026-07-14 09:30:00,UBER,73.56,74.2,72.0,73.1191,9728684
2026-07-14 13:30:00,UBER,73.11,73.1891,71.24,72.08,6689935
2026-07-15 09:30:00,UBER,72.53,73.9632,72.2,72.88,7506558
2026-07-15 13:30:00,UBER,72.87,73.305,72.46,72.67,4126792
2026-07-16 09:30:00,UBER,73.675,75.4,72.62,73.66,10109941
2026-07-16 13:30:00,UBER,73.6605,74.28,73.24,74.035,5669320
2026-07-17 09:30:00,UBER,73.26,73.46,71.72,72.7,10623066
2026-07-17 13:30:00,UBER,72.69,73.09,72.26,72.48,5311375
2026-07-20 09:30:00,UBER,72.5,73.41,71.59,72.735,7799474
2026-07-20 13:30:00,UBER,72.7236,72.81,71.93,72.2,4945871
2026-07-21 09:30:00,UBER,72.17,72.99,71.43,71.49,5687728
2026-07-21 13:30:00,UBER,71.485,71.835,71.44,71.56,3224897
2026-07-22 09:30:00,UBER,71.47,71.47,70.11,70.83,7167455
2026-07-22 13:30:00,UBER,70.83,70.865,69.96,70.33,4911870
2026-07-23 09:30:00,UBER,70.17,71.08,68.375,68.93,9992707
2026-07-23 13:30:00,UBER,68.93,69.09,68.35,68.93,9242084
2026-07-24 09:30:00,UBER,69.39,70.07,68.45,69.34,5832809
2026-07-24 13:30:00,UBER,69.34,69.4,65.56,65.94,18876482
2026-07-27 09:30:00,UBER,66.38,68.17,65.41,68.085,14803979
2026-07-27 13:30:00,UBER,68.08,68.34,67.22,68.16,7571804
2026-07-28 09:30:00,UBER,69.11,70.2,68.76,70.06,9896807
2026-07-28 13:30:00,UBER,70.05,70.9,70.01,70.74,7650808
2026-07-29 09:30:00,UBER,70.18,71.05,69.66,70.7,5218660
2026-07-29 13:30:00,UBER,70.7,71.79,70.51,71.2,5201289
2026-07-30 09:30:00,UBER,70.6,70.6,68.69,69.19,7659514
2026-07-30 13:30:00,UBER,69.185,70.455,69.1835,70.37,4233196
2026-07-31 09:30:00,UBER,69.96,70.44,69.5,70.04,5851619
2026-07-31 13:30:00,UBER,70.04,70.5,69.905,70.375,3807708
2026-08-03 09:30:00,UBER,71.23,71.949,71.0779,71.33,6953215
2026-08-03 13:30:00,UBER,71.33,71.735,71.015,71.61,3755100
2026-08-04 09:30:00,UBER,71.31,72.05,71.1395,71.395,8410080
2026-08-04 13:30:00,UBER,71.525,72.29,71.375,72.0191,8456812
2026-08-05 09:30:00,UBER,69.0,69.42,66.735,67.3,33822354
2026-08-05 13:30:00,UBER,67.31,68.475,67.05,68.18,12339945
2026-08-06 09:30:00,UBER,68.63,70.32,68.17,69.98,16166967
2026-08-06 13:30:00,UBER,69.9728,71.37,69.96,70.49,10974763
2026-08-07 09:30:00,UBER,72.04,75.42,71.23,74.78,20631574
2026-08-07 13:30:00,UBER,74.785,75.155,74.35,75.01,7977753
2026-08-10 09:30:00,UBER,75.43,77.9451,75.39,76.975,15015972
2026-08-10 13:30:00,UBER,76.98,78.1,76.97,78.0,8465819
2026-08-11 09:30:00,UBER,78.0,78.9885,77.465,78.16,9484414
2026-08-11 13:30:00,UBER,78.1701,78.62,78.08,78.54,6960329
2026-08-12 09:30:00,UBER,78.2,78.56,74.88,74.898,11298633
2026-08-12 13:30:00,UBER,74.895,75.91,74.89,75.36,6022204
2026-08-13 09:30:00,UBER,75.63,75.75,74.53,75.135,5344781
2026-08-13 13:30:00,UBER,75.13,76.035,75.1,75.87,4319549
2026-08-14 09:30:00,UBER,77.09,77.44,75.3699,75.68,5434518
2026-08-14 13:30:00,UBER,75.6774,76.25,75.57,75.925,3434181
2026-08-17 09:30:00,UBER,77.09,77.53,75.4,75.745,8352123
2026-08-17 13:30:00,UBER,75.75,75.815,74.65,75.0,7367461
2026-08-18 09:30:00,UBER,75.185,77.28,75.185,76.17,8085095
2026-08-18 13:30:00,UBER,76.18,76.225,74.63,74.69,5654080
2026-08-19 09:30:00,UBER,74.9,78.83,73.9697,78.205,10358164
2026-08-19 13:30:00,UBER,78.205,79.31,77.8,78.04,6720604
2026-08-20 09:30:00,UBER,78.47,80.15,78.09,78.66,10260468
2026-08-20 13:30:00,UBER,78.665,78.985,78.39,78.565,3695375
2026-08-21 09:30:00,UBER,79.725,80.22,77.85,78.85,7442435
2026-08-21 13:30:00,UBER,78.85,79.01,78.43,78.795,3304854
2026-08-24 09:30:00,UBER,79.0,79.5199,77.9,78.685,6182020
2026-08-24 13:30:00,UBER,78.67,79.395,78.28,79.29,3891482
2026-08-25 09:30:00,UBER,79.38,80.19,78.61,79.78,6762907
2026-08-25 13:30:00,UBER,79.78,80.43,79.69,80.35,4901679
2026-08-26 09:30:00,UBER,81.56,82.365,79.225,79.475,7399395
2026-08-26 13:30:00,UBER,79.49,79.71,78.415,78.48,4677862
2026-08-27 09:30:00,UBER,77.66,77.69,76.2,76.89,8493860
2026-08-27 13:30:00,UBER,76.885,77.05,76.59,76.95,3723497
2026-08-28 09:30:00,UBER,77.0,78.85,76.72,78.39,5910259
2026-08-28 13:30:00,UBER,78.38,78.995,78.361,78.795,3211239
2026-08-31 09:30:00,UBER,78.17,78.2927,75.34,75.96,7530705
2026-08-31 13:30:00,UBER,75.95,76.33,75.4226,75.64,5449977
2026-09-01 09:30:00,UBER,75.27,76.11,74.62,75.43,5547064
2026-09-01 13:30:00,UBER,75.425,75.47,75.1,75.255,3404137
2026-09-02 09:30:00,UBER,76.05,77.24,75.36,76.92,7041547
2026-09-02 13:30:00,UBER,76.9,77.06,76.385,76.46,3616867
2026-09-03 09:30:00,UBER,77.335,78.354,75.19,75.8125,8666352
2026-09-03 13:30:00,UBER,75.82,76.095,75.5,75.965,4309764
2026-09-04 09:30:00,UBER,76.15,76.73,75.21,76.15,6910900
2026-09-04 13:30:00,UBER,76.135,76.86,75.66,75.77,5278093
2026-09-08 09:30:00,UBER,75.615,75.615,72.715,73.21,13002915
2026-09-08 13:30:00,UBER,73.2,73.55,72.85,73.145,6476796
2026-09-09 09:30:00,UBER,73.05,73.1006,71.2,71.58,11024303
2026-09-09 13:30:00,UBER,71.5899,71.725,71.0,71.1,5915945
2026-09-10 09:30:00,UBER,70.38,73.48,69.24,72.1512,21496207
2026-09-10 13:30:00,UBER,72.155,72.94,71.74,72.57,11115695
2026-09-11 09:30:00,UBER,72.99,73.055,71.035,71.63,14900337
2026-09-11 13:30:00,UBER,71.63,72.0,71.065,71.65,7161670
2026-09-14 09:30:00,UBER,71.975,72.8026,71.26,72.655,11114123
2026-09-14 13:30:00,UBER,72.65,72.8,72.13,72.635,5928208
2026-09-15 09:30:00,UBER,72.325,72.42,71.31,71.99,6870520
2026-09-15 13:30:00,UBER,72.0,72.16,71.34,71.47,4512645
2026-09-16 09:30:00,UBER,71.32,71.96,70.5709,71.83,6744589
2026-09-16 13:30:00,UBER,71.82,71.92,70.6671,71.0,6553658
2026-09-17 09:30:00,UBER,71.6,71.641,70.24,70.76,9335005
2026-09-17 13:30:00,UBER,70.76,71.23,70.65,70.88,5164476
2026-09-18 09:30:00,UBER,70.895,71.0,70.06,70.38,7466439
2026-09-18 13:30:00,UBER,70.3838,70.91,70.34,70.51,4036149
2026-09-21 09:30:00,UBER,70.82,71.39,70.1108,71.04,7828437
2026-09-21 13:30:00,UBER,71.04,71.1796,70.5,70.82,4585257
2026-09-22 09:30:00,UBER,71.65,71.9,69.85,70.205,10214061
2026-09-22 13:30:00,UBER,70.205,70.42,69.54,69.9,9425784
2026-09-23 09:30:00,UBER,69.56,70.04,68.55,69.6151,9937918
2026-09-23 13:30:00,UBER,69.61,69.615,69.17,69.42,5483892
2026-09-24 09:30:00,UBER,69.45,70.08,68.925,69.18,8014441
2026-09-24 13:30:00,UBER,69.18,69.5275,69.03,69.175,4768558
2026-09-25 09:30:00,UBER,69.27,69.63,68.86,69.23,5796867
2026-09-25 13:30:00,UBER,69.23,69.67,69.13,69.6001,3342238
2026-09-28 09:30:00,UBER,69.1598,69.2,67.73,68.61,10711388
2026-09-28 13:30:00,UBER,68.62,68.66,68.045,68.195,4170076
2026-09-29 09:30:00,UBER,68.47,69.89,68.4,68.91,7420380
2026-09-29 13:30:00,UBER,68.895,69.65,68.82,69.385,5499374
2026-09-30 09:30:00,UBER,69.9,69.97,68.62,68.8,7992038
2026-09-30 13:30:00,UBER,68.79,69.02,68.5,68.51,4503048
2026-10-01 09:30:00,UBER,68.54,68.91,67.32,67.72,9103027
2026-10-01 13:30:00,UBER,67.7214,68.105,67.71,67.895,5084789
2026-10-02 09:30:00,UBER,68.24,68.47,67.22,67.9761,8724540
2026-10-02 13:30:00,UBER,67.98,68.385,67.92,68.093,3949861
2026-10-05 09:30:00,UBER,68.4,70.01,68.38,69.475,9779615
2026-10-05 13:30:00,UBER,69.47,69.87,69.25,69.495,4879429
2026-10-06 09:30:00,UBER,69.56,69.94,68.79,68.875,7775953
2026-10-06 13:30:00,UBER,68.875,69.0977,68.76,69.08,4642527
2026-10-07 09:30:00,UBER,69.055,69.24,68.265,68.49,5453228
2026-10-07 13:30:00,UBER,68.48,68.745,68.385,68.44,3837961
2026-10-08 09:30:00,UBER,68.175,69.24,68.0,69.23,6210331
2026-10-08 13:30:00,UBER,69.23,70.32,69.12,70.245,6299028
2026-05-18 09:30:00,MU,750.46,757.0,679.56,682.25,36515756
2026-05-18 13:30:00,MU,682.38,688.2,663.25,681.7,18314663
2026-05-19 09:30:00,MU,669.5,725.94,652.21,721.645,43085490
2026-05-19 13:30:00,MU,721.35,724.58,692.77,698.7,14818041
2026-05-20 09:30:00,MU,734.955,735.66,700.66,724.06,32893275
2026-05-20 13:30:00,MU,724.0401,734.0,723.14,732.14,11240790
2026-05-21 09:30:00,MU,736.36,764.9,732.23,752.6118,27378040
2026-05-21 13:30:00,MU,752.705,763.78,744.5,761.92,11473501
2026-05-22 09:30:00,MU,756.815,773.5,747.27,769.75,20580321
2026-05-22 13:30:00,MU,770.0,780.1999,750.74,750.79,11658999
2026-05-26 09:30:00,MU,820.5,893.05,820.295,891.0199,47969385
2026-05-26 13:30:00,MU,890.97,916.76,890.0,896.6,21944636
2026-05-27 09:30:00,MU,955.28,956.16,888.15,907.38,53647536
2026-05-27 13:30:00,MU,907.5599,931.78,902.0,928.41,17122553
2026-05-28 09:30:00,MU,930.22,949.4899,904.78,936.0,34445466
2026-05-28 13:30:00,MU,935.975,944.22,919.07,923.52,14267940
2026-05-29 09:30:00,MU,956.465,981.0,946.66,956.72,35766868
2026-05-29 13:30:00,MU,956.6,972.85,940.51,971.55,14715594
2026-06-01 09:30:00,MU,1009.57,1046.67,1009.57,1042.0,32844507
2026-06-01 13:30:00,MU,1042.0,1046.97,1027.5,1034.83,9925394
2026-06-02 09:30:00,MU,1049.6851,1072.84,1017.27,1045.51,29508413
2026-06-02 13:30:00,MU,1045.6893,1076.519,1041.25,1064.08,12007284
2026-06-03 09:30:00,MU,1079.01,1088.71,1038.5,1066.4301,24459425
2026-06-03 13:30:00,MU,1066.6,1089.29,1062.5,1079.0,10825840
2026-06-04 09:30:00,MU,1007.1,1025.85,971.68,1021.325,37114916
2026-06-04 13:30:00,MU,1021.325,1079.5699,996.585,997.17,12379835
2026-06-05 09:30:00,MU,944.54,961.89,886.23,905.095,41761218
2026-06-05 13:30:00,MU,905.295,907.87,864.02,864.02,26188354
2026-06-08 09:30:00,MU,938.265,962.95,916.5,954.25,37532042
2026-06-08 13:30:00,MU,954.13,957.5499,928.2401,949.46,11943232
2026-06-09 09:30:00,MU,988.175,989.15,854.35,899.225,47467491
2026-06-09 13:30:00,MU,899.425,937.06,889.51,935.89,20358018
2026-06-10 09:30:00,MU,905.28,957.47,890.42,896.55,36478980
2026-06-10 13:30:00,MU,896.815,908.7999,883.25,891.57,14009763
2026-06-11 09:30:00,MU,904.37,934.07,895.5,933.805,28316324
2026-06-11 13:30:00,MU,933.805,996.65,933.805,995.65,23170115
2026-06-12 09:30:00,MU,971.81,1012.6198,960.2,1000.49,30241205
2026-06-12 13:30:00,MU,1000.49,1001.7999,980.71,980.71,7921848
2026-06-15 09:30:00,MU,1055.89,1080.5699,1051.5001,1078.5649,26732832
2026-06-15 13:30:00,MU,1078.5649,1097.47,1074.0,1087.63,11947649
2026-06-16 09:30:00,MU,1099.38,1110.3999,1020.0,1044.545,30022066
2026-06-16 13:30:00,MU,1044.22,1053.8,1020.0,1020.45,10060144
2026-06-17 09:30:00,MU,1061.3,1072.5,1014.14,1066.425,22308628
2026-06-17 13:30:00,MU,1066.425,1093.67,1035.0,1041.5601,19459861
2026-06-18 09:30:00,MU,1108.0649,1135.0,1092.7935,1134.2251,31301887
2026-06-18 13:30:00,MU,1134.05,1149.4301,1128.35,1131.91,14486460
2026-06-22 09:30:00,MU,1196.1899,1204.5,1168.5699,1194.3101,30783969
2026-06-22 13:30:00,MU,1194.5601,1213.55,1185.8601,1211.2,12697108
2026-06-23 09:30:00,MU,1068.47,1125.0,1054.98,1076.455,34918367
2026-06-23 13:30:00,MU,1076.24,1078.9999,1038.5,1051.38,16723136
2026-06-24 09:30:00,MU,1082.87,1083.3199,1017.32,1018.675,29921558
2026-06-24 13:30:00,MU,1018.85,1049.0,991.1001,1048.5,18792720
2026-06-25 09:30:00,MU,1225.47,1255.0,1136.3101,1227.89,56966620
2026-06-25 13:30:00,MU,1228.0,1237.6801,1194.0,1213.52,17951707
2026-06-26 09:30:00,MU,1139.075,1198.7122,1126.87,1177.14,37286372
2026-06-26 13:30:00,MU,1176.35,1179.76,1121.5601,1125.39,17420032
2026-06-29 09:30:00,MU,1112.04,1128.36,1023.65,1118.8496,41305543
2026-06-29 13:30:00,MU,1118.36,1148.79,1110.55,1145.3149,14618311
2026-06-30 09:30:00,MU,1144.73,1166.04,1124.66,1156.51,23320863
2026-06-30 13:30:00,MU,1156.53,1168.6801,1143.52,1151.01,10944029
2026-07-01 09:30:00,MU,1082.08,1097.0,1044.17,1052.655,29820210
2026-07-01 13:30:00,MU,1052.52,1066.6,1032.2,1032.52,14108358
2026-07-02 09:30:00,MU,1041.5,1064.64,966.0,972.33,38771595
2026-07-02 13:30:00,MU,972.1243,981.01,950.28,976.21,17772725
2026-07-06 09:30:00,MU,1007.0,1019.0,986.0,987.26,22447796
2026-07-06 13:30:00,MU,987.1,1006.5,980.85,984.31,10321281
2026-07-07 09:30:00,MU,922.84,938.76,891.66,933.74,35435761
2026-07-07 13:30:00,MU,933.93,941.4,907.1701,938.91,12620040
2026-07-08 09:30:00,MU,902.4,959.0,900.42,945.0,28154848
2026-07-08 13:30:00,MU,945.21,950.899,931.29,949.37,10192723
2026-07-09 09:30:00,MU,1016.51,1035.5,1003.11,1024.6052,25766761
2026-07-09 13:30:00,MU,1024.97,1025.74,987.13,990.93,11533754
2026-07-10 09:30:00,MU,965.08,996.2599,954.13,995.4494,21382835
2026-07-10 13:30:00,MU,995.295,998.0,977.4,978.69,7153554
2026-07-13 09:30:00,MU,928.485,943.5,902.6,929.6451,22512861
2026-07-13 13:30:00,MU,929.51,942.09,922.0,937.0,11605644
2026-07-14 09:30:00,MU,987.95,994.8,950.07,986.305,20648618
2026-07-14 13:30:00,MU,986.63,988.46,973.66,982.75,6165680
2026-07-15 09:30:00,MU,962.0,967.87,873.6301,905.035,33390789
2026-07-15 13:30:00,MU,905.0,916.4295,895.1,903.0,14826208
2026-07-16 09:30:00,MU,866.375,904.28,842.101,853.22,27928099
2026-07-16 13:30:00,MU,853.055,863.0,840.51,853.66,13973619
2026-07-17 09:30:00,MU,822.525,903.93,804.0,896.96,43383578
2026-07-17 13:30:00,MU,896.54,897.75,848.43,848.95,15811397
2026-07-20 09:30:00,MU,885.57,900.9999,866.0,889.1,23996557
2026-07-20 13:30:00,MU,889.3,889.87,858.9,866.3,10017788
2026-07-21 09:30:00,MU,925.35,982.88,916.5701,975.125,32226560
2026-07-21 13:30:00,MU,975.34,979.68,960.85,969.78,12160583
2026-07-22 09:30:00,MU,938.435,982.62,936.06,980.1957,20199981
2026-07-22 13:30:00,MU,980.0,981.19,957.83,959.52,7584725
2026-07-23 09:30:00,MU,975.23,1011.77,964.4,1000.505,27202300
2026-07-23 13:30:00,MU,1000.0,1001.42,976.05,990.21,9806073
2026-07-24 09:30:00,MU,959.03,967.1255,919.54,937.21,23232763
2026-07-24 13:30:00,MU,937.7,939.4,904.0,920.16,12577747
2026-07-27 09:30:00,MU,932.445,935.0,854.79,868.945,31253227
2026-07-27 13:30:00,MU,868.96,901.18,868.32,900.96,11036294
2026-07-28 09:30:00,MU,840.47,847.957,789.09,819.89,38497009
2026-07-28 13:30:00,MU,819.76,831.0,810.9001,820.68,12400288
2026-07-29 09:30:00,MU,832.92,841.8,758.68,771.0,34994013
2026-07-29 13:30:00,MU,770.77,795.33,737.88,737.88,26492619
2026-07-30 09:30:00,MU,793.135,876.6,789.01,869.901,42879848
2026-07-30 13:30:00,MU,869.93,882.49,862.46,873.46,12607647
2026-07-31 09:30:00,MU,919.65,930.88,818.0,847.5,39274548
2026-07-31 13:30:00,MU,847.33,854.32,822.03,822.83,10737206
2026-08-03 09:30:00,MU,774.82,829.0,770.15,824.285,28171107
2026-08-03 13:30:00,MU,824.285,836.62,820.8,829.04,10948114
2026-08-04 09:30:00,MU,865.39,899.97,858.5,896.72,23450913
2026-08-04 13:30:00,MU,896.33,902.4299,888.55,892.14,8077608
2026-08-05 09:30:00,MU,885.3,928.95,882.12,920.61,22610121
2026-08-05 13:30:00,MU,920.425,923.85,891.76,892.7,7370451
2026-08-06 09:30:00,MU,843.11,913.33,827.0,892.855,26841664
2026-08-06 13:30:00,MU,893.0,899.6,880.14,880.65,6080643
2026-08-07 09:30:00,MU,904.65,904.65,847.02,873.265,24331523
2026-08-07 13:30:00,MU,873.11,881.62,867.4,877.56,6915791
2026-08-10 09:30:00,MU,859.865,894.989,854.5,881.9267,19262023
2026-08-10 13:30:00,MU,881.785,882.88,860.02,862.58,5896814
2026-08-11 09:30:00,MU,871.8,876.87,844.62,852.2,20570424
2026-08-11 13:30:00,MU,852.13,868.9,850.55,868.13,6195055
2026-08-12 09:30:00,MU,912.94,931.0,899.54,929.315,23137661
2026-08-12 13:30:00,MU,929.21,935.8,909.13,911.16,9324784
2026-08-13 09:30:00,MU,912.895,978.0,906.5,972.4,26184985
2026-08-13 13:30:00,MU,972.29,975.36,945.8501,949.9,7741488
2026-08-14 09:30:00,MU,979.64,984.0,956.2,962.39,19961715
2026-08-14 13:30:00,MU,962.28,973.9999,959.5,972.78,6014202
2026-08-17 09:30:00,MU,998.67,1036.13,995.26,1019.5499,22332961
2026-08-17 13:30:00,MU,1019.44,1021.0999,1007.75,1011.62,7700086
2026-08-18 09:30:00,MU,957.4,978.67,932.28,939.53,23296100
2026-08-18 13:30:00,MU,939.34,943.0,926.64,941.5,8906849
2026-08-19 09:30:00,MU,959.355,959.99,915.18,929.635,18800921
2026-08-19 13:30:00,MU,929.635,937.8,919.8,937.3,5843354
2026-08-20 09:30:00,MU,936.0,964.4,929.07,954.76,15692147
2026-08-20 13:30:00,MU,954.72,977.28,946.81,973.72,7692928
2026-08-21 09:30:00,MU,989.675,989.96,958.26,963.3,14722606
2026-08-21 13:30:00,MU,963.205,969.98,960.3,966.718,4400543
2026-08-24 09:30:00,MU,934.82,936.45,887.605,912.19,19125758
2026-08-24 13:30:00,MU,912.19,922.15,907.1024,910.43,6490080
2026-08-25 09:30:00,MU,928.975,946.621,916.3,925.08,13174748
2026-08-25 13:30:00,MU,925.08,934.31,910.43,932.59,4447160
2026-08-26 09:30:00,MU,925.74,945.7499,924.6,941.3788,10971261
2026-08-26 13:30:00,MU,941.41,943.19,932.2649,935.94,4129649
2026-08-27 09:30:00,MU,966.985,968.6845,906.89,913.89,18962318
2026-08-27 13:30:00,MU,913.8,938.0,907.71,929.8,7414694
2026-08-28 09:30:00,MU,919.485,946.7999,909.09,925.298,15586553
2026-08-28 13:30:00,MU,925.25,935.71,923.5,932.67,5609768
2026-08-31 09:30:00,MU,931.175,952.99,930.79,946.7019,13010780
2026-08-31 13:30:00,MU,946.7,959.9699,938.0,956.67,6546067
2026-09-01 09:30:00,MU,939.48,969.44,929.8,940.13,27815847
2026-09-01 13:30:00,MU,939.87,941.6,922.39,933.24,7862508
2026-09-02 09:30:00,MU,930.825,957.4899,927.1569,944.93,13481711
2026-09-02 13:30:00,MU,944.85,958.0,942.14,954.75,5884880
2026-09-03 09:30:00,MU,956.775,959.67,918.8801,941.5,16659598
2026-09-03 13:30:00,MU,941.34,959.3,941.34,958.49,5794301
2026-09-04 09:30:00,MU,971.4,1007.3821,969.0,999.37,24312665
2026-09-04 13:30:00,MU,999.36,1017.77,997.13,1014.95,8029860
2026-09-08 09:30:00,MU,1036.835,1041.0699,1009.1601,1017.945,17821562
2026-09-08 13:30:00,MU,1018.1,1020.96,997.64,999.94,6343514
2026-09-09 09:30:00,MU,1003.1778,1042.4,992.2967,1022.7399,16629505
2026-09-09 13:30:00,MU,1022.62,1030.0,1020.71,1027.506,5267934
2026-09-10 09:30:00,MU,996.78,999.0,973.5,981.77,17610439
2026-09-10 13:30:00,MU,981.6865,984.66,976.5,980.93,5310076
2026-09-11 09:30:00,MU,990.5,991.0,967.38,978.01,14796703
2026-09-11 13:30:00,MU,978.01,979.9599,973.16,974.94,4013589
2026-09-14 09:30:00,MU,906.75,927.85,902.6,926.32,19098204
2026-09-14 13:30:00,MU,926.58,932.21,923.5,924.29,5578593
2026-09-15 09:30:00,MU,937.808,944.89,920.85,926.274,12750587
2026-09-15 13:30:00,MU,926.18,927.9,920.13,927.5,4224228
2026-09-16 09:30:00,MU,935.23,939.21,922.71,930.81,9047274
2026-09-16 13:30:00,MU,930.7437,941.2,917.65,926.39,9514916
2026-09-17 09:30:00,MU,954.998,986.2,953.5,976.2,14716066
2026-09-17 13:30:00,MU,976.08,981.05,972.0001,977.52,4395636
2026-09-18 09:30:00,MU,981.71,998.74,977.925,997.24,17798511
2026-09-18 13:30:00,MU,997.24,1016.36,996.7,1015.375,9390678
2026-09-21 09:30:00,MU,1044.75,1064.49,1030.6801,1040.1,18159402
2026-09-21 13:30:00,MU,1040.11,1050.4399,1038.71,1043.3149,5713145
2026-09-22 09:30:00,MU,1033.28,1084.08,1030.015,1083.11,17877354
2026-09-22 13:30:00,MU,1083.205,1097.25,1079.89,1094.95,8445590
2026-09-23 09:30:00,MU,1099.9399,1105.4999,1064.25,1067.89,14702031
2026-09-23 13:30:00,MU,1067.75,1075.8599,1066.3199,1071.4301,4714616
2026-09-24 09:30:00,MU,1049.75,1076.49,1044.0,1074.64,13769113
2026-09-24 13:30:00,MU,1074.65,1081.04,1063.08,1078.62,6021947
2026-09-25 09:30:00,MU,1095.475,1108.72,1073.0,1081.9117,13761613
2026-09-25 13:30:00,MU,1082.0944,1086.5,1079.9399,1081.76,4167925
2026-09-28 09:30:00,MU,1075.6,1084.8101,1032.0,1057.09,14220663
2026-09-28 13:30:00,MU,1057.1949,1058.46,1050.51,1053.89,4698492
2026-09-29 09:30:00,MU,1077.6899,1082.6599,1057.7,1072.09,11607397
2026-09-29 13:30:00,MU,1072.1401,1073.83,1064.0,1065.4,4388785
2026-09-30 09:30:00,MU,1076.33,1083.5,1064.0649,1069.2,12434877
2026-09-30 13:30:00,MU,1069.09,1073.41,1062.36,1067.49,9522572
2026-10-01 09:30:00,MU,1054.34,1075.0,1022.9,1073.73,27098365
2026-10-01 13:30:00,MU,1073.76,1098.9,1068.5,1097.675,15659404
2026-10-02 09:30:00,MU,1107.45,1107.865,1072.7802,1078.54,18514050
2026-10-02 13:30:00,MU,1078.38,1082.0,1072.02,1074.11,5814244
2026-10-05 09:30:00,MU,1069.55,1074.88,1055.5601,1065.8,10157075
2026-10-05 13:30:00,MU,1065.835,1066.0,1058.2802,1063.7501,4523318
2026-10-06 09:30:00,MU,1064.48,1074.3101,1046.39,1065.63,12023977
2026-10-06 13:30:00,MU,1065.575,1067.8,1045.26,1045.5601,5878956
2026-10-07 09:30:00,MU,1017.37,1089.2,1011.42,1086.33,21536133
2026-10-07 13:30:00,MU,1086.11,1088.5,1078.6906,1087.835,7339052
2026-10-08 09:30:00,MU,1077.38,1088.4999,1032.35,1036.2,16748796
2026-10-08 13:30:00,MU,1035.92,1049.29,1032.1,1035.42,8864493
2026-05-18 09:30:00,INTC,113.51,115.53,103.85,106.845,150170888
2026-05-18 13:30:00,INTC,106.8304,108.52,105.48,108.12,32797872
2026-05-19 09:30:00,INTC,106.895,112.28,102.4,111.7001,93901686
2026-05-19 13:30:00,INTC,111.7,113.0699,109.87,110.77,43638592
2026-05-20 09:30:00,INTC,116.22,121.94,114.8,117.13,117961282
2026-05-20 13:30:00,INTC,117.145,119.2,116.75,118.97,30468617
2026-05-21 09:30:00,INTC,116.58,118.44,113.17,117.885,71823158
2026-05-21 13:30:00,INTC,117.885,119.41,117.22,118.49,23950019
2026-05-22 09:30:00,INTC,120.295,122.78,118.09,121.19,56691725
2026-05-22 13:30:00,INTC,121.22,121.53,119.21,119.84,25108574
2026-05-26 09:30:00,INTC,122.11,125.62,117.35,121.3425,73566844
2026-05-26 13:30:00,INTC,121.34,124.33,121.1501,123.51,21903530
2026-05-27 09:30:00,INTC,124.605,125.178,117.064,119.28,62681546
2026-05-27 13:30:00,INTC,119.27,121.83,118.91,121.75,21682024
2026-05-28 09:30:00,INTC,121.62,123.07,116.31,120.76,65623597
2026-05-28 13:30:00,INTC,120.75,121.85,120.06,120.85,20817246
2026-05-29 09:30:00,INTC,123.8,126.64,117.66,118.1301,61563772
2026-05-29 13:30:00,INTC,118.14,119.58,113.54,114.64,37084995
2026-06-01 09:30:00,INTC,109.445,113.3,106.33,110.63,90482914
2026-06-01 13:30:00,INTC,110.62,111.51,107.62,109.3,34470220
2026-06-02 09:30:00,INTC,107.425,109.0,104.17,106.83,73012622
2026-06-02 13:30:00,INTC,106.85,107.97,106.3,107.87,19451900
2026-06-03 09:30:00,INTC,116.3975,118.29,110.86,111.75,85208232
2026-06-03 13:30:00,INTC,111.745,112.98,111.2,112.72,23529269
2026-06-04 09:30:00,INTC,108.39,111.79,107.4801,111.42,50076509
2026-06-04 13:30:00,INTC,111.425,113.14,111.1417,111.79,19459080
2026-06-05 09:30:00,INTC,106.41,106.44,101.55,102.46,73692248
2026-06-05 13:30:00,INTC,102.46,102.89,98.335,98.96,50094402
2026-06-08 09:30:00,INTC,111.0,112.3699,106.66,110.89,94290017
2026-06-08 13:30:00,INTC,110.87,112.54,109.15,110.18,29401046
2026-06-09 09:30:00,INTC,112.75,113.998,99.46,104.28,96404200
2026-06-09 13:30:00,INTC,104.31,108.065,103.65,108.06,39679872
2026-06-10 09:30:00,INTC,105.95,111.5,104.92,105.58,75192675
2026-06-10 13:30:00,INTC,105.58,107.92,105.12,107.01,35763083
2026-06-11 09:30:00,INTC,113.46,119.44,110.5118,113.14,114820988
2026-06-11 13:30:00,INTC,113.16,118.42,113.1145,117.0,49262152
2026-06-12 09:30:00,INTC,117.415,126.88,115.33,126.755,98666884
2026-06-12 13:30:00,INTC,126.78,127.6,124.33,124.54,42177483
2026-06-15 09:30:00,INTC,129.62,132.61,126.67,127.375,84853709
2026-06-15 13:30:00,INTC,127.37,128.71,127.25,127.8,27546100
2026-06-16 09:30:00,INTC,125.105,128.68,118.0802,119.79,78854588
2026-06-16 13:30:00,INTC,119.78,121.115,116.9,117.08,34976844
2026-06-17 09:30:00,INTC,121.835,122.64,118.06,122.29,55804110
2026-06-17 13:30:00,INTC,122.3,125.2,119.91,121.08,43495059
2026-06-18 09:30:00,INTC,131.79,135.48,127.9,134.255,126880398
2026-06-18 13:30:00,INTC,134.2,135.23,131.55,133.8,42383936
2026-06-22 09:30:00,INTC,139.205,141.45,136.21,140.6999,82665560
2026-06-22 13:30:00,INTC,140.7,141.02,139.835,140.86,24892195
2026-06-23 09:30:00,INTC,128.75,137.98,128.36,134.255,81352711
2026-06-23 13:30:00,INTC,134.23,134.35,131.22,132.28,30350273
2026-06-24 09:30:00,INTC,132.918,136.08,130.03,130.35,59684567
2026-06-24 13:30:00,INTC,130.38,131.97,127.95,131.74,30013612
2026-06-25 09:30:00,INTC,139.67,140.72,125.41,132.27,85907010
2026-06-25 13:30:00,INTC,132.25,133.08,129.4101,133.0,27491612
2026-06-26 09:30:00,INTC,128.7,131.23,125.5,129.2415,54575902
2026-06-26 13:30:00,INTC,129.26,129.78,127.29,127.66,23537609
2026-06-29 09:30:00,INTC,126.28,130.6,118.5,130.56,71062170
2026-06-29 13:30:00,INTC,130.57,131.91,130.13,131.71,23647850
2026-06-30 09:30:00,INTC,132.185,142.3,131.5201,141.94,65568465
2026-06-30 13:30:00,INTC,141.95,142.34,139.42,139.53,28991060
2026-07-01 09:30:00,INTC,135.0,135.7399,127.95,128.61,65037887
2026-07-01 13:30:00,INTC,128.6199,129.47,126.6805,127.02,31517139
2026-07-02 09:30:00,INTC,128.915,130.74,119.48,119.83,72450313
2026-07-02 13:30:00,INTC,119.81,120.71,117.63,120.48,35323265
2026-07-06 09:30:00,INTC,122.57,127.3,121.68,123.21,51501726
2026-07-06 13:30:00,INTC,123.21,124.15,122.0,122.22,21769022
2026-07-07 09:30:00,INTC,116.22,116.4699,108.36,110.9799,93078595
2026-07-07 13:30:00,INTC,110.98,111.39,108.3,110.505,34871211
2026-07-08 09:30:00,INTC,108.28,110.298,104.41,107.745,68064132
2026-07-08 13:30:00,INTC,107.745,110.49,106.9,110.34,27274883
2026-07-09 09:30:00,INTC,114.86,116.7699,111.8,112.66,64262452
2026-07-09 13:30:00,INTC,112.68,113.15,111.52,112.551,22488331
2026-07-10 09:30:00,INTC,109.575,110.6585,107.45,110.62,46316671
2026-07-10 13:30:00,INTC,110.63,110.85,109.55,109.82,17553650
2026-07-13 09:30:00,INTC,105.955,106.17,102.6101,102.9468,54118252
2026-07-13 13:30:00,INTC,102.96,103.61,101.79,103.08,30013031
2026-07-14 09:30:00,INTC,107.96,107.98,103.5905,107.025,56428815
2026-07-14 13:30:00,INTC,107.025,109.19,106.75,107.77,25299560
2026-07-15 09:30:00,INTC,107.895,108.5,99.2,101.66,75295751
2026-07-15 13:30:00,INTC,101.65,103.445,101.06,102.99,31946552
2026-07-16 09:30:00,INTC,101.13,102.99,96.06,96.6,57546231
2026-07-16 13:30:00,INTC,96.605,97.21,95.48,96.98,35515330
2026-07-17 09:30:00,INTC,92.075,98.05,89.59,97.45,83267410
2026-07-17 13:30:00,INTC,97.45,97.95,94.69,95.04,29353160
2026-07-20 09:30:00,INTC,97.615,100.98,97.055,98.7499,54569474
2026-07-20 13:30:00,INTC,98.76,98.9,96.92,97.0902,24609721
2026-07-21 09:30:00,INTC,103.27,105.655,101.22,104.7801,61428142
2026-07-21 13:30:00,INTC,104.79,106.16,104.62,105.43,28466323
2026-07-22 09:30:00,INTC,101.6,106.85,101.48,104.845,46797600
2026-07-22 13:30:00,INTC,104.82,104.98,102.52,102.57,20719474
2026-07-23 09:30:00,INTC,100.995,104.18,100.1,100.87,53690735
2026-07-23 13:30:00,INTC,100.8601,100.9373,99.235,100.23,34104670
2026-07-24 09:30:00,INTC,100.39,101.74,94.98,96.245,116755640
2026-07-24 13:30:00,INTC,96.25,96.39,91.58,92.315,51969632
2026-07-27 09:30:00,INTC,92.46,94.9799,86.94,89.7012,87389405
2026-07-27 13:30:00,INTC,89.73,92.5,89.5,91.6801,31456885
2026-07-28 09:30:00,INTC,86.625,88.2799,83.1,87.1794,100605102
2026-07-28 13:30:00,INTC,87.1796,88.0995,85.98,86.3,35358800
2026-07-29 09:30:00,INTC,86.71,88.47,81.82,83.77,70113810
2026-07-29 13:30:00,INTC,83.8176,87.23,81.79,81.81,49038118
2026-07-30 09:30:00,INTC,86.41,94.1,85.995,92.33,91270368
2026-07-30 13:30:00,INTC,92.31,92.45,90.8901,91.23,29261854
2026-07-31 09:30:00,INTC,96.72,97.9,91.335,92.375,66724273
2026-07-31 13:30:00,INTC,92.37,93.3299,90.135,90.22,29277683
2026-08-03 09:30:00,INTC,88.4,91.055,85.62,90.42,57270055
2026-08-03 13:30:00,INTC,90.44,91.6751,90.23,91.0,28006852
2026-08-04 09:30:00,INTC,95.319,100.6487,94.32,100.28,68299226
2026-08-04 13:30:00,INTC,100.27,101.3899,100.02,100.845,26009729
2026-08-05 09:30:00,INTC,99.575,102.58,97.9,101.6101,54870843
2026-08-05 13:30:00,INTC,101.62,102.83,100.92,101.08,21824998
2026-08-06 09:30:00,INTC,98.222,103.3799,95.6,100.675,56024781
2026-08-06 13:30:00,INTC,100.635,101.2,99.66,99.71,15490807
2026-08-07 09:30:00,INTC,102.34,103.65,98.03,101.1001,52427128
2026-08-07 13:30:00,INTC,101.1099,101.785,100.69,101.65,14909349
2026-08-10 09:30:00,INTC,98.26,100.025,96.31,98.6898,61500638
2026-08-10 13:30:00,INTC,98.685,99.2,97.41,97.5375,30015387
2026-08-11 09:30:00,INTC,96.75,98.35,95.35,96.85,105674394
2026-08-11 13:30:00,INTC,96.855,97.83,96.65,97.7,33342493
2026-08-12 09:30:00,INTC,102.8,103.15,100.1232,101.916,82637228
2026-08-12 13:30:00,INTC,101.9116,102.89,100.65,100.95,32223853
2026-08-13 09:30:00,INTC,101.49,107.57,100.33,105.41,71662022
2026-08-13 13:30:00,INTC,105.425,106.0,104.17,104.64,26573301
2026-08-14 09:30:00,INTC,104.5,106.87,102.54,102.87,62895139
2026-08-14 13:30:00,INTC,102.86,103.24,102.05,102.54,23060882
2026-08-17 09:30:00,INTC,103.7,105.97,101.8,104.03,54326761
2026-08-17 13:30:00,INTC,104.03,104.11,102.57,103.48,24729495
2026-08-18 09:30:00,INTC,99.142,99.31,95.25,96.04,71751831
2026-08-18 13:30:00,INTC,96.02,96.905,95.47,96.69,28225669
2026-08-19 09:30:00,INTC,97.18,98.18,91.28,93.21,70729501
2026-08-19 13:30:00,INTC,93.22,93.59,92.62,92.87,21735402
2026-08-20 09:30:00,INTC,91.91,92.39,89.85,92.2972,53367228
2026-08-20 13:30:00,INTC,92.29,92.68,91.56,92.145,20756992
2026-08-21 09:30:00,INTC,92.768,92.768,89.75,89.9561,64179804
2026-08-21 13:30:00,INTC,89.965,90.58,89.91,90.06,19981406
2026-08-24 09:30:00,INTC,88.6825,88.91,85.14,87.0301,63339981
2026-08-24 13:30:00,INTC,87.035,88.03,86.88,87.26,23460921
2026-08-25 09:30:00,INTC,89.9,90.18,87.6,87.655,53896369
2026-08-25 13:30:00,INTC,87.65,88.18,87.26,87.47,21141821
2026-08-26 09:30:00,INTC,86.825,87.4163,85.63,87.3307,39798183
2026-08-26 13:30:00,INTC,87.33,88.2799,87.0706,88.26,22920513
2026-08-27 09:30:00,INTC,89.95,92.95,88.46,90.91,68511142
2026-08-27 13:30:00,INTC,90.92,92.18,90.0,92.07,20744257
2026-08-28 09:30:00,INTC,90.27,93.7,89.05,89.225,57776008
2026-08-28 13:30:00,INTC,89.2299,90.0206,89.11,89.47,18180455
2026-08-31 09:30:00,INTC,90.0,91.8431,88.97,89.475,38522150
2026-08-31 13:30:00,INTC,89.475,89.935,89.2,89.47,15048674
2026-09-01 09:30:00,INTC,86.8975,89.41,85.72,88.7232,47323521
2026-09-01 13:30:00,INTC,88.72,89.13,87.91,88.97,16635369
2026-09-02 09:30:00,INTC,88.75,90.43,87.5,89.995,36099969
2026-09-02 13:30:00,INTC,89.9999,90.08,89.37,90.04,12413823
2026-09-03 09:30:00,INTC,89.35,91.59,87.725,91.505,40984341
2026-09-03 13:30:00,INTC,91.5,92.37,90.91,91.66,25924025
2026-09-04 09:30:00,INTC,92.36,95.8399,91.8701,94.805,59225496
2026-09-04 13:30:00,INTC,94.815,95.94,94.15,95.81,23904656
2026-09-08 09:30:00,INTC,102.51,106.0899,100.35,105.82,94892956
2026-09-08 13:30:00,INTC,105.83,106.0568,104.05,104.4401,33763874
2026-09-09 09:30:00,INTC,103.325,106.69,102.835,105.705,66318570
2026-09-09 13:30:00,INTC,105.7006,106.55,105.2842,106.23,24247937
2026-09-10 09:30:00,INTC,102.45,103.23,99.34,101.35,60899172
2026-09-10 13:30:00,INTC,101.34,101.56,100.25,100.28,19850914
2026-09-11 09:30:00,INTC,102.47,104.9,101.08,103.35,59412946
2026-09-11 13:30:00,INTC,103.352,103.65,102.62,102.93,16475319
2026-09-14 09:30:00,INTC,95.72,98.4899,94.5233,98.345,62529963
2026-09-14 13:30:00,INTC,98.35,98.86,97.07,97.17,22185196
2026-09-15 09:30:00,INTC,98.8475,100.48,97.562,97.885,49906038
2026-09-15 13:30:00,INTC,97.885,97.96,96.5205,97.1103,20048539
2026-09-16 09:30:00,INTC,101.4,104.42,100.76,101.5601,65943940
2026-09-16 13:30:00,INTC,101.565,102.75,99.29,101.02,39865909
2026-09-17 09:30:00,INTC,104.78,111.37,104.7,111.06,96972915
2026-09-17 13:30:00,INTC,111.06,111.1901,108.73,108.75,29710939
2026-09-18 09:30:00,INTC,109.84,110.49,106.48,106.96,63600987
2026-09-18 13:30:00,INTC,106.975,109.18,106.4,108.62,29165225
2026-09-21 09:30:00,INTC,116.59,124.727,114.93,121.47,127280862
2026-09-21 13:30:00,INTC,121.47,122.57,120.86,121.78,39163870
2026-09-22 09:30:00,INTC,120.125,122.74,120.075,121.695,55672677
2026-09-22 13:30:00,INTC,121.695,124.09,121.06,123.84,28875704
2026-09-23 09:30:00,INTC,123.81,124.25,119.44,120.19,52182251
2026-09-23 13:30:00,INTC,120.165,122.67,120.085,122.6,22438410
2026-09-24 09:30:00,INTC,120.61,126.3255,119.55,125.62,78510961
2026-09-24 13:30:00,INTC,125.63,127.435,124.14,127.36,31990060
2026-09-25 09:30:00,INTC,126.88,126.93,122.84,124.545,59009476
2026-09-25 13:30:00,INTC,124.55,125.01,122.86,122.96,26787023
2026-09-28 09:30:00,INTC,120.655,121.71,114.705,115.86,72640136
2026-09-28 13:30:00,INTC,115.86,116.28,114.82,116.13,27545635
2026-09-29 09:30:00,INTC,116.5645,118.75,113.97,116.6201,55842627
2026-09-29 13:30:00,INTC,116.6201,116.77,115.57,115.98,18224299
2026-09-30 09:30:00,INTC,116.05,120.41,116.0,119.3,53980352
2026-09-30 13:30:00,INTC,119.32,120.55,118.66,120.16,23677265
2026-10-01 09:30:00,INTC,118.46,121.77,117.36,121.76,56451837
2026-10-01 13:30:00,INTC,121.76,122.15,119.91,119.96,35167817
2026-10-02 09:30:00,INTC,124.17,126.0,119.73,119.73,59118920
2026-10-02 13:30:00,INTC,119.7599,120.35,118.96,119.33,24528853
2026-10-05 09:30:00,INTC,115.575,118.0583,115.31,116.8,51579803
2026-10-05 13:30:00,INTC,116.81,117.33,115.885,116.28,20844109
2026-10-06 09:30:00,INTC,117.06,118.2,112.99,114.13,62388484
2026-10-06 13:30:00,INTC,114.11,115.25,112.1,112.46,28940541
2026-10-07 09:30:00,INTC,111.75,115.3,111.15,112.9384,57194137
2026-10-07 13:30:00,INTC,112.945,113.58,112.25,113.06,17962293
2026-10-08 09:30:00,INTC,109.545,111.6,105.39,105.9196,69592535
2026-10-08 13:30:00,INTC,105.92,107.39,105.24,107.14,35052517
2026-05-18 09:30:00,FCX,62.35,63.46,60.76,61.17,6624398
2026-05-18 13:30:00,FCX,61.16,61.205,59.71,60.48,6364307
2026-05-19 09:30:00,FCX,59.06,59.93,58.3001,59.81,6055462
2026-05-19 13:30:00,FCX,59.82,59.9,58.58,58.69,4106932
2026-05-20 09:30:00,FCX,59.19,61.06,58.81,60.65,7326590
2026-05-20 13:30:00,FCX,60.67,60.98,60.59,60.88,3057922
2026-05-21 09:30:00,FCX,60.5,62.55,59.76,62.53,4833659
2026-05-21 13:30:00,FCX,62.53,63.1101,62.055,62.31,3580920
2026-05-22 09:30:00,FCX,62.71,62.71,61.51,62.51,3582592
2026-05-22 13:30:00,FCX,62.53,62.55,61.76,61.965,2868867
2026-05-26 09:30:00,FCX,63.04,64.97,63.04,64.03,5797142
2026-05-26 13:30:00,FCX,64.01,64.41,63.95,64.37,2622010
2026-05-27 09:30:00,FCX,64.015,64.39,62.865,63.43,4095557
2026-05-27 13:30:00,FCX,63.43,63.76,63.185,63.625,2863114
2026-05-28 09:30:00,FCX,63.23,65.365,62.48,65.15,4268030
2026-05-28 13:30:00,FCX,65.155,66.06,65.13,65.855,4586106
2026-05-29 09:30:00,FCX,65.43,66.8,64.48,65.72,4309718
2026-05-29 13:30:00,FCX,65.71,65.755,65.22,65.695,2467349
2026-06-01 09:30:00,FCX,65.26,67.21,64.48,67.205,5602830
2026-06-01 13:30:00,FCX,67.21,67.48,66.87,67.03,3143737
2026-06-02 09:30:00,FCX,67.87,71.76,67.72,71.12,9785721
2026-06-02 13:30:00,FCX,71.11,72.09,70.71,71.73,6023468
2026-06-03 09:30:00,FCX,71.65,71.65,69.28,70.515,6769325
2026-06-03 13:30:00,FCX,70.515,71.385,70.44,70.67,4642113
2026-06-04 09:30:00,FCX,69.92,71.87,69.0512,69.74,6956949
2026-06-04 13:30:00,FCX,69.74,70.26,69.515,69.695,2882774
2026-06-05 09:30:00,FCX,67.485,67.485,62.84,63.715,10493002
2026-06-05 13:30:00,FCX,63.73,64.0199,62.365,63.38,5532016
2026-06-08 09:30:00,FCX,64.61,65.72,64.13,64.3,6759713
2026-06-08 13:30:00,FCX,64.3,64.76,63.695,63.89,3283007
2026-06-09 09:30:00,FCX,65.17,66.425,61.85,63.315,9534000
2026-06-09 13:30:00,FCX,63.315,64.37,63.17,64.23,3715395
2026-06-10 09:30:00,FCX,63.2,64.78,61.73,62.19,7451550
2026-06-10 13:30:00,FCX,62.185,62.95,61.975,62.07,4296853
2026-06-11 09:30:00,FCX,63.03,65.1,62.34,65.1,7147724
2026-06-11 13:30:00,FCX,65.1,66.6,64.84,66.32,5031002
2026-06-12 09:30:00,FCX,67.21,68.915,66.83,68.72,5706316
2026-06-12 13:30:00,FCX,68.72,68.82,67.79,68.395,3790711
2026-06-15 09:30:00,FCX,71.19,71.88,69.25,69.705,8825873
2026-06-15 13:30:00,FCX,69.705,70.2869,69.605,70.13,4019057
2026-06-16 09:30:00,FCX,70.58,71.52,69.65,70.68,4378078
2026-06-16 13:30:00,FCX,70.67,70.87,70.0,70.17,2923879
2026-06-17 09:30:00,FCX,70.13,72.225,69.875,72.03,5675041
2026-06-17 13:30:00,FCX,72.01,72.275,68.8437,69.05,6334264
2026-06-18 09:30:00,FCX,69.95,70.62,68.02,68.575,8749304
2026-06-18 13:30:00,FCX,68.58,69.155,68.52,68.67,3772127
2026-06-22 09:30:00,FCX,68.495,69.77,68.16,69.46,4945300
2026-06-22 13:30:00,FCX,69.46,69.91,68.98,69.22,4439522
2026-06-23 09:30:00,FCX,65.425,65.885,63.7,65.26,8810197
2026-06-23 13:30:00,FCX,65.25,65.26,64.28,64.385,5353108
2026-06-24 09:30:00,FCX,62.71,62.79,61.11,61.185,8161274
2026-06-24 13:30:00,FCX,61.2,62.03,61.05,61.85,6380334
2026-06-25 09:30:00,FCX,63.23,63.75,61.71,62.72,7490701
2026-06-25 13:30:00,FCX,62.74,62.85,62.08,62.81,4214703
2026-06-26 09:30:00,FCX,62.06,62.9999,61.635,62.32,6864391
2026-06-26 13:30:00,FCX,62.34,62.415,61.69,62.33,6936093
2026-06-29 09:30:00,FCX,61.91,62.35,60.51,61.595,5584696
2026-06-29 13:30:00,FCX,61.59,61.855,61.54,61.625,3655665
2026-06-30 09:30:00,FCX,62.98,63.293,62.06,62.8,6360573
2026-06-30 13:30:00,FCX,62.81,63.0899,62.62,62.875,4034516
2026-07-01 09:30:00,FCX,61.7,63.045,60.98,61.16,6492433
2026-07-01 13:30:00,FCX,61.17,61.2499,60.54,60.56,5113512
2026-07-02 09:30:00,FCX,61.32,62.26,59.76,59.8,6979798
2026-07-02 13:30:00,FCX,59.8,61.0,59.44,60.955,4266190
2026-07-06 09:30:00,FCX,61.77,62.07,60.595,60.79,4007249
2026-07-06 13:30:00,FCX,60.78,61.12,60.53,60.99,3500984
2026-07-07 09:30:00,FCX,60.1,60.45,58.16,59.9,8143791
2026-07-07 13:30:00,FCX,59.9,60.01,58.92,59.27,4170974
2026-07-08 09:30:00,FCX,57.92,58.87,56.0,57.685,9422212
2026-07-08 13:30:00,FCX,57.685,57.85,57.305,57.48,6240467
2026-07-09 09:30:00,FCX,59.68,61.077,58.42,60.85,9355371
2026-07-09 13:30:00,FCX,60.85,61.0899,60.32,60.51,4058274
2026-07-10 09:30:00,FCX,60.37,62.005,60.13,61.87,4758907
2026-07-10 13:30:00,FCX,61.88,62.055,61.42,61.52,3488968
2026-07-13 09:30:00,FCX,60.76,62.0,60.035,60.11,5546658
2026-07-13 13:30:00,FCX,60.12,60.26,59.62,59.97,4124750
2026-07-14 09:30:00,FCX,61.94,62.92,61.2,61.44,5823515
2026-07-14 13:30:00,FCX,61.44,62.01,61.285,61.975,3608894
2026-07-15 09:30:00,FCX,62.63,62.88,59.37,60.46,6130782
2026-07-15 13:30:00,FCX,60.435,61.305,60.41,60.995,4880003
2026-07-16 09:30:00,FCX,59.55,59.97,57.71,57.86,6600809
2026-07-16 13:30:00,FCX,57.87,58.65,57.545,58.53,5818409
2026-07-17 09:30:00,FCX,56.7,59.36,56.0,59.19,9914226
2026-07-17 13:30:00,FCX,59.18,59.22,58.335,58.38,3997533
2026-07-20 09:30:00,FCX,59.02,59.34,58.595,58.8,4669862
2026-07-20 13:30:00,FCX,58.8,59.01,58.52,58.805,3400561
2026-07-21 09:30:00,FCX,61.09,62.62,60.47,62.41,6477272
2026-07-21 13:30:00,FCX,62.42,62.67,62.24,62.54,4101726
2026-07-22 09:30:00,FCX,62.935,65.075,62.62,64.44,9447223
2026-07-22 13:30:00,FCX,64.4495,65.02,64.17,64.99,5927831
2026-07-23 09:30:00,FCX,62.64,65.43,61.97,63.53,10601347
2026-07-23 13:30:00,FCX,63.515,63.89,63.04,63.53,5364586
2026-07-24 09:30:00,FCX,62.56,62.99,61.05,62.58,6839141
2026-07-24 13:30:00,FCX,62.58,62.71,62.0,62.62,3684801
2026-07-27 09:30:00,FCX,63.53,63.53,61.18,61.46,4911241
2026-07-27 13:30:00,FCX,61.47,62.71,61.341,62.705,2800327
2026-07-28 09:30:00,FCX,61.46,62.57,59.93,62.23,7724506
2026-07-28 13:30:00,FCX,62.22,62.43,61.535,61.645,3359079
2026-07-29 09:30:00,FCX,60.8,61.06,58.19,59.695,10859191
2026-07-29 13:30:00,FCX,59.69,61.559,59.535,60.01,7379448
2026-07-30 09:30:00,FCX,61.7452,63.64,61.74,62.99,7109252
2026-07-30 13:30:00,FCX,62.9968,63.62,62.91,63.445,2992264
2026-07-31 09:30:00,FCX,62.6,63.65,60.97,62.76,6069704
2026-07-31 13:30:00,FCX,62.76,62.92,62.375,62.63,2676548
2026-08-03 09:30:00,FCX,62.07,63.52,61.27,63.055,4825716
2026-08-03 13:30:00,FCX,63.07,63.745,63.07,63.64,2476642
2026-08-04 09:30:00,FCX,66.19,67.62,65.75,67.49,7753908
2026-08-04 13:30:00,FCX,67.48,67.845,67.08,67.29,4709311
2026-08-05 09:30:00,FCX,69.27,70.56,68.62,69.085,9206226
2026-08-05 13:30:00,FCX,69.085,70.065,69.03,69.38,4418154
2026-08-06 09:30:00,FCX,68.48,69.67,68.15,68.68,6168488
2026-08-06 13:30:00,FCX,68.675,68.8,67.94,68.17,3836423
2026-08-07 09:30:00,FCX,69.97,70.535,68.64,69.51,5217147
2026-08-07 13:30:00,FCX,69.5248,69.8,69.31,69.61,3969346
2026-08-10 09:30:00,FCX,69.74,71.215,68.89,70.805,7196121
2026-08-10 13:30:00,FCX,70.815,70.84,70.1101,70.54,3190244
2026-08-11 09:30:00,FCX,70.16,70.72,68.37,68.51,7290499
2026-08-11 13:30:00,FCX,68.51,68.995,68.28,68.88,2862527
2026-08-12 09:30:00,FCX,70.09,70.09,68.75,68.955,3865079
2026-08-12 13:30:00,FCX,68.955,69.35,68.71,69.22,2792354
2026-08-13 09:30:00,FCX,68.145,69.1,67.35,67.568,4435884
2026-08-13 13:30:00,FCX,67.5655,67.63,66.625,66.83,3422508
2026-08-14 09:30:00,FCX,66.72,67.46,65.57,66.71,4475473
2026-08-14 13:30:00,FCX,66.72,66.86,66.42,66.49,2110517
2026-08-17 09:30:00,FCX,66.62,68.89,66.54,68.705,5488647
2026-08-17 13:30:00,FCX,68.73,68.75,68.31,68.435,2422681
2026-08-18 09:30:00,FCX,67.075,68.03,65.71,65.96,6117405
2026-08-18 13:30:00,FCX,65.96,66.41,65.72,66.33,2936330
2026-08-19 09:30:00,FCX,68.9,69.86,67.26,69.045,8443275
2026-08-19 13:30:00,FCX,69.03,69.14,67.51,69.09,6147361
2026-08-20 09:30:00,FCX,67.815,70.7,67.72,70.46,8277209
2026-08-20 13:30:00,FCX,70.47,71.515,70.41,71.25,6008694
2026-08-21 09:30:00,FCX,74.46,77.33,74.4015,76.05,19195589
2026-08-21 13:30:00,FCX,76.06,76.89,76.035,76.68,6599313
2026-08-24 09:30:00,FCX,78.39,78.88,76.1112,76.91,12362124
2026-08-24 13:30:00,FCX,76.91,77.87,76.62,77.81,5088716
2026-08-25 09:30:00,FCX,77.13,79.1497,76.8,79.07,8981308
2026-08-25 13:30:00,FCX,79.07,79.95,79.065,79.91,4350420
2026-08-26 09:30:00,FCX,79.34,80.24,78.28,78.63,10579743
2026-08-26 13:30:00,FCX,78.625,79.275,78.485,79.05,5642300
2026-08-27 09:30:00,FCX,78.83,79.835,78.17,79.65,6473729
2026-08-27 13:30:00,FCX,79.665,79.68,78.355,78.41,4344391
2026-08-28 09:30:00,FCX,78.565,78.73,76.15,76.86,8868395
2026-08-28 13:30:00,FCX,76.85,77.03,75.9,76.47,7085643
2026-08-31 09:30:00,FCX,76.95,77.01,74.88,75.58,4295151
2026-08-31 13:30:00,FCX,75.58,75.84,74.92,75.73,3654749
2026-09-01 09:30:00,FCX,73.55,75.5,73.2,73.65,6443843
2026-09-01 13:30:00,FCX,73.65,73.79,72.37,72.48,4494385
2026-09-02 09:30:00,FCX,73.04,75.64,72.76,73.43,6348921
2026-09-02 13:30:00,FCX,73.42,74.08,73.32,73.96,3210694
2026-09-03 09:30:00,FCX,75.34,75.54,71.45,72.75,6171379
2026-09-03 13:30:00,FCX,72.745,72.84,72.12,72.58,3208991
2026-09-04 09:30:00,FCX,71.72,73.285,71.4534,73.1031,3432551
2026-09-04 13:30:00,FCX,73.12,73.21,72.53,72.705,2161248
2026-09-08 09:30:00,FCX,75.98,78.64,75.5,77.045,10156931
2026-09-08 13:30:00,FCX,77.05,77.29,76.45,76.63,4389220
2026-09-09 09:30:00,FCX,77.03,78.13,75.82,76.87,5136532
2026-09-09 13:30:00,FCX,76.875,77.03,76.21,76.23,2634954
2026-09-10 09:30:00,FCX,70.25,71.37,68.85,70.955,14556235
2026-09-10 13:30:00,FCX,70.9501,71.6,70.6,71.24,5914530
2026-09-11 09:30:00,FCX,71.44,72.7,71.01,71.64,4469888
2026-09-11 13:30:00,FCX,71.6,71.64,70.925,71.07,3831514
2026-09-14 09:30:00,FCX,67.315,70.06,67.01,69.69,6517089
2026-09-14 13:30:00,FCX,69.71,69.72,69.27,69.345,2612646
2026-09-15 09:30:00,FCX,69.72,69.78,68.35,68.86,3624309
2026-09-15 13:30:00,FCX,68.86,69.46,68.82,69.37,2283063
2026-09-16 09:30:00,FCX,70.085,70.295,69.15,69.82,4341791
2026-09-16 13:30:00,FCX,69.83,70.01,67.8,69.24,4565897
2026-09-17 09:30:00,FCX,71.44,71.58,70.29,70.9,5505921
2026-09-17 13:30:00,FCX,70.9,71.085,70.63,70.835,3273113
2026-09-18 09:30:00,FCX,71.0,71.54,70.48,71.44,5054222
2026-09-18 13:30:00,FCX,71.4315,71.6,71.0172,71.55,2811282
2026-09-21 09:30:00,FCX,72.89,73.28,70.81,71.81,4647774
2026-09-21 13:30:00,FCX,71.82,72.205,71.71,72.13,2663027
2026-09-22 09:30:00,FCX,72.65,74.18,72.1,74.0601,4461776
2026-09-22 13:30:00,FCX,74.065,74.9,74.05,74.355,2490257
2026-09-23 09:30:00,FCX,72.93,72.93,71.25,71.92,4720164
2026-09-23 13:30:00,FCX,71.92,72.835,71.695,72.585,2833869
2026-09-24 09:30:00,FCX,71.55,72.69,71.0,72.29,4816847
2026-09-24 13:30:00,FCX,72.285,72.73,71.765,72.08,3177810
2026-09-25 09:30:00,FCX,71.86,72.8699,71.53,71.89,4605275
2026-09-25 13:30:00,FCX,71.88,72.41,71.77,72.3,1794849
2026-09-28 09:30:00,FCX,69.755,72.5,69.4615,72.145,4825326
2026-09-28 13:30:00,FCX,72.17,72.435,71.815,71.92,2756736
2026-09-29 09:30:00,FCX,71.94,72.27,70.2847,70.425,4827782
2026-09-29 13:30:00,FCX,70.42,71.03,70.41,70.79,3669293
2026-09-30 09:30:00,FCX,71.44,74.45,70.89,71.115,9353678
2026-09-30 13:30:00,FCX,71.12,71.149,69.96,69.96,4061147
2026-10-01 09:30:00,FCX,68.59,69.64,68.2,69.495,5444564
2026-10-01 13:30:00,FCX,69.5,69.81,68.78,69.29,4792267
2026-10-02 09:30:00,FCX,69.56,73.07,69.56,71.625,6850598
2026-10-02 13:30:00,FCX,71.615,72.11,71.57,72.045,2815150
2026-10-05 09:30:00,FCX,72.22,73.175,71.42,73.07,5794903
2026-10-05 13:30:00,FCX,73.07,73.515,72.59,72.62,2062320
2026-10-06 09:30:00,FCX,72.84,73.03,70.89,72.849,4796535
2026-10-06 13:30:00,FCX,72.845,73.29,72.555,72.57,2141899
2026-10-07 09:30:00,FCX,71.34,71.81,70.62,71.59,4438747
2026-10-07 13:30:00,FCX,71.585,72.1,71.39,71.88,3392330
2026-10-08 09:30:00,FCX,70.6,72.18,70.13,70.6862,4253999
2026-10-08 13:30:00,FCX,70.7398,71.215,70.45,71.14,3131096
2026-05-18 09:30:00,JD,32.2,32.43,31.665,31.715,6308362
2026-05-18 13:30:00,JD,31.72,31.79,31.54,31.595,2918428
2026-05-19 09:30:00,JD,31.94,32.535,31.87,32.455,7224847
2026-05-19 13:30:00,JD,32.455,32.64,32.38,32.38,3551983
2026-05-20 09:30:00,JD,32.7,32.83,32.375,32.635,4269430
2026-05-20 13:30:00,JD,32.64,32.66,32.45,32.475,2356491
2026-05-21 09:30:00,JD,31.53,31.6,31.145,31.545,4625844
2026-05-21 13:30:00,JD,31.55,31.625,31.38,31.47,2285454
2026-05-22 09:30:00,JD,30.255,30.99,30.155,30.735,6471587
2026-05-22 13:30:00,JD,30.74,30.74,30.43,30.515,3103575
2026-05-26 09:30:00,JD,30.14,30.37,29.95,29.955,4816930
2026-05-26 13:30:00,JD,29.955,30.045,29.83,29.99,4679972
2026-05-27 09:30:00,JD,29.512,30.125,29.45,29.865,4691512
2026-05-27 13:30:00,JD,29.865,29.88,29.75,29.84,1796972
2026-05-28 09:30:00,JD,29.053,29.175,28.71,29.075,5649126
2026-05-28 13:30:00,JD,29.0799,29.21,29.075,29.12,2636812
2026-05-29 09:30:00,JD,28.8,29.07,28.66,28.975,3293316
2026-05-29 13:30:00,JD,28.97,28.995,28.82,28.83,1921050
2026-06-01 09:30:00,JD,28.555,29.27,28.52,29.165,6544626
2026-06-01 13:30:00,JD,29.165,29.23,29.06,29.085,2334212
2026-06-02 09:30:00,JD,30.425,30.6893,30.2,30.295,7352486
2026-06-02 13:30:00,JD,30.295,30.34,30.08,30.145,2671908
2026-06-03 09:30:00,JD,29.4,29.615,29.2,29.265,4239259
2026-06-03 13:30:00,JD,29.26,29.435,29.235,29.41,2112034
2026-06-04 09:30:00,JD,29.41,29.79,29.265,29.295,3040406
2026-06-04 13:30:00,JD,29.291,29.41,29.19,29.2,2078445
2026-06-05 09:30:00,JD,29.68,29.7,28.865,28.93,4119605
2026-06-05 13:30:00,JD,28.935,29.0,28.72,28.86,2162329
2026-06-08 09:30:00,JD,29.03,29.17,28.5906,28.655,2644874
2026-06-08 13:30:00,JD,28.66,28.73,28.57,28.57,2152807
2026-06-09 09:30:00,JD,29.21,29.22,28.575,28.74,3348118
2026-06-09 13:30:00,JD,28.745,28.845,28.7,28.72,1498987
2026-06-10 09:30:00,JD,28.53,28.875,28.53,28.565,2208447
2026-06-10 13:30:00,JD,28.565,28.635,28.44,28.445,1456080
2026-06-11 09:30:00,JD,27.82,27.86,27.475,27.675,4594435
2026-06-11 13:30:00,JD,27.675,28.12,27.675,28.06,2883037
2026-06-12 09:30:00,JD,28.68,28.73,28.395,28.53,3822206
2026-06-12 13:30:00,JD,28.53,28.685,28.51,28.56,2637537
2026-06-15 09:30:00,JD,28.75,28.95,28.72,28.86,3127924
2026-06-15 13:30:00,JD,28.855,28.86,28.65,28.67,1716689
2026-06-16 09:30:00,JD,28.2,28.37,28.0,28.255,4622268
2026-06-16 13:30:00,JD,28.25,28.465,28.245,28.38,2524443
2026-06-17 09:30:00,JD,28.43,28.53,28.15,28.18,2748819
2026-06-17 13:30:00,JD,28.18,28.19,27.815,27.91,3146022
2026-06-18 09:30:00,JD,27.69,27.83,27.4738,27.475,3288597
2026-06-18 13:30:00,JD,27.475,27.59,27.45,27.57,2143240
2026-06-22 09:30:00,JD,27.195,27.435,26.9,27.215,4930358
2026-06-22 13:30:00,JD,27.2152,27.255,27.02,27.025,2704941
2026-06-23 09:30:00,JD,26.305,26.84,26.16,26.26,4855082
2026-06-23 13:30:00,JD,26.26,26.28,26.02,26.105,4848159
2026-06-24 09:30:00,JD,25.722,25.9,25.52,25.715,5885786
2026-06-24 13:30:00,JD,25.7107,25.72,25.45,25.455,4118907
2026-06-25 09:30:00,JD,25.135,25.21,24.76,24.945,6809695
2026-06-25 13:30:00,JD,24.945,25.23,24.84,25.18,6272386
2026-06-26 09:30:00,JD,24.67,25.26,24.5454,25.085,8640913
2026-06-26 13:30:00,JD,25.085,25.45,25.04,25.36,3498248
2026-06-29 09:30:00,JD,25.53,25.68,25.09,25.195,5729964
2026-06-29 13:30:00,JD,25.195,25.29,25.08,25.245,3402041
2026-06-30 09:30:00,JD,25.26,25.585,25.0707,25.495,3237029
2026-06-30 13:30:00,JD,25.495,25.63,25.45,25.485,2390883
2026-07-01 09:30:00,JD,25.465,26.48,25.42,26.465,5024102
2026-07-01 13:30:00,JD,26.465,26.465,26.2,26.29,3456066
2026-07-02 09:30:00,JD,26.31,26.64,26.15,26.371,3894102
2026-07-02 13:30:00,JD,26.375,26.685,26.34,26.635,3234348
2026-07-06 09:30:00,JD,26.82,26.95,26.5423,26.7243,3132029
2026-07-06 13:30:00,JD,26.7299,26.8,26.7,26.79,1731236
2026-07-07 09:30:00,JD,26.7,27.19,26.52,26.595,3475395
2026-07-07 13:30:00,JD,26.5995,26.666,26.46,26.49,2271760
2026-07-08 09:30:00,JD,27.465,27.7299,27.265,27.65,7184022
2026-07-08 13:30:00,JD,27.645,27.705,27.515,27.6199,3966998
2026-07-09 09:30:00,JD,27.48,27.925,27.43,27.7686,4151962
2026-07-09 13:30:00,JD,27.76,27.86,27.74,27.75,2292096
2026-07-10 09:30:00,JD,28.36,28.555,28.26,28.2772,3066589
2026-07-10 13:30:00,JD,28.27,28.27,28.15,28.21,2743266
2026-07-13 09:30:00,JD,28.89,29.29,28.71,28.975,4993546
2026-07-13 13:30:00,JD,28.975,28.99,28.795,28.89,2563904
2026-07-14 09:30:00,JD,29.13,29.21,28.92,28.96,2830088
2026-07-14 13:30:00,JD,28.955,28.9851,28.825,28.835,1625999
2026-07-15 09:30:00,JD,29.58,29.9295,29.395,29.4,6285416
2026-07-15 13:30:00,JD,29.4,29.46,29.26,29.285,2836064
2026-07-16 09:30:00,JD,29.8,29.97,29.28,29.725,4853903
2026-07-16 13:30:00,JD,29.725,29.79,29.655,29.665,3574964
2026-07-17 09:30:00,JD,29.3152,29.85,29.25,29.81,3715786
2026-07-17 13:30:00,JD,29.815,29.845,29.61,29.625,2701030
2026-07-20 09:30:00,JD,30.504,30.77,30.255,30.67,4190039
2026-07-20 13:30:00,JD,30.67,30.72,30.57,30.59,2353346
2026-07-21 09:30:00,JD,30.88,30.935,30.425,30.435,3406367
2026-07-21 13:30:00,JD,30.435,30.47,30.3709,30.43,2225844
2026-07-22 09:30:00,JD,30.39,30.4,30.11,30.25,1929455
2026-07-22 13:30:00,JD,30.24,30.245,30.095,30.17,1261029
2026-07-23 09:30:00,JD,30.2,30.31,29.925,30.08,2628184
2026-07-23 13:30:00,JD,30.07,30.13,29.985,30.09,1501682
2026-07-24 09:30:00,JD,30.03,30.42,29.99,30.365,2845174
2026-07-24 13:30:00,JD,30.36,30.39,30.185,30.2,1608288
2026-07-27 09:30:00,JD,30.5,30.945,30.31,30.835,4474609
2026-07-27 13:30:00,JD,30.84,30.955,30.72,30.95,3156087
2026-07-28 09:30:00,JD,31.63,32.18,31.6,31.765,8959616
2026-07-28 13:30:00,JD,31.765,31.83,31.595,31.77,2988365
2026-07-29 09:30:00,JD,31.92,32.165,31.92,32.115,6024490
2026-07-29 13:30:00,JD,32.115,32.585,32.11,32.21,5061846
2026-07-30 09:30:00,JD,32.55,32.58,31.835,32.085,5308357
2026-07-30 13:30:00,JD,32.085,32.36,32.06,32.3,2979677
2026-07-31 09:30:00,JD,32.3,32.905,32.25,32.89,5066467
2026-07-31 13:30:00,JD,32.8825,33.03,32.85,33.025,2747220
2026-08-03 09:30:00,JD,33.0,33.215,32.87,32.965,3953225
2026-08-03 13:30:00,JD,32.965,33.0363,32.925,33.01,2992020
2026-08-04 09:30:00,JD,32.76,32.93,32.6601,32.89,2641725
2026-08-04 13:30:00,JD,32.895,32.97,32.875,32.97,1519484
2026-08-05 09:30:00,JD,33.19,33.2,32.535,32.555,2509939
2026-08-05 13:30:00,JD,32.5501,32.605,32.51,32.55,1968281
2026-08-06 09:30:00,JD,32.56,32.57,32.22,32.445,1901361
2026-08-06 13:30:00,JD,32.44,32.83,32.44,32.815,1754206
2026-08-07 09:30:00,JD,32.775,32.98,32.654,32.905,1912537
2026-08-07 13:30:00,JD,32.91,32.985,32.87,32.945,1821008
2026-08-10 09:30:00,JD,33.0,33.405,32.935,33.3951,4260083
2026-08-10 13:30:00,JD,33.395,33.49,33.22,33.475,2745722
2026-08-11 09:30:00,JD,32.212,32.265,31.765,31.905,6506080
2026-08-11 13:30:00,JD,31.9,31.965,31.71,31.92,4929863
2026-08-12 09:30:00,JD,31.4,31.53,31.01,31.315,5920327
2026-08-12 13:30:00,JD,31.315,31.6,31.315,31.6,6718152
2026-08-13 09:30:00,JD,30.82,31.37,28.86,28.995,20399423
2026-08-13 13:30:00,JD,29.0,29.4,28.97,29.295,10018144
2026-08-14 09:30:00,JD,28.57,29.155,28.55,28.94,9104876
2026-08-14 13:30:00,JD,28.94,29.11,28.9,29.07,4590975
2026-08-17 09:30:00,JD,28.87,28.99,28.43,28.5203,5250493
2026-08-17 13:30:00,JD,28.53,28.59,28.475,28.5,3041556
2026-08-18 09:30:00,JD,28.44,28.58,28.34,28.48,3431010
2026-08-18 13:30:00,JD,28.49,28.81,28.435,28.81,2872409
2026-08-19 09:30:00,JD,28.89,29.265,28.81,29.215,4243851
2026-08-19 13:30:00,JD,29.215,29.38,29.17,29.36,3481964
2026-08-20 09:30:00,JD,29.14,29.365,28.915,29.335,2641674
2026-08-20 13:30:00,JD,29.335,29.5,29.285,29.42,3112464
2026-08-21 09:30:00,JD,29.584,29.584,29.17,29.425,2580425
2026-08-21 13:30:00,JD,29.4291,29.495,29.315,29.375,2082324
2026-08-24 09:30:00,JD,29.017,29.36,29.017,29.16,3092561
2026-08-24 13:30:00,JD,29.16,29.24,28.985,29.19,1617746
2026-08-25 09:30:00,JD,28.95,29.245,28.88,29.16,2914274
2026-08-25 13:30:00,JD,29.17,29.385,29.16,29.37,1946855
2026-08-26 09:30:00,JD,28.99,29.12,28.7609,28.82,2565023
2026-08-26 13:30:00,JD,28.815,28.85,28.74,28.765,1468254
2026-08-27 09:30:00,JD,28.5,28.554,28.32,28.34,2124166
2026-08-27 13:30:00,JD,28.335,28.53,28.325,28.48,1812311
2026-08-28 09:30:00,JD,28.49,28.75,28.46,28.59,2312775
2026-08-28 13:30:00,JD,28.5891,28.73,28.56,28.725,1817422
2026-08-31 09:30:00,JD,28.595,28.71,28.335,28.335,4889297
2026-08-31 13:30:00,JD,28.335,28.375,28.205,28.22,1913404
2026-09-01 09:30:00,JD,27.865,28.11,27.71,27.915,3324642
2026-09-01 13:30:00,JD,27.92,27.92,27.81,27.89,2653995
2026-09-02 09:30:00,JD,27.705,28.025,27.7,27.785,3745398
2026-09-02 13:30:00,JD,27.785,27.87,27.755,27.83,2148274
2026-09-03 09:30:00,JD,27.46,27.82,27.355,27.755,4285082
2026-09-03 13:30:00,JD,27.755,27.8,27.68,27.73,2011167
2026-09-04 09:30:00,JD,28.16,28.29,28.025,28.24,2757687
2026-09-04 13:30:00,JD,28.235,28.28,28.18,28.275,1649739
2026-09-08 09:30:00,JD,27.752,27.885,27.435,27.615,3798835
2026-09-08 13:30:00,JD,27.615,27.715,27.61,27.66,1956943
2026-09-09 09:30:00,JD,27.13,27.27,26.85,27.005,4583747
2026-09-09 13:30:00,JD,27.01,27.09,26.945,27.0,3674287
2026-09-10 09:30:00,JD,26.75,27.075,26.75,26.9727,3731555
2026-09-10 13:30:00,JD,26.97,27.03,26.945,27.015,2524078
2026-09-11 09:30:00,JD,27.26,27.395,27.11,27.14,2273303
2026-09-11 13:30:00,JD,27.135,27.15,27.03,27.065,1459810
2026-09-14 09:30:00,JD,27.13,27.495,26.985,27.425,2693403
2026-09-14 13:30:00,JD,27.42,27.44,27.24,27.275,1616526
2026-09-15 09:30:00,JD,27.28,27.41,27.075,27.195,1812893
2026-09-15 13:30:00,JD,27.19,27.2,27.05,27.08,1443462
2026-09-16 09:30:00,JD,26.992,27.03,26.78,26.945,2117124
2026-09-16 13:30:00,JD,26.945,26.975,26.76,26.89,3690798
2026-09-17 09:30:00,JD,26.94,26.94,26.735,26.815,2020678
2026-09-17 13:30:00,JD,26.815,26.82,26.63,26.65,2318072
2026-09-18 09:30:00,JD,26.765,27.015,26.735,26.925,2253638
2026-09-18 13:30:00,JD,26.92,26.93,26.825,26.895,2503802
2026-09-21 09:30:00,JD,26.98,27.27,26.7001,27.245,4100475
2026-09-21 13:30:00,JD,27.245,27.29,27.21,27.26,1944318
2026-09-22 09:30:00,JD,27.57,27.715,27.27,27.375,2927093
2026-09-22 13:30:00,JD,27.38,27.4889,27.36,27.36,1880214
2026-09-23 09:30:00,JD,27.05,27.24,26.8611,27.0968,2544731
2026-09-23 13:30:00,JD,27.095,27.185,27.085,27.15,1389115
2026-09-24 09:30:00,JD,27.035,27.09,26.665,26.77,4281599
2026-09-24 13:30:00,JD,26.77,26.84,26.6901,26.745,2062643
2026-09-25 09:30:00,JD,26.562,26.6,26.39,26.53,2945073
2026-09-25 13:30:00,JD,26.53,26.555,26.46,26.495,1674034
2026-09-28 09:30:00,JD,26.68,26.8,26.575,26.775,2585910
2026-09-28 13:30:00,JD,26.775,26.79,26.6,26.6,1814430
2026-09-29 09:30:00,JD,26.32,26.405,26.115,26.185,3754175
2026-09-29 13:30:00,JD,26.185,26.36,26.18,26.3,2470390
2026-09-30 09:30:00,JD,26.57,26.69,26.51,26.565,3081840
2026-09-30 13:30:00,JD,26.565,26.67,26.56,26.605,1597961
2026-10-01 09:30:00,JD,26.64,26.86,26.345,26.415,2293288
2026-10-01 13:30:00,JD,26.415,26.46,26.27,26.35,2050480
2026-10-02 09:30:00,JD,26.06,26.11,25.71,25.755,5037146
2026-10-02 13:30:00,JD,25.755,25.895,25.74,25.765,3282776
2026-10-05 09:30:00,JD,26.158,26.4277,26.08,26.4125,3429688
2026-10-05 13:30:00,JD,26.411,26.555,26.35,26.36,3211782
2026-10-06 09:30:00,JD,26.3,26.58,26.18,26.55,3061445
2026-10-06 13:30:00,JD,26.54,26.615,26.48,26.495,2102376
2026-10-07 09:30:00,JD,26.535,26.905,26.42,26.855,3518175
2026-10-07 13:30:00,JD,26.85,27.04,26.835,27.0,2650144
2026-10-08 09:30:00,JD,26.95,27.04,26.635,26.765,3328432
2026-10-08 13:30:00,JD,26.765,26.925,26.75,26.9,2565764
2026-05-18 09:30:00,TSM,406.88,406.88,392.0,395.255,7903586
2026-05-18 13:30:00,TSM,395.2983,396.96,391.05,396.01,3193057
2026-05-19 09:30:00,TSM,388.8912,398.875,385.06,397.09,8700658
2026-05-19 13:30:00,TSM,396.99,397.62,391.39,392.645,3646775
2026-05-20 09:30:00,TSM,397.0,403.88,395.95,402.075,6128388
2026-05-20 13:30:00,TSM,402.08,402.81,400.8,401.62,2591269
2026-05-21 09:30:00,TSM,399.505,408.88,399.505,407.835,5118002
2026-05-21 13:30:00,TSM,407.895,411.46,405.21,407.16,3143718
2026-05-22 09:30:00,TSM,409.43,410.67,404.73,407.44,3789547
2026-05-22 13:30:00,TSM,407.63,407.92,402.86,404.34,2273339
2026-05-26 09:30:00,TSM,413.12,416.49,410.07,411.715,5422587
2026-05-26 13:30:00,TSM,411.7075,414.2,411.4,412.47,2624265
2026-05-27 09:30:00,TSM,427.015,430.55,415.3822,420.23,10653303
2026-05-27 13:30:00,TSM,420.21,425.2,418.975,422.72,3038606
2026-05-28 09:30:00,TSM,422.22,427.5969,414.71,422.86,6074999
2026-05-28 13:30:00,TSM,422.86,424.87,422.2,424.79,2045459
2026-05-29 09:30:00,TSM,427.07,430.44,417.25,418.98,7066211
2026-05-29 13:30:00,TSM,419.025,420.36,417.43,418.61,2581690
2026-06-01 09:30:00,TSM,424.88,449.39,422.5,445.91,12597297
2026-06-01 13:30:00,TSM,446.0,446.45,435.2,436.005,4487706
2026-06-02 09:30:00,TSM,440.58,448.38,436.01,443.31,6477296
2026-06-02 13:30:00,TSM,443.33,446.99,442.09,446.7,2514910
2026-06-03 09:30:00,TSM,449.99,450.1636,434.525,439.49,6725507
2026-06-03 13:30:00,TSM,439.49,441.19,436.88,437.1,2387972
2026-06-04 09:30:00,TSM,430.6334,447.7299,427.3,443.84,7406440
2026-06-04 13:30:00,TSM,443.9,448.01,443.56,444.9,2598869
2026-06-05 09:30:00,TSM,429.77,433.9,418.05,420.92,9584396
2026-06-05 13:30:00,TSM,420.895,423.17,412.79,415.23,6949460
2026-06-08 09:30:00,TSM,423.77,433.81,422.53,428.08,7890249
2026-06-08 13:30:00,TSM,428.03,429.75,426.0,426.65,2144651
2026-06-09 09:30:00,TSM,430.88,438.1603,405.51,417.8301,9963680
2026-06-09 13:30:00,TSM,418.0388,429.5,416.35,427.85,5117309
2026-06-10 09:30:00,TSM,413.955,426.32,410.1,412.93,8182211
2026-06-10 13:30:00,TSM,412.99,415.11,407.7,408.76,3847803
2026-06-11 09:30:00,TSM,413.255,422.25,408.86,415.84,7194709
2026-06-11 13:30:00,TSM,416.0,421.12,414.0,421.07,4313850
2026-06-12 09:30:00,TSM,420.05,426.94,417.21,425.18,6603589
2026-06-12 13:30:00,TSM,425.165,425.7558,422.0,423.78,2908056
2026-06-15 09:30:00,TSM,438.68,442.58,431.9286,441.86,6721728
2026-06-15 13:30:00,TSM,441.86,442.37,438.8,440.9,3290344
2026-06-16 09:30:00,TSM,436.02,440.33,427.8,432.205,5556483
2026-06-16 13:30:00,TSM,432.14,433.0399,425.2,425.99,2702791
2026-06-17 09:30:00,TSM,434.75,440.6,431.8,440.11,5558246
2026-06-17 13:30:00,TSM,440.08,442.5,431.64,432.04,3739555
2026-06-18 09:30:00,TSM,438.88,458.15,438.39,457.76,9264825
2026-06-18 13:30:00,TSM,457.785,465.22,457.785,462.22,6914253
2026-06-22 09:30:00,TSM,476.09,476.79,466.05,467.2129,9060120
2026-06-22 13:30:00,TSM,467.2948,469.0,465.17,467.625,3364510
2026-06-23 09:30:00,TSM,439.18,447.3333,434.19,443.43,12661236
2026-06-23 13:30:00,TSM,443.41,443.505,435.79,436.62,4669706
2026-06-24 09:30:00,TSM,433.975,443.86,432.575,436.91,5955852
2026-06-24 13:30:00,TSM,436.95,441.24,435.0,441.04,2616658
2026-06-25 09:30:00,TSM,452.9,452.9,433.44,441.72,7517112
2026-06-25 13:30:00,TSM,441.72,442.7299,432.44,435.25,5144925
2026-06-26 09:30:00,TSM,425.0,435.1,419.19,434.78,9852491
2026-06-26 13:30:00,TSM,434.77,436.13,429.73,432.26,5029338
2026-06-29 09:30:00,TSM,437.0,454.32,431.09,452.71,9068614
2026-06-29 13:30:00,TSM,452.645,456.09,450.44,455.12,4219628
2026-06-30 09:30:00,TSM,455.605,471.36,453.0,469.65,7937371
2026-06-30 13:30:00,TSM,469.5747,479.0,469.23,477.24,4946640
2026-07-01 09:30:00,TSM,467.67,468.51,444.332,444.72,11310706
2026-07-01 13:30:00,TSM,444.67,449.685,443.47,444.3,4842435
2026-07-02 09:30:00,TSM,450.54,461.47,431.01,431.77,10163106
2026-07-02 13:30:00,TSM,431.77,435.72,429.5,434.47,5453302
2026-07-06 09:30:00,TSM,447.775,460.03,445.6,455.08,7132148
2026-07-06 13:30:00,TSM,455.095,456.67,451.79,451.98,3614152
2026-07-07 09:30:00,TSM,438.02,439.8,428.11,436.63,8278123
2026-07-07 13:30:00,TSM,436.73,437.75,428.3,432.64,4910697
2026-07-08 09:30:00,TSM,429.0,440.49,428.75,439.52,6602525
2026-07-08 13:30:00,TSM,439.52,439.79,433.38,436.85,3663236
2026-07-09 09:30:00,TSM,446.725,447.69,437.47,442.66,6368262
2026-07-09 13:30:00,TSM,442.67,442.93,436.39,437.025,3537801
2026-07-10 09:30:00,TSM,438.665,439.17,428.1,439.075,5777124
2026-07-10 13:30:00,TSM,439.1,439.655,433.78,434.29,2824670
2026-07-13 09:30:00,TSM,433.82,437.99,423.3,423.91,7822517
2026-07-13 13:30:00,TSM,423.99,424.83,420.29,421.68,4754809
2026-07-14 09:30:00,TSM,430.87,431.055,418.86,421.98,9080846
2026-07-14 13:30:00,TSM,422.03,424.3,420.28,420.65,3526909
2026-07-15 09:30:00,TSM,425.75,428.89,410.75,417.82,10044387
2026-07-15 13:30:00,TSM,417.785,421.97,417.0,419.55,4910243
2026-07-16 09:30:00,TSM,405.29,415.95,404.5,406.115,16070507
2026-07-16 13:30:00,TSM,406.11,410.25,403.5,410.24,6920507
2026-07-17 09:30:00,TSM,392.12,404.7,386.02,403.325,13601480
2026-07-17 13:30:00,TSM,403.28,403.44,394.105,398.33,6119185
2026-07-20 09:30:00,TSM,407.705,409.89,400.14,403.36,7057774
2026-07-20 13:30:00,TSM,403.42,404.3,400.08,402.53,3696281
2026-07-21 09:30:00,TSM,418.74,424.49,413.56,424.3548,10408799
2026-07-21 13:30:00,TSM,424.39,425.4,423.03,424.485,4970873
2026-07-22 09:30:00,TSM,414.905,424.81,414.21,422.54,5966619
2026-07-22 13:30:00,TSM,422.45,423.6,420.79,421.14,3061632
2026-07-23 09:30:00,TSM,415.84,420.84,411.8,418.04,5321044
2026-07-23 13:30:00,TSM,417.9,418.0,413.1,415.58,3883031
2026-07-24 09:30:00,TSM,411.345,412.92,402.75,407.285,5274556
2026-07-24 13:30:00,TSM,407.34,408.22,400.8,403.69,4566950
2026-07-27 09:30:00,TSM,406.075,407.43,388.8,390.9,10663970
2026-07-27 13:30:00,TSM,390.9,400.09,390.76,399.27,5003751
2026-07-28 09:30:00,TSM,385.0,394.07,381.3,391.875,11153397
2026-07-28 13:30:00,TSM,391.845,395.36,389.19,392.3,5042190
2026-07-29 09:30:00,TSM,388.08,391.25,373.95,378.93,11734700
2026-07-29 13:30:00,TSM,378.88,390.89,372.72,374.78,7799255
2026-07-30 09:30:00,TSM,389.205,406.77,387.6,403.325,10669455
2026-07-30 13:30:00,TSM,403.37,405.8799,401.84,403.3,4353125
2026-07-31 09:30:00,TSM,419.5,420.35,398.8,408.36,8454569
2026-07-31 13:30:00,TSM,408.3725,409.0887,403.82,404.35,2617307
2026-08-03 09:30:00,TSM,400.585,406.68,398.2001,403.455,7737241
2026-08-03 13:30:00,TSM,403.81,407.44,403.49,406.12,3608806
2026-08-04 09:30:00,TSM,418.0,419.37,412.11,419.15,8314621
2026-08-04 13:30:00,TSM,419.155,420.25,416.21,417.085,4019273
2026-08-05 09:30:00,TSM,419.21,426.3,413.0701,414.69,9181322
2026-08-05 13:30:00,TSM,414.69,418.695,413.14,414.03,2587868
2026-08-06 09:30:00,TSM,409.54,423.27,407.99,420.04,6866757
2026-08-06 13:30:00,TSM,420.0,423.91,416.55,418.07,2656237
2026-08-07 09:30:00,TSM,424.79,424.79,413.1,420.6,5781371
2026-08-07 13:30:00,TSM,420.49,420.93,418.2,419.96,2569976
2026-08-10 09:30:00,TSM,420.34,425.88,416.0,421.945,7004577
2026-08-10 13:30:00,TSM,421.89,423.22,418.28,418.56,3111007
2026-08-11 09:30:00,TSM,424.2,424.9,418.87,421.05,6136274
2026-08-11 13:30:00,TSM,421.05,422.83,419.72,422.19,2183706
2026-08-12 09:30:00,TSM,432.65,433.28,427.02,429.38,5634135
2026-08-12 13:30:00,TSM,429.385,432.35,428.0,429.15,2739372
2026-08-13 09:30:00,TSM,429.23,436.04,428.3922,434.37,5046308
2026-08-13 13:30:00,TSM,434.43,434.9,429.85,430.545,2318051
2026-08-14 09:30:00,TSM,429.2,429.2699,424.1,425.77,3977732
2026-08-14 13:30:00,TSM,425.705,427.5599,425.15,426.32,1757393
2026-08-17 09:30:00,TSM,429.97,435.71,426.8,431.1045,5182932
2026-08-17 13:30:00,TSM,431.17,432.27,429.39,430.94,2063170
2026-08-18 09:30:00,TSM,417.0,419.63,411.41,412.85,7210603
2026-08-18 13:30:00,TSM,412.8,415.75,410.765,413.485,4231215
2026-08-19 09:30:00,TSM,418.13,419.6,407.88,412.63,5063773
2026-08-19 13:30:00,TSM,412.81,414.2,411.03,412.33,2094278
2026-08-20 09:30:00,TSM,408.6,417.96,407.7183,415.03,6929921
2026-08-20 13:30:00,TSM,415.1,416.38,414.1601,416.045,1867167
2026-08-21 09:30:00,TSM,422.96,425.68,416.7,418.5,4906092
2026-08-21 13:30:00,TSM,418.6,419.91,417.92,418.95,2511005
2026-08-24 09:30:00,TSM,413.43,414.34,405.15,407.79,7106781
2026-08-24 13:30:00,TSM,407.78,411.31,407.55,410.12,2572559
2026-08-25 09:30:00,TSM,414.585,419.7695,414.03,415.105,4211197
2026-08-25 13:30:00,TSM,415.06,417.88,415.05,417.34,1977450
2026-08-26 09:30:00,TSM,418.45,420.75,414.41,417.78,3625847
2026-08-26 13:30:00,TSM,417.8,418.955,416.8,417.62,2383644
2026-08-27 09:30:00,TSM,423.015,429.64,420.53,428.54,7408468
2026-08-27 13:30:00,TSM,428.6,429.04,424.06,427.37,4445022
2026-08-28 09:30:00,TSM,427.49,429.12,419.55,420.7275,5027766
2026-08-28 13:30:00,TSM,420.82,421.75,417.32,417.56,2776419
2026-08-31 09:30:00,TSM,417.23,423.8,416.12,416.2201,3966570
2026-08-31 13:30:00,TSM,416.29,417.1,414.6001,415.1,1978090
2026-09-01 09:30:00,TSM,417.455,418.62,413.33,413.76,4479852
2026-09-01 13:30:00,TSM,413.775,415.54,412.065,414.0,2549460
2026-09-02 09:30:00,TSM,413.2,416.18,411.27,412.43,3685591
2026-09-02 13:30:00,TSM,412.42,416.5,412.28,415.54,1957117
2026-09-03 09:30:00,TSM,413.29,415.09,407.815,414.92,4814305
2026-09-03 13:30:00,TSM,414.96,417.3,414.9,417.03,2135029
2026-09-04 09:30:00,TSM,421.88,428.81,419.42,426.7,6632310
2026-09-04 13:30:00,TSM,426.7,429.82,426.3,428.58,4161433
2026-09-08 09:30:00,TSM,438.02,444.29,433.72,441.335,8220347
2026-09-08 13:30:00,TSM,441.37,441.46,438.04,439.01,3705674
2026-09-09 09:30:00,TSM,434.46,439.4,431.87,434.835,4014143
2026-09-09 13:30:00,TSM,434.835,435.845,433.2866,435.43,2615288
2026-09-10 09:30:00,TSM,426.44,432.5299,424.05,430.73,5134012
2026-09-10 13:30:00,TSM,430.755,431.15,427.74,428.24,1900540
2026-09-11 09:30:00,TSM,431.55,435.37,428.9,433.11,5466774
2026-09-11 13:30:00,TSM,433.085,433.62,431.69,433.24,2113123
2026-09-14 09:30:00,TSM,416.11,423.84,416.01,421.33,7859152
2026-09-14 13:30:00,TSM,421.29,424.45,418.25,418.445,3227799
2026-09-15 09:30:00,TSM,421.94,421.94,412.55,413.611,4935788
2026-09-15 13:30:00,TSM,413.605,414.955,413.08,413.83,3392225
2026-09-16 09:30:00,TSM,418.2,419.58,416.77,417.285,6064094
2026-09-16 13:30:00,TSM,417.32,419.85,413.88,417.89,2814095
2026-09-17 09:30:00,TSM,424.4,428.6,423.39,428.57,4720427
2026-09-17 13:30:00,TSM,428.57,430.53,428.23,430.14,3174342
2026-09-18 09:30:00,TSM,429.04,434.8165,428.98,430.38,4175257
2026-09-18 13:30:00,TSM,430.415,434.76,429.2501,434.54,2938126
2026-09-21 09:30:00,TSM,440.8,443.38,437.06,441.905,5371358
2026-09-21 13:30:00,TSM,441.905,445.72,441.905,445.15,3260693
2026-09-22 09:30:00,TSM,441.22,448.59,441.2,447.89,4389714
2026-09-22 13:30:00,TSM,447.87,452.88,447.48,452.05,4537760
2026-09-23 09:30:00,TSM,449.79,450.88,442.87,444.81,6268344
2026-09-23 13:30:00,TSM,444.775,448.09,444.7318,446.68,2367933
2026-09-24 09:30:00,TSM,441.775,452.56,440.6,450.43,4203512
2026-09-24 13:30:00,TSM,450.38,451.215,447.3,451.05,2107088
2026-09-25 09:30:00,TSM,452.395,455.03,449.01,451.26,3585231
2026-09-25 13:30:00,TSM,451.29,451.83,450.22,450.58,2150389
2026-09-28 09:30:00,TSM,448.39,455.2718,443.11,453.055,4563261
2026-09-28 13:30:00,TSM,453.12,454.52,451.9,452.89,2018791
2026-09-29 09:30:00,TSM,452.16,458.1,447.07,457.86,5783234
2026-09-29 13:30:00,TSM,457.86,459.43,456.56,457.05,2562568
2026-09-30 09:30:00,TSM,456.74,461.87,454.9,458.72,5354893
2026-09-30 13:30:00,TSM,458.72,458.85,455.8,456.28,2267399
2026-10-01 09:30:00,TSM,457.265,458.815,453.461,458.71,4369492
2026-10-01 13:30:00,TSM,458.725,460.415,457.45,459.27,2648818
2026-10-02 09:30:00,TSM,465.64,474.2,464.1,470.135,5710569
2026-10-02 13:30:00,TSM,470.09,474.79,468.74,472.91,3184403
2026-10-05 09:30:00,TSM,478.77,485.8,476.4001,485.776,6880147
2026-10-05 13:30:00,TSM,485.755,487.47,485.13,485.91,3127992
2026-10-06 09:30:00,TSM,484.23,486.0,482.26,484.125,5158970
2026-10-06 13:30:00,TSM,484.06,484.86,481.48,482.39,2514201
2026-10-07 09:30:00,TSM,472.58,475.7992,471.3,473.62,4475693
2026-10-07 13:30:00,TSM,473.635,474.07,471.3,472.15,1953551
2026-10-08 09:30:00,TSM,466.32,471.19,452.88,454.58,6043046
2026-10-08 13:30:00,TSM,454.64,458.31,454.3,458.05,4104867
2026-05-18 09:30:00,SMCI,31.25,31.3,29.52,30.305,16668963
2026-05-18 13:30:00,SMCI,30.305,30.885,29.86,30.86,8133817
2026-05-19 09:30:00,SMCI,30.26,31.345,29.465,31.235,13680098
2026-05-19 13:30:00,SMCI,31.23,31.3,30.47,30.57,6323905
2026-05-20 09:30:00,SMCI,31.05,33.825,30.87,33.61,26097800
2026-05-20 13:30:00,SMCI,33.63,33.96,33.16,33.46,8850347
2026-05-21 09:30:00,SMCI,32.93,33.79,32.26,32.69,16610777
2026-05-21 13:30:00,SMCI,32.68,33.49,32.66,33.45,8302654
2026-05-22 09:30:00,SMCI,33.8,35.825,33.69,35.72,24539965
2026-05-22 13:30:00,SMCI,35.75,35.935,35.29,35.58,11568867
2026-05-26 09:30:00,SMCI,36.0,37.885,35.4347,37.43,26782501
2026-05-26 13:30:00,SMCI,37.438,37.91,36.78,37.085,11832748
2026-05-27 09:30:00,SMCI,38.46,38.815,36.76,37.885,24750674
2026-05-27 13:30:00,SMCI,37.89,38.22,37.42,38.19,8026910
2026-05-28 09:30:00,SMCI,38.0,43.54,37.61,42.115,52570218
2026-05-28 13:30:00,SMCI,42.115,42.155,41.265,41.31,12710576
2026-05-29 09:30:00,SMCI,44.28,48.34,44.17,45.54,70923956
2026-05-29 13:30:00,SMCI,45.54,46.29,45.15,46.1,15700593
2026-06-01 09:30:00,SMCI,45.74,47.83,45.6875,47.818,32671486
2026-06-01 13:30:00,SMCI,47.82,48.06,46.85,46.88,11988758
2026-06-02 09:30:00,SMCI,48.7,51.4,48.56,49.33,41072243
2026-06-02 13:30:00,SMCI,49.34,50.4,49.3,50.17,10462598
2026-06-03 09:30:00,SMCI,49.46,50.02,45.66,45.97,33064983
2026-06-03 13:30:00,SMCI,45.9678,47.5,45.86,47.42,12331521
2026-06-04 09:30:00,SMCI,45.26,47.75,45.21,47.15,21894349
2026-06-04 13:30:00,SMCI,47.145,47.84,46.87,46.89,7812850
2026-06-05 09:30:00,SMCI,45.0,45.25,41.06,41.8999,30446854
2026-06-05 13:30:00,SMCI,41.895,42.14,41.0401,41.63,12946860
2026-06-08 09:30:00,SMCI,43.8,44.45,42.19,44.45,19622446
2026-06-08 13:30:00,SMCI,44.445,44.73,43.56,43.97,9301635
2026-06-09 09:30:00,SMCI,44.9,44.9,38.04,39.86,28647247
2026-06-09 13:30:00,SMCI,39.86,40.645,39.515,40.63,9650663
2026-06-10 09:30:00,SMCI,35.6,36.5001,32.34,32.55,77493593
2026-06-10 13:30:00,SMCI,32.545,32.69,29.14,29.245,98081854
2026-06-11 09:30:00,SMCI,29.225,30.5,28.61,30.175,184760563
2026-06-11 13:30:00,SMCI,30.175,32.05,29.88,31.96,50370123
2026-06-12 09:30:00,SMCI,30.82,31.8,29.45,30.5601,58995141
2026-06-12 13:30:00,SMCI,30.57,30.68,30.1009,30.46,19375642
2026-06-15 09:30:00,SMCI,31.7199,32.07,30.81,31.09,42213054
2026-06-15 13:30:00,SMCI,31.085,31.21,30.722,30.855,13030475
2026-06-16 09:30:00,SMCI,30.67,30.7,29.12,29.8,31304608
2026-06-16 13:30:00,SMCI,29.795,30.515,29.13,29.23,16534754
2026-06-17 09:30:00,SMCI,29.76,29.818,28.97,29.01,21608524
2026-06-17 13:30:00,SMCI,29.02,29.39,27.72,27.795,27853614
2026-06-18 09:30:00,SMCI,28.44,30.675,28.28,30.545,39224776
2026-06-18 13:30:00,SMCI,30.5489,30.91,30.15,30.66,19276518
2026-06-22 09:30:00,SMCI,32.3298,35.81,32.3,35.375,80929150
2026-06-22 13:30:00,SMCI,35.375,36.8,35.26,35.46,36075325
2026-06-23 09:30:00,SMCI,33.5,34.41,33.03,33.81,37460906
2026-06-23 13:30:00,SMCI,33.81,33.82,32.805,33.32,15422177
2026-06-24 09:30:00,SMCI,33.32,33.98,31.84,32.03,28615227
2026-06-24 13:30:00,SMCI,32.04,32.47,31.3901,32.455,15083793
2026-06-25 09:30:00,SMCI,33.34,33.68,31.415,31.925,29474819
2026-06-25 13:30:00,SMCI,31.93,32.09,31.3594,31.7,9623591
2026-06-26 09:30:00,SMCI,30.93,31.71,30.64,30.7707,20058910
2026-06-26 13:30:00,SMCI,30.77,30.85,30.28,30.63,10588068
2026-06-29 09:30:00,SMCI,31.125,31.22,29.22,30.45,22937687
2026-06-29 13:30:00,SMCI,30.44,30.51,27.75,28.14,60385466
2026-06-30 09:30:00,SMCI,28.41,29.78,28.17,29.69,28986771
2026-06-30 13:30:00,SMCI,29.695,29.9099,29.14,29.335,18185015
2026-07-01 09:30:00,SMCI,28.2,28.63,27.48,28.515,28683388
2026-07-01 13:30:00,SMCI,28.515,28.56,27.65,27.65,14196387
2026-07-02 09:30:00,SMCI,28.06,29.21,26.81,26.975,28494025
2026-07-02 13:30:00,SMCI,26.975,27.275,26.7,27.22,11214630
2026-07-06 09:30:00,SMCI,27.475,27.7392,27.065,27.065,18817322
2026-07-06 13:30:00,SMCI,27.07,27.22,26.74,27.1901,8812466
2026-07-07 09:30:00,SMCI,26.58,26.97,25.405,26.4277,24903531
2026-07-07 13:30:00,SMCI,26.43,26.545,25.85,26.2399,9968814
2026-07-08 09:30:00,SMCI,26.14,27.48,26.03,27.225,19973665
2026-07-08 13:30:00,SMCI,27.23,28.21,27.2,28.175,13245294
2026-07-09 09:30:00,SMCI,28.7177,29.12,28.185,28.745,22057186
2026-07-09 13:30:00,SMCI,28.75,28.85,28.205,28.225,8275244
2026-07-10 09:30:00,SMCI,28.28,28.99,27.91,28.805,14588441
2026-07-10 13:30:00,SMCI,28.805,29.0,28.28,28.33,7520740
2026-07-13 09:30:00,SMCI,27.611,28.2399,27.35,27.49,13398642
2026-07-13 13:30:00,SMCI,27.48,27.695,27.215,27.67,7189326
2026-07-14 09:30:00,SMCI,27.97,28.13,27.32,27.8,11643136
2026-07-14 13:30:00,SMCI,27.815,27.985,27.37,27.635,6609811
2026-07-15 09:30:00,SMCI,28.13,28.35,26.175,26.645,16559005
2026-07-15 13:30:00,SMCI,26.65,27.2086,26.595,26.885,6479206
2026-07-16 09:30:00,SMCI,26.52,26.89,24.95,25.17,18314358
2026-07-16 13:30:00,SMCI,25.165,25.185,24.655,24.685,12747997
2026-07-17 09:30:00,SMCI,24.3,25.15,23.38,25.15,21756979
2026-07-17 13:30:00,SMCI,25.15,25.17,24.145,24.17,8120398
2026-07-20 09:30:00,SMCI,24.345,24.5399,23.772,24.185,14652891
2026-07-20 13:30:00,SMCI,24.19,24.43,23.795,23.8255,7707787
2026-07-21 09:30:00,SMCI,24.7,25.435,24.33,25.235,14812390
2026-07-21 13:30:00,SMCI,25.235,25.54,25.085,25.49,8815142
2026-07-22 09:30:00,SMCI,28.99,32.2844,28.5,31.3599,124907521
2026-07-22 13:30:00,SMCI,31.35,31.41,30.27,30.5398,29413976
2026-07-23 09:30:00,SMCI,30.355,32.585,30.18,32.375,56720670
2026-07-23 13:30:00,SMCI,32.37,32.45,30.72,31.23,22950267
2026-07-24 09:30:00,SMCI,30.58,31.33,29.28,30.91,32560102
2026-07-24 13:30:00,SMCI,30.9104,31.08,29.9,30.11,13863495
2026-07-27 09:30:00,SMCI,30.61,30.94,28.5,28.925,24953869
2026-07-27 13:30:00,SMCI,28.93,29.84,28.775,29.8,8147511
2026-07-28 09:30:00,SMCI,28.61,28.86,27.13,28.285,24345626
2026-07-28 13:30:00,SMCI,28.285,28.65,28.135,28.455,7940326
2026-07-29 09:30:00,SMCI,28.035,28.07,26.35,26.71,17868927
2026-07-29 13:30:00,SMCI,26.72,27.52,25.68,25.71,18784507
2026-07-30 09:30:00,SMCI,26.8,28.1699,26.6501,27.785,25563138
2026-07-30 13:30:00,SMCI,27.785,27.98,27.54,27.72,8210249
2026-07-31 09:30:00,SMCI,28.65,29.3,27.21,28.225,22566239
2026-07-31 13:30:00,SMCI,28.22,28.56,28.12,28.4,8623218
2026-08-03 09:30:00,SMCI,28.0147,28.9,27.44,28.7,14282898
2026-08-03 13:30:00,SMCI,28.71,28.925,28.52,28.65,7161958
2026-08-04 09:30:00,SMCI,29.6,31.585,29.07,31.5,29783749
2026-08-04 13:30:00,SMCI,31.5,31.8397,31.31,31.7,17568718
2026-08-05 09:30:00,SMCI,31.185,31.7,30.42,31.37,23472305
2026-08-05 13:30:00,SMCI,31.355,31.45,30.3,30.32,8179870
2026-08-06 09:30:00,SMCI,29.955,30.935,29.33,30.075,16570181
2026-08-06 13:30:00,SMCI,30.07,30.19,29.34,29.385,7624528
2026-08-07 09:30:00,SMCI,29.94,30.93,29.68,30.715,17541938
2026-08-07 13:30:00,SMCI,30.72,31.34,30.675,31.1,10613569
2026-08-10 09:30:00,SMCI,31.99,33.3856,31.67,31.82,40946725
2026-08-10 13:30:00,SMCI,31.82,32.03,31.425,31.45,11741030
2026-08-11 09:30:00,SMCI,31.985,32.36,31.37,31.475,33432633
2026-08-11 13:30:00,SMCI,31.48,31.75,30.92,31.68,25467526
2026-08-12 09:30:00,SMCI,34.99,37.495,33.9401,37.47,112645483
2026-08-12 13:30:00,SMCI,37.465,38.15,37.03,37.56,42901887
2026-08-13 09:30:00,SMCI,38.29,42.3,38.2,40.1402,92177562
2026-08-13 13:30:00,SMCI,40.1499,40.2,39.045,39.14,23380743
2026-08-14 09:30:00,SMCI,39.14,40.6,38.73,39.425,38124597
2026-08-14 13:30:00,SMCI,39.43,40.375,39.3744,39.84,19075930
2026-08-17 09:30:00,SMCI,39.31,39.51,37.68,37.9587,34429805
2026-08-17 13:30:00,SMCI,37.955,38.8,37.7702,38.275,15084553
2026-08-18 09:30:00,SMCI,37.115,38.16,36.22,37.735,31409617
2026-08-18 13:30:00,SMCI,37.73,37.73,37.085,37.41,14988671
2026-08-19 09:30:00,SMCI,37.16,37.685,35.72,37.205,23442324
2026-08-19 13:30:00,SMCI,37.21,37.5,36.424,36.58,9283636
2026-08-20 09:30:00,SMCI,36.88,38.74,35.582,36.12,32213482
2026-08-20 13:30:00,SMCI,36.12,37.2,36.09,36.49,14828843
2026-08-21 09:30:00,SMCI,37.15,37.67,36.42,36.875,22080384
2026-08-21 13:30:00,SMCI,36.875,37.49,36.76,37.24,12280445
2026-08-24 09:30:00,SMCI,36.53,36.7,34.09,35.45,26988032
2026-08-24 13:30:00,SMCI,35.45,35.755,34.945,35.145,10356805
2026-08-25 09:30:00,SMCI,36.145,38.53,36.01,38.195,31593251
2026-08-25 13:30:00,SMCI,38.1976,38.6,35.17,38.46,11901337
2026-08-26 09:30:00,SMCI,38.0,38.27,37.5,37.875,16629768
2026-08-26 13:30:00,SMCI,37.87,38.01,37.23,37.415,12010517
2026-08-27 09:30:00,SMCI,38.68,39.47,37.48,38.725,28223718
2026-08-27 13:30:00,SMCI,38.725,38.7673,38.01,38.455,9380493
2026-08-28 09:30:00,SMCI,38.015,38.97,36.87,37.0619,19257551
2026-08-28 13:30:00,SMCI,37.0699,37.5,37.0001,37.08,7705168
2026-08-31 09:30:00,SMCI,36.2712,37.59,36.12,37.29,13953637
2026-08-31 13:30:00,SMCI,37.2836,37.4692,37.11,37.28,6335458
2026-09-01 09:30:00,SMCI,36.39,37.15,35.72,36.46,15271304
2026-09-01 13:30:00,SMCI,36.465,37.05,36.14,36.72,7680112
2026-09-02 09:30:00,SMCI,37.65,37.88,35.63,36.39,21595954
2026-09-02 13:30:00,SMCI,36.395,37.1,36.2101,37.0,8395971
2026-09-03 09:30:00,SMCI,36.5,37.885,35.75,37.82,21909641
2026-09-03 13:30:00,SMCI,37.81,38.22,37.6,37.86,10359794
2026-09-04 09:30:00,SMCI,38.21,40.8862,37.92,40.655,32800201
2026-09-04 13:30:00,SMCI,40.6501,40.91,39.235,39.59,16510608
2026-09-08 09:30:00,SMCI,39.732,41.53,39.68,40.855,27488394
2026-09-08 13:30:00,SMCI,40.86,41.065,40.22,40.255,11879241
2026-09-09 09:30:00,SMCI,39.96,40.175,38.92,38.995,20760573
2026-09-09 13:30:00,SMCI,38.99,39.35,38.835,38.92,6822112
2026-09-10 09:30:00,SMCI,37.905,39.26,37.7601,38.415,15951356
2026-09-10 13:30:00,SMCI,38.41,38.42,37.37,37.39,7537124
2026-09-11 09:30:00,SMCI,37.82,40.445,37.56,39.22,31796481
2026-09-11 13:30:00,SMCI,39.225,40.23,39.15,40.1,12036600
2026-09-14 09:30:00,SMCI,37.42,38.095,36.38,37.84,25753376
2026-09-14 13:30:00,SMCI,37.84,37.87,36.69,36.73,10097271
2026-09-15 09:30:00,SMCI,36.74,37.5496,35.925,36.15,15686370
2026-09-15 13:30:00,SMCI,36.145,36.3299,35.57,35.645,7592496
2026-09-16 09:30:00,SMCI,35.86,36.99,35.72,36.84,14651836
2026-09-16 13:30:00,SMCI,36.835,37.12,35.36,36.85,14683897
2026-09-17 09:30:00,SMCI,38.09,41.005,37.82,40.625,47337500
2026-09-17 13:30:00,SMCI,40.625,40.8,40.25,40.345,11016393
2026-09-18 09:30:00,SMCI,40.29,40.41,38.32,38.875,25771857
2026-09-18 13:30:00,SMCI,38.875,39.16,38.55,39.09,11044986
2026-09-21 09:30:00,SMCI,40.63,41.7199,40.0,41.345,31646398
2026-09-21 13:30:00,SMCI,41.345,41.4158,40.8099,41.185,12352607
2026-09-22 09:30:00,SMCI,41.26,41.4,40.45,40.815,16675287
2026-09-22 13:30:00,SMCI,40.82,41.7399,40.7,41.525,11160138
2026-09-23 09:30:00,SMCI,42.32,42.7,40.8,41.52,29017403
2026-09-23 13:30:00,SMCI,41.52,41.75,41.16,41.43,8175453
2026-09-24 09:30:00,SMCI,40.435,41.535,39.85,41.4932,19085532
2026-09-24 13:30:00,SMCI,41.4957,42.28,41.12,41.505,12267811
2026-09-25 09:30:00,SMCI,42.015,43.58,41.9,43.14,34868912
2026-09-25 13:30:00,SMCI,43.14,43.7599,42.905,43.26,12351647
2026-09-28 09:30:00,SMCI,42.7925,43.06,40.96,42.09,22005984
2026-09-28 13:30:00,SMCI,42.095,42.225,41.7,41.785,5168763
2026-09-29 09:30:00,SMCI,42.52,42.69,41.1,41.185,16041440
2026-09-29 13:30:00,SMCI,41.1826,41.57,40.86,41.03,6267425
2026-09-30 09:30:00,SMCI,42.165,42.68,40.475,40.635,18610406
2026-09-30 13:30:00,SMCI,40.63,41.39,40.47,41.06,9026487
2026-10-01 09:30:00,SMCI,40.89,41.615,40.13,41.595,14176757
2026-10-01 13:30:00,SMCI,41.6,42.02,41.42,41.925,9873103
2026-10-02 09:30:00,SMCI,42.775,44.585,42.28,43.04,30005145
2026-10-02 13:30:00,SMCI,43.04,43.89,43.025,43.68,10371468
2026-10-05 09:30:00,SMCI,43.62,44.049,42.802,43.445,13071607
2026-10-05 13:30:00,SMCI,43.4436,43.6,42.88,43.2,6336312
2026-10-06 09:30:00,SMCI,43.885,44.74,43.02,43.61,17857261
2026-10-06 13:30:00,SMCI,43.62,43.8,43.18,43.45,7630126
2026-10-07 09:30:00,SMCI,42.52,44.945,42.46,44.7725,21290338
2026-10-07 13:30:00,SMCI,44.765,45.765,44.45,44.93,15773276
2026-10-08 09:30:00,SMCI,44.035,44.31,41.875,42.0286,24354634
2026-10-08 13:30:00,SMCI,42.025,42.92,41.875,42.7788,10220895
2026-05-18 09:30:00,SOFI,15.48,16.32,15.41,15.635,42933790
2026-05-18 13:30:00,SOFI,15.6306,15.725,15.34,15.7,20776667
2026-05-19 09:30:00,SOFI,15.48,15.48,14.92,15.32,43219124
2026-05-19 13:30:00,SOFI,15.3199,15.405,15.21,15.215,16448246
2026-05-20 09:30:00,SOFI,15.365,15.68,15.03,15.665,28604457
2026-05-20 13:30:00,SOFI,15.67,15.72,15.515,15.68,13444348
2026-05-21 09:30:00,SOFI,15.62,15.65,15.35,15.5992,25271182
2026-05-21 13:30:00,SOFI,15.595,15.785,15.57,15.655,20264950
2026-05-22 09:30:00,SOFI,15.73,15.93,15.36,15.7801,36461214
2026-05-22 13:30:00,SOFI,15.79,15.8,15.56,15.62,18709827
2026-05-26 09:30:00,SOFI,16.48,16.95,15.92,15.975,55839915
2026-05-26 13:30:00,SOFI,15.975,16.04,15.86,15.98,18505323
2026-05-27 09:30:00,SOFI,16.02,16.69,16.01,16.225,43800937
2026-05-27 13:30:00,SOFI,16.2201,16.34,16.11,16.17,18063355
2026-05-28 09:30:00,SOFI,15.9973,16.93,15.82,16.835,39841154
2026-05-28 13:30:00,SOFI,16.8386,17.08,16.83,16.975,25872933
2026-05-29 09:30:00,SOFI,18.24,18.58,17.68,18.5115,104585751
2026-05-29 13:30:00,SOFI,18.515,18.54,18.04,18.235,33151372
2026-06-01 09:30:00,SOFI,18.15,18.7954,17.69,18.69,66014140
2026-06-01 13:30:00,SOFI,18.69,18.76,18.44,18.55,26134055
2026-06-02 09:30:00,SOFI,18.04,18.23,17.78,17.8499,45499489
2026-06-02 13:30:00,SOFI,17.845,17.87,17.46,17.73,27713381
2026-06-03 09:30:00,SOFI,17.39,17.46,16.58,16.6826,46079532
2026-06-03 13:30:00,SOFI,16.6801,16.88,16.62,16.68,23502653
2026-06-04 09:30:00,SOFI,16.66,17.23,16.585,17.035,36778267
2026-06-04 13:30:00,SOFI,17.035,17.18,16.68,17.16,20181787
2026-06-05 09:30:00,SOFI,16.722,16.99,15.78,15.9099,45661680
2026-06-05 13:30:00,SOFI,15.915,16.1,15.68,16.04,31240957
2026-06-08 09:30:00,SOFI,16.18,16.66,15.955,16.5187,49023303
2026-06-08 13:30:00,SOFI,16.5199,16.6,16.365,16.5,25763505
2026-06-09 09:30:00,SOFI,16.4,17.1,15.6514,16.1,50221298
2026-06-09 13:30:00,SOFI,16.0973,16.56,16.0701,16.48,26798050
2026-06-10 09:30:00,SOFI,16.21,16.7199,15.99,16.04,52299095
2026-06-10 13:30:00,SOFI,16.045,16.07,15.83,15.88,30778855
2026-06-11 09:30:00,SOFI,15.8,16.12,15.655,16.09,38997260
2026-06-11 13:30:00,SOFI,16.09,16.69,16.03,16.67,26077398
2026-06-12 09:30:00,SOFI,16.85,16.9,16.23,16.475,32749635
2026-06-12 13:30:00,SOFI,16.48,16.6,16.4212,16.585,14288695
2026-06-15 09:30:00,SOFI,17.295,17.43,17.01,17.1201,45285271
2026-06-15 13:30:00,SOFI,17.125,17.32,17.085,17.115,25524519
2026-06-16 09:30:00,SOFI,17.215,18.04,17.112,17.815,62847529
2026-06-16 13:30:00,SOFI,17.8186,18.08,17.69,17.705,38926449
2026-06-17 09:30:00,SOFI,17.81,18.7,17.78,18.5643,72260378
2026-06-17 13:30:00,SOFI,18.565,18.6199,17.36,17.4001,44226805
2026-06-18 09:30:00,SOFI,17.825,17.99,17.265,17.8,45559666
2026-06-18 13:30:00,SOFI,17.805,17.981,17.69,17.905,27797505
2026-06-22 09:30:00,SOFI,17.582,18.06,17.1,17.2611,46150493
2026-06-22 13:30:00,SOFI,17.265,17.415,17.07,17.09,25511226
2026-06-23 09:30:00,SOFI,16.735,17.68,16.73,17.505,50608827
2026-06-23 13:30:00,SOFI,17.5099,17.52,17.14,17.29,34848266
2026-06-24 09:30:00,SOFI,17.24,18.43,17.18,17.605,78005520
2026-06-24 13:30:00,SOFI,17.605,17.645,17.225,17.32,38472529
2026-06-25 09:30:00,SOFI,17.39,17.575,16.82,17.435,53003366
2026-06-25 13:30:00,SOFI,17.4399,17.47,17.23,17.29,32413032
2026-06-26 09:30:00,SOFI,17.01,17.97,16.99,17.795,49683167
2026-06-26 13:30:00,SOFI,17.8,17.97,17.53,17.8502,32323743
2026-06-29 09:30:00,SOFI,18.2,18.215,17.5,17.9823,47346006
2026-06-29 13:30:00,SOFI,17.98,18.3,17.96,18.175,25625949
2026-06-30 09:30:00,SOFI,18.07,18.24,17.715,18.12,43734114
2026-06-30 13:30:00,SOFI,18.125,18.16,17.84,17.93,26987039
2026-07-01 09:30:00,SOFI,18.14,18.755,17.96,18.7299,47365012
2026-07-01 13:30:00,SOFI,18.7201,18.83,18.42,18.42,30261932
2026-07-02 09:30:00,SOFI,18.7,19.19,17.765,18.0001,54641336
2026-07-02 13:30:00,SOFI,18.0001,18.27,17.91,18.26,22925780
2026-07-06 09:30:00,SOFI,18.36,19.12,18.32,18.82,46822319
2026-07-06 13:30:00,SOFI,18.825,18.8599,18.57,18.605,30708003
2026-07-07 09:30:00,SOFI,18.6,18.75,17.85,18.145,45946441
2026-07-07 13:30:00,SOFI,18.1498,18.19,17.7,17.755,28156674
2026-07-08 09:30:00,SOFI,17.34,17.6,17.08,17.525,52085042
2026-07-08 13:30:00,SOFI,17.53,17.75,17.4,17.74,35089674
2026-07-09 09:30:00,SOFI,17.75,18.39,17.71,18.3254,37333731
2026-07-09 13:30:00,SOFI,18.325,18.63,18.265,18.61,29795912
2026-07-10 09:30:00,SOFI,19.14,19.74,18.62,18.795,64257424
2026-07-10 13:30:00,SOFI,18.795,18.8498,18.66,18.795,24897116
2026-07-13 09:30:00,SOFI,18.99,19.2399,18.1201,18.19,55601540
2026-07-13 13:30:00,SOFI,18.1914,18.3,18.045,18.13,38612399
2026-07-14 09:30:00,SOFI,18.21,18.84,18.14,18.6673,52315559
2026-07-14 13:30:00,SOFI,18.665,18.75,18.43,18.555,31810480
2026-07-15 09:30:00,SOFI,18.79,18.98,17.8301,18.085,44278975
2026-07-15 13:30:00,SOFI,18.085,18.15,17.76,17.89,24396140
2026-07-16 09:30:00,SOFI,17.755,17.925,17.43,17.51,39989359
2026-07-16 13:30:00,SOFI,17.5167,17.53,17.22,17.325,28266026
2026-07-17 09:30:00,SOFI,16.88,17.49,16.4703,17.465,51932864
2026-07-17 13:30:00,SOFI,17.4699,17.57,17.23,17.285,36414548
2026-07-20 09:30:00,SOFI,17.42,17.45,16.9705,17.2799,41476488
2026-07-20 13:30:00,SOFI,17.2798,17.425,16.99,17.03,36962850
2026-07-21 09:30:00,SOFI,17.08,17.46,17.06,17.365,46168734
2026-07-21 13:30:00,SOFI,17.3637,17.665,17.26,17.655,34373396
2026-07-22 09:30:00,SOFI,17.48,17.615,16.96,17.115,48498293
2026-07-22 13:30:00,SOFI,17.115,17.175,17.01,17.09,38186575
2026-07-23 09:30:00,SOFI,16.89,17.06,16.47,16.735,51789993
2026-07-23 13:30:00,SOFI,16.73,16.735,16.57,16.66,19335432
2026-07-24 09:30:00,SOFI,16.72,16.82,16.33,16.5802,50054710
2026-07-24 13:30:00,SOFI,16.585,16.6399,16.4,16.48,41250762
2026-07-27 09:30:00,SOFI,16.93,17.5,16.69,16.945,44194697
2026-07-27 13:30:00,SOFI,16.945,17.0199,16.77,16.87,19278612
2026-07-28 09:30:00,SOFI,16.55,16.85,16.17,16.705,54440283
2026-07-28 13:30:00,SOFI,16.705,16.735,16.55,16.72,24858947
2026-07-29 09:30:00,SOFI,15.495,15.77,14.88,15.5201,137348390
2026-07-29 13:30:00,SOFI,15.52,15.77,15.2,15.235,50174698
2026-07-30 09:30:00,SOFI,15.32,16.22,15.26,16.21,51252915
2026-07-30 13:30:00,SOFI,16.2001,16.48,16.1,16.45,27402607
2026-07-31 09:30:00,SOFI,16.42,16.5,15.8314,16.365,35243241
2026-07-31 13:30:00,SOFI,16.3699,16.425,16.295,16.3099,18098928
2026-08-03 09:30:00,SOFI,16.55,17.83,16.47,17.8113,48247476
2026-08-03 13:30:00,SOFI,17.81,18.08,17.74,18.025,27487702
2026-08-04 09:30:00,SOFI,18.26,18.6,18.12,18.58,35193320
2026-08-04 13:30:00,SOFI,18.585,18.71,18.48,18.685,21248055
2026-08-05 09:30:00,SOFI,18.765,18.8599,18.4,18.465,35816629
2026-08-05 13:30:00,SOFI,18.465,18.55,18.23,18.265,17700932
2026-08-06 09:30:00,SOFI,17.942,18.49,17.895,18.195,28047546
2026-08-06 13:30:00,SOFI,18.195,18.24,18.03,18.1,14837354
2026-08-07 09:30:00,SOFI,18.47,18.535,18.025,18.18,27253301
2026-08-07 13:30:00,SOFI,18.1701,18.4,18.13,18.38,21817992
2026-08-10 09:30:00,SOFI,18.378,18.435,17.99,18.1744,21581168
2026-08-10 13:30:00,SOFI,18.1725,18.34,18.09,18.105,13551663
2026-08-11 09:30:00,SOFI,18.16,18.41,17.83,17.895,24859523
2026-08-11 13:30:00,SOFI,17.89,18.03,17.83,17.985,11521878
2026-08-12 09:30:00,SOFI,18.355,18.4,17.65,17.905,22866904
2026-08-12 13:30:00,SOFI,17.9001,18.04,17.86,17.94,10617179
2026-08-13 09:30:00,SOFI,18.08,18.3,17.88,18.265,24929555
2026-08-13 13:30:00,SOFI,18.26,18.65,18.25,18.415,26093530
2026-08-14 09:30:00,SOFI,18.47,18.58,18.28,18.4217,16627003
2026-08-14 13:30:00,SOFI,18.42,18.48,18.28,18.29,10499148
2026-08-17 09:30:00,SOFI,18.69,18.96,18.21,18.235,26452920
2026-08-17 13:30:00,SOFI,18.235,18.46,18.17,18.3205,40085532
2026-08-18 09:30:00,SOFI,17.935,18.31,17.87,17.955,19548180
2026-08-18 13:30:00,SOFI,17.9501,17.96,17.64,17.66,10236459
2026-08-19 09:30:00,SOFI,17.855,18.72,17.8405,18.3857,27412114
2026-08-19 13:30:00,SOFI,18.385,18.56,18.34,18.435,11069998
2026-08-20 09:30:00,SOFI,18.92,18.99,17.72,17.895,30688536
2026-08-20 13:30:00,SOFI,17.89,17.985,17.83,17.905,10863483
2026-08-21 09:30:00,SOFI,18.18,19.17,18.065,18.97,44177724
2026-08-21 13:30:00,SOFI,18.97,19.0,18.82,18.9089,15012690
2026-08-24 09:30:00,SOFI,18.73,18.888,18.38,18.415,20348885
2026-08-24 13:30:00,SOFI,18.425,18.445,18.22,18.225,9580697
2026-08-25 09:30:00,SOFI,18.32,18.94,18.07,18.845,25978882
2026-08-25 13:30:00,SOFI,18.845,19.02,18.24,19.005,12355803
2026-08-26 09:30:00,SOFI,19.0,19.32,18.71,18.835,21334115
2026-08-26 13:30:00,SOFI,18.835,19.0,18.79,18.835,10911599
2026-08-27 09:30:00,SOFI,19.0064,19.47,18.59,19.165,24674768
2026-08-27 13:30:00,SOFI,19.165,19.25,19.0,19.18,10876426
2026-08-28 09:30:00,SOFI,19.205,19.49,18.21,18.225,27277535
2026-08-28 13:30:00,SOFI,18.22,18.26,18.03,18.05,15873043
2026-08-31 09:30:00,SOFI,17.75,17.955,17.55,17.83,21791839
2026-08-31 13:30:00,SOFI,17.84,17.96,17.79,17.89,10446081
2026-09-01 09:30:00,SOFI,17.522,17.66,17.1,17.185,25545359
2026-09-01 13:30:00,SOFI,17.19,17.21,16.98,17.06,13497170
2026-09-02 09:30:00,SOFI,17.05,17.91,16.92,17.7677,25871851
2026-09-02 13:30:00,SOFI,17.765,17.94,17.7301,17.835,10925449
2026-09-03 09:30:00,SOFI,18.02,18.7099,18.0,18.36,26155365
2026-09-03 13:30:00,SOFI,18.355,18.7,18.355,18.505,14030142
2026-09-04 09:30:00,SOFI,18.1,18.3289,17.96,18.17,17943444
2026-09-04 13:30:00,SOFI,18.165,18.34,18.13,18.215,8486942
2026-09-08 09:30:00,SOFI,18.22,18.35,18.06,18.07,16570474
2026-09-08 13:30:00,SOFI,18.068,18.155,17.89,18.01,11915932
2026-09-09 09:30:00,SOFI,17.96,18.01,17.35,17.45,23639048
2026-09-09 13:30:00,SOFI,17.44,17.46,17.33,17.345,10414893
2026-09-10 09:30:00,SOFI,17.03,17.39,16.93,17.3199,19556563
2026-09-10 13:30:00,SOFI,17.31,17.37,17.19,17.205,9705954
2026-09-11 09:30:00,SOFI,17.32,17.505,17.12,17.2902,15478553
2026-09-11 13:30:00,SOFI,17.295,17.33,17.23,17.3298,7369613
2026-09-14 09:30:00,SOFI,17.0,17.75,17.0,17.6405,18822261
2026-09-14 13:30:00,SOFI,17.645,17.7199,17.51,17.645,11080260
2026-09-15 09:30:00,SOFI,17.49,17.59,16.94,17.27,28342566
2026-09-15 13:30:00,SOFI,17.265,17.39,17.03,17.095,19182633
2026-09-16 09:30:00,SOFI,17.1,17.16,16.81,16.985,21456838
2026-09-16 13:30:00,SOFI,16.98,17.0464,16.53,16.85,24299805
2026-09-17 09:30:00,SOFI,17.345,17.37,16.72,16.86,26919271
2026-09-17 13:30:00,SOFI,16.855,16.88,16.7,16.74,13378990
2026-09-18 09:30:00,SOFI,16.83,17.04,16.66,17.015,25738807
2026-09-18 13:30:00,SOFI,17.01,17.06,16.92,16.965,11288287
2026-09-21 09:30:00,SOFI,17.48,17.52,16.83,16.9101,35532478
2026-09-21 13:30:00,SOFI,16.915,17.05,16.9,16.97,25252313
2026-09-22 09:30:00,SOFI,17.925,17.96,17.005,17.235,69833247
2026-09-22 13:30:00,SOFI,17.235,17.3,17.06,17.165,24725050
2026-09-23 09:30:00,SOFI,17.02,17.14,16.72,16.745,34179246
2026-09-23 13:30:00,SOFI,16.745,16.745,16.515,16.555,19164070
2026-09-24 09:30:00,SOFI,16.49,16.66,16.2,16.5899,29457450
2026-09-24 13:30:00,SOFI,16.5899,16.87,16.5601,16.7918,18324983
2026-09-25 09:30:00,SOFI,16.79,16.92,16.605,16.71,21188808
2026-09-25 13:30:00,SOFI,16.705,16.75,16.55,16.5699,7966372
2026-09-28 09:30:00,SOFI,16.32,16.42,15.915,16.05,38427918
2026-09-28 13:30:00,SOFI,16.0501,16.07,15.87,15.93,16946383
2026-09-29 09:30:00,SOFI,16.105,16.21,15.88,15.93,22776994
2026-09-29 13:30:00,SOFI,15.9246,16.03,15.86,15.915,10733352
2026-09-30 09:30:00,SOFI,15.935,16.17,15.78,15.81,27015466
2026-09-30 13:30:00,SOFI,15.805,15.89,15.71,15.715,10794659
2026-10-01 09:30:00,SOFI,15.78,16.03,15.53,15.905,23982768
2026-10-01 13:30:00,SOFI,15.905,15.99,15.73,15.825,11427563
2026-10-02 09:30:00,SOFI,16.14,16.25,15.72,15.806,29635635
2026-10-02 13:30:00,SOFI,15.81,15.91,15.72,15.755,12603815
2026-10-05 09:30:00,SOFI,15.7698,16.19,15.74,16.015,20812875
2026-10-05 13:30:00,SOFI,16.0129,16.1,15.89,15.905,17918737
2026-10-06 09:30:00,SOFI,16.02,16.165,15.89,15.935,21357995
2026-10-06 13:30:00,SOFI,15.935,15.95,15.73,15.76,13286058
2026-10-07 09:30:00,SOFI,15.56,15.67,15.4509,15.5965,21785258
2026-10-07 13:30:00,SOFI,15.6,15.69,15.55,15.66,8795345
2026-10-08 09:30:00,SOFI,15.4,15.56,15.25,15.285,27802120
2026-10-08 13:30:00,SOFI,15.285,15.65,15.285,15.62,13937242
2026-05-18 09:30:00,HOOD,76.02,79.92,75.545,76.92,12223328
2026-05-18 13:30:00,HOOD,76.9201,77.25,75.47,77.15,5891542
2026-05-19 09:30:00,HOOD,75.45,75.63,73.18,75.26,11982803
2026-05-19 13:30:00,HOOD,75.245,75.3859,74.07,74.18,5109987
2026-05-20 09:30:00,HOOD,74.84,76.1,73.75,76.01,10527615
2026-05-20 13:30:00,HOOD,76.04,76.35,75.41,75.77,4243708
2026-05-21 09:30:00,HOOD,75.125,76.311,74.65,75.915,9952254
2026-05-21 13:30:00,HOOD,75.95,76.7594,75.54,75.92,5303947
2026-05-22 09:30:00,HOOD,76.398,77.11,73.5,75.28,11809381
2026-05-22 13:30:00,HOOD,75.29,75.33,73.26,73.64,7076838
2026-05-26 09:30:00,HOOD,74.495,76.025,73.82,73.97,11778138
2026-05-26 13:30:00,HOOD,73.965,74.2,73.455,74.08,5387782
2026-05-27 09:30:00,HOOD,73.915,76.4,73.45,75.44,15715255
2026-05-27 13:30:00,HOOD,75.43,76.635,75.17,76.22,7555026
2026-05-28 09:30:00,HOOD,74.7,81.62,73.535,81.58,21799597
2026-05-28 13:30:00,HOOD,81.5958,84.9,81.5958,84.85,18788492
2026-05-29 09:30:00,HOOD,85.722,94.25,84.235,93.41,41343416
2026-05-29 13:30:00,HOOD,93.4172,94.395,91.685,94.35,16456619
2026-06-01 09:30:00,HOOD,89.94,91.74,85.5599,91.42,30019179
2026-06-01 13:30:00,HOOD,91.45,92.4,90.23,90.7,8999363
2026-06-02 09:30:00,HOOD,88.572,89.43,86.13,88.91,18396823
2026-06-02 13:30:00,HOOD,88.9,88.96,87.35,88.13,5720113
2026-06-03 09:30:00,HOOD,86.42,86.815,82.88,83.52,15066698
2026-06-03 13:30:00,HOOD,83.525,84.09,82.41,82.82,6172564
2026-06-04 09:30:00,HOOD,83.2475,87.16,82.8,87.04,18306270
2026-06-04 13:30:00,HOOD,87.0303,88.62,82.85,88.3287,9839493
2026-06-05 09:30:00,HOOD,86.57,87.3299,80.68,81.055,20444347
2026-06-05 13:30:00,HOOD,81.05,82.695,79.49,82.47,12892148
2026-06-08 09:30:00,HOOD,84.6,85.63,82.814,84.3887,12802814
2026-06-08 13:30:00,HOOD,84.3925,85.55,84.175,85.04,5562093
2026-06-09 09:30:00,HOOD,85.93,88.08,78.93,81.84,19833767
2026-06-09 13:30:00,HOOD,81.83,84.1195,81.7142,83.77,7653759
2026-06-10 09:30:00,HOOD,84.24,91.46,84.15,88.88,29290844
2026-06-10 13:30:00,HOOD,88.885,89.535,86.29,86.34,10131280
2026-06-11 09:30:00,HOOD,87.08,90.3496,85.72,89.545,21172510
2026-06-11 13:30:00,HOOD,89.53,93.64,89.3,92.25,15350914
2026-06-12 09:30:00,HOOD,92.89,96.1,90.2201,93.33,22468462
2026-06-12 13:30:00,HOOD,93.33,93.905,91.9216,93.1623,9136575
2026-06-15 09:30:00,HOOD,98.765,100.87,97.45,99.54,26570319
2026-06-15 13:30:00,HOOD,99.55,99.77,97.79,98.13,7525809
2026-06-16 09:30:00,HOOD,100.27,101.88,94.57,96.025,22222099
2026-06-16 13:30:00,HOOD,96.02,97.045,95.66,96.71,6886115
2026-06-17 09:30:00,HOOD,95.89,109.17,95.76,108.36,41206735
2026-06-17 13:30:00,HOOD,108.335,110.7279,104.85,105.21,25276983
2026-06-18 09:30:00,HOOD,107.825,109.08,103.46,107.49,24635408
2026-06-18 13:30:00,HOOD,107.48,108.31,104.92,108.17,10802387
2026-06-22 09:30:00,HOOD,108.01,112.5,106.24,106.78,21171210
2026-06-22 13:30:00,HOOD,106.77,107.41,105.275,105.685,7194424
2026-06-23 09:30:00,HOOD,102.21,105.98,101.11,105.05,29318259
2026-06-23 13:30:00,HOOD,105.05,105.5,102.4,103.21,8326854
2026-06-24 09:30:00,HOOD,102.346,104.27,97.34,97.655,18084207
2026-06-24 13:30:00,HOOD,97.63,98.3299,96.295,97.2,9083762
2026-06-25 09:30:00,HOOD,99.125,99.18,92.8,94.375,14526869
2026-06-25 13:30:00,HOOD,94.37,95.05,92.8971,93.49,6221537
2026-06-26 09:30:00,HOOD,93.2,98.3029,93.08,97.0828,15115073
2026-06-26 13:30:00,HOOD,97.1,99.44,96.2201,98.7,10565618
2026-06-29 09:30:00,HOOD,100.15,102.68,98.05,102.305,13181841
2026-06-29 13:30:00,HOOD,102.31,102.85,101.39,101.82,5557408
2026-06-30 09:30:00,HOOD,101.97,103.045,100.12,100.31,10880267
2026-06-30 13:30:00,HOOD,100.31,101.33,99.661,100.27,4563197
2026-07-01 09:30:00,HOOD,100.91,109.09,100.39,108.58,16417863
2026-07-01 13:30:00,HOOD,108.56,109.53,107.56,108.64,8974246
2026-07-02 09:30:00,HOOD,112.72,120.05,111.1501,111.96,31063163
2026-07-02 13:30:00,HOOD,111.96,113.71,110.93,112.7,7892330
2026-07-06 09:30:00,HOOD,111.41,118.35,111.41,117.28,14868566
2026-07-06 13:30:00,HOOD,117.26,118.65,115.825,117.59,8760603
2026-07-07 09:30:00,HOOD,115.78,117.85,112.53,115.065,14892513
2026-07-07 13:30:00,HOOD,115.08,115.605,112.79,112.905,4814999
2026-07-08 09:30:00,HOOD,110.865,112.99,108.89,111.6596,11005517
2026-07-08 13:30:00,HOOD,111.64,114.1299,111.25,113.58,5812036
2026-07-09 09:30:00,HOOD,112.295,117.65,111.63,116.87,11775246
2026-07-09 13:30:00,HOOD,116.87,117.05,114.77,115.09,4842122
2026-07-10 09:30:00,HOOD,119.16,119.35,108.81,113.1,19013471
2026-07-10 13:30:00,HOOD,113.125,113.49,111.44,111.97,5012679
2026-07-13 09:30:00,HOOD,111.22,113.6599,108.9201,109.57,10840654
2026-07-13 13:30:00,HOOD,109.6,110.44,108.84,109.86,4703517
2026-07-14 09:30:00,HOOD,111.145,112.77,109.095,112.7,10208978
2026-07-14 13:30:00,HOOD,112.73,113.69,111.79,113.48,6038936
2026-07-15 09:30:00,HOOD,116.28,116.6,112.12,115.23,13148670
2026-07-15 13:30:00,HOOD,115.235,116.1,114.3301,115.56,5047494
2026-07-16 09:30:00,HOOD,113.92,115.54,107.27,107.675,16512814
2026-07-16 13:30:00,HOOD,107.685,107.91,105.48,106.06,9805705
2026-07-17 09:30:00,HOOD,100.242,104.11,96.59,103.775,18352011
2026-07-17 13:30:00,HOOD,103.78,103.93,99.68,99.97,6933828
2026-07-20 09:30:00,HOOD,102.4,102.48,98.61,100.61,10929940
2026-07-20 13:30:00,HOOD,100.65,101.7295,99.13,99.31,5343633
2026-07-21 09:30:00,HOOD,102.815,108.21,102.815,107.0932,11777647
2026-07-21 13:30:00,HOOD,107.09,107.1999,105.86,106.38,4335324
2026-07-22 09:30:00,HOOD,104.72,106.885,104.34,105.74,6129892
2026-07-22 13:30:00,HOOD,105.74,106.28,104.331,104.49,3655118
2026-07-23 09:30:00,HOOD,101.88,104.1,99.32,102.94,10419649
2026-07-23 13:30:00,HOOD,102.93,103.03,101.25,101.58,4364409
2026-07-24 09:30:00,HOOD,99.84,99.97,93.03,96.105,14716074
2026-07-24 13:30:00,HOOD,96.105,96.2,94.07,94.9,6473307
2026-07-27 09:30:00,HOOD,97.0,99.4499,93.2,94.2103,10533300
2026-07-27 13:30:00,HOOD,94.21,95.85,93.9,95.66,4571414
2026-07-28 09:30:00,HOOD,92.64,93.87,88.21,93.31,13942429
2026-07-28 13:30:00,HOOD,93.26,93.6285,91.66,92.765,5835086
2026-07-29 09:30:00,HOOD,92.16,93.3199,88.83,89.97,8912740
2026-07-29 13:30:00,HOOD,89.975,93.1,88.62,89.47,9361624
2026-07-30 09:30:00,HOOD,90.912,92.535,86.21,87.765,19397086
2026-07-30 13:30:00,HOOD,87.75,88.59,86.47,86.61,7490910
2026-07-31 09:30:00,HOOD,86.131,89.48,83.68,87.145,14364068
2026-07-31 13:30:00,HOOD,87.13,88.63,86.52,86.565,6649493
2026-08-03 09:30:00,HOOD,86.56,91.89,85.3,91.6199,12097958
2026-08-03 13:30:00,HOOD,91.62,92.35,90.31,90.37,5267905
2026-08-04 09:30:00,HOOD,92.725,95.5999,90.0717,93.46,14107850
2026-08-04 13:30:00,HOOD,93.455,93.78,92.02,93.5,6294952
2026-08-05 09:30:00,HOOD,94.0075,95.55,92.3151,94.225,8797551
2026-08-05 13:30:00,HOOD,94.21,94.56,92.75,92.8,3526816
2026-08-06 09:30:00,HOOD,90.725,92.6,90.25,90.94,6483699
2026-08-06 13:30:00,HOOD,90.93,91.62,90.5096,90.7,3762798
2026-08-07 09:30:00,HOOD,92.91,95.75,92.73,92.84,9345883
2026-08-07 13:30:00,HOOD,92.82,93.67,92.52,93.275,4115378
2026-08-10 09:30:00,HOOD,93.41,94.65,92.4,94.31,6480181
2026-08-10 13:30:00,HOOD,94.32,94.97,94.01,94.52,3134973
2026-08-11 09:30:00,HOOD,94.965,95.13,92.75,93.71,6613968
2026-08-11 13:30:00,HOOD,93.75,94.48,93.08,94.39,3878999
2026-08-12 09:30:00,HOOD,97.108,97.17,93.41,94.375,7423998
2026-08-12 13:30:00,HOOD,94.35,95.68,94.24,94.915,4450480
2026-08-13 09:30:00,HOOD,96.51,100.3499,96.51,98.73,10909654
2026-08-13 13:30:00,HOOD,98.7591,99.9489,98.25,99.3701,4257696
2026-08-14 09:30:00,HOOD,97.85,98.41,96.7,96.955,7439116
2026-08-14 13:30:00,HOOD,96.96,96.98,95.44,95.53,4478530
2026-08-17 09:30:00,HOOD,94.842,96.925,93.8,96.51,6438478
2026-08-17 13:30:00,HOOD,96.53,96.6,95.875,96.25,2874793
2026-08-18 09:30:00,HOOD,93.6,94.59,92.15,93.5,7879806
2026-08-18 13:30:00,HOOD,93.5011,93.6,91.44,91.56,4182455
2026-08-19 09:30:00,HOOD,93.0,99.4299,92.19,96.9,16514151
2026-08-19 13:30:00,HOOD,96.9,97.0473,95.03,95.77,6491975
2026-08-20 09:30:00,HOOD,100.85,101.61,93.9,94.77,16997796
2026-08-20 13:30:00,HOOD,94.77,95.14,93.65,95.11,6192318
2026-08-21 09:30:00,HOOD,100.88,109.71,98.77,107.8902,36222889
2026-08-21 13:30:00,HOOD,107.8882,108.84,106.7,108.135,11672406
2026-08-24 09:30:00,HOOD,106.66,109.125,104.41,106.75,13632849
2026-08-24 13:30:00,HOOD,106.8,106.9,103.14,103.65,6415790
2026-08-25 09:30:00,HOOD,103.22,111.7,102.8,111.065,16158344
2026-08-25 13:30:00,HOOD,111.075,112.45,103.62,112.07,6565147
2026-08-26 09:30:00,HOOD,110.105,111.5895,108.25,109.1301,8350650
2026-08-26 13:30:00,HOOD,109.13,109.888,108.41,108.5,3341646
2026-08-27 09:30:00,HOOD,110.855,112.07,107.51,110.6,8497489
2026-08-27 13:30:00,HOOD,110.61,110.795,109.15,109.75,3490915
2026-08-28 09:30:00,HOOD,108.655,110.5,105.25,105.45,9897375
2026-08-28 13:30:00,HOOD,105.44,105.52,104.15,104.27,4937200
2026-08-31 09:30:00,HOOD,103.325,104.5207,100.69,104.04,10006496
2026-08-31 13:30:00,HOOD,104.06,105.47,103.675,104.81,4720492
2026-09-01 09:30:00,HOOD,105.34,106.96,103.35,104.325,16307452
2026-09-01 13:30:00,HOOD,104.3,104.476,102.45,103.48,4607746
2026-09-02 09:30:00,HOOD,103.72,107.46,101.89,105.515,10649711
2026-09-02 13:30:00,HOOD,105.48,107.215,105.11,107.02,4596873
2026-09-03 09:30:00,HOOD,113.58,124.039,113.13,123.07,36892676
2026-09-03 13:30:00,HOOD,123.15,124.88,122.54,124.71,11943169
2026-09-04 09:30:00,HOOD,120.475,124.6,119.82,123.45,16704161
2026-09-04 13:30:00,HOOD,123.43,123.55,121.84,122.07,5560863
2026-09-08 09:30:00,HOOD,125.065,125.1209,120.1,120.36,15728650
2026-09-08 13:30:00,HOOD,120.39,121.27,117.08,117.32,7640376
2026-09-09 09:30:00,HOOD,120.775,121.42,115.92,116.53,12523336
2026-09-09 13:30:00,HOOD,116.52,117.4259,115.09,115.29,4655689
2026-09-10 09:30:00,HOOD,112.58,116.3,111.95,114.6,10533347
2026-09-10 13:30:00,HOOD,114.59,114.8967,113.02,113.34,4408082
2026-09-11 09:30:00,HOOD,113.35,116.4,111.02,113.295,13679599
2026-09-11 13:30:00,HOOD,113.295,113.4691,111.92,112.57,4884577
2026-09-14 09:30:00,HOOD,112.26,116.34,112.14,114.78,11363466
2026-09-14 13:30:00,HOOD,114.785,115.44,113.66,114.32,4283275
2026-09-15 09:30:00,HOOD,111.5,112.83,108.47,110.7,13546776
2026-09-15 13:30:00,HOOD,110.7,111.41,105.8646,110.445,13373507
2026-09-16 09:30:00,HOOD,110.475,111.05,104.44,105.575,16595175
2026-09-16 13:30:00,HOOD,105.55,105.8799,101.7045,104.42,14021266
2026-09-17 09:30:00,HOOD,110.1,110.55,106.08,107.72,13659677
2026-09-17 13:30:00,HOOD,107.72,109.95,107.2101,109.81,6434635
2026-09-18 09:30:00,HOOD,113.52,119.9795,111.06,119.3999,24373807
2026-09-18 13:30:00,HOOD,119.385,120.5699,118.755,119.83,8824710
2026-09-21 09:30:00,HOOD,125.09,126.41,121.51,124.04,18970808
2026-09-21 13:30:00,HOOD,124.055,125.26,123.24,123.28,6356206
2026-09-22 09:30:00,HOOD,123.0,126.16,122.46,124.625,10035117
2026-09-22 13:30:00,HOOD,124.625,125.54,123.92,124.2,4495497
2026-09-23 09:30:00,HOOD,122.574,126.73,122.5501,124.73,12166068
2026-09-23 13:30:00,HOOD,124.72,125.4214,122.28,122.71,4350388
2026-09-24 09:30:00,HOOD,119.5,123.5596,119.091,121.41,9673620
2026-09-24 13:30:00,HOOD,121.44,121.91,120.455,120.81,3551704
2026-09-25 09:30:00,HOOD,121.31,121.9,117.53,119.095,8882698
2026-09-25 13:30:00,HOOD,119.07,119.86,118.9,119.46,3572215
2026-09-28 09:30:00,HOOD,117.95,120.17,116.06,116.85,8085463
2026-09-28 13:30:00,HOOD,116.86,117.205,116.16,116.505,3204857
2026-09-29 09:30:00,HOOD,118.83,119.1899,114.965,115.45,8210289
2026-09-29 13:30:00,HOOD,115.435,116.91,114.93,116.24,5141799
2026-09-30 09:30:00,HOOD,122.61,123.49,112.76,113.15,24434145
2026-09-30 13:30:00,HOOD,113.16,113.25,111.95,112.52,7969949
2026-10-01 09:30:00,HOOD,111.9,113.81,110.66,112.245,11025017
2026-10-01 13:30:00,HOOD,112.22,112.84,110.98,111.16,6091778
2026-10-02 09:30:00,HOOD,113.57,119.37,112.521,113.14,22328705
2026-10-02 13:30:00,HOOD,113.17,114.3792,112.44,112.74,5248338
2026-10-05 09:30:00,HOOD,114.68,115.48,112.6,113.4,11641664
2026-10-05 13:30:00,HOOD,113.3796,114.56,112.97,114.14,5681784
2026-10-06 09:30:00,HOOD,115.01,116.25,112.515,113.005,10976403
2026-10-06 13:30:00,HOOD,113.005,113.04,111.74,112.01,5071109
2026-10-07 09:30:00,HOOD,108.368,109.255,107.51,108.855,12289854
2026-10-07 13:30:00,HOOD,108.84,110.16,108.47,109.52,4658827
2026-10-08 09:30:00,HOOD,107.28,109.38,105.11,106.695,14228673
2026-10-08 13:30:00,HOOD,106.72,108.1291,106.38,107.01,6369860
2026-05-18 09:30:00,AGX,711.48,713.74,653.575,662.44,173258
2026-05-18 13:30:00,AGX,662.75,676.12,657.76,664.015,123090
2026-05-19 09:30:00,AGX,651.795,658.28,615.0,639.28,217825
2026-05-19 13:30:00,AGX,638.34,641.32,631.53,639.13,96602
2026-05-20 09:30:00,AGX,651.99,654.99,635.148,636.9,121805
2026-05-20 13:30:00,AGX,639.09,646.07,627.14,630.13,142287
2026-05-21 09:30:00,AGX,637.04,650.5,630.98,642.35,84492
2026-05-21 13:30:00,AGX,640.88,646.41,637.43,644.85,95715
2026-05-22 09:30:00,AGX,650.73,659.69,632.0,658.135,121181
2026-05-22 13:30:00,AGX,658.08,661.91,647.77,656.44,108697
2026-05-26 09:30:00,AGX,671.51,685.0,666.1,677.8601,131611
2026-05-26 13:30:00,AGX,680.105,688.94,671.24,671.24,101088
2026-05-27 09:30:00,AGX,676.12,686.62,660.0,686.5,163002
2026-05-27 13:30:00,AGX,684.9,686.5,671.3,673.56,100271
2026-05-28 09:30:00,AGX,668.28,678.28,647.0,676.895,145297
2026-05-28 13:30:00,AGX,674.0001,680.22,668.91,678.19,94723
2026-05-29 09:30:00,AGX,679.45,679.45,635.01,655.0,111865
2026-05-29 13:30:00,AGX,655.0,670.0,652.18,667.01,136691
2026-06-01 09:30:00,AGX,654.39,664.0553,636.42,655.0,114397
2026-06-01 13:30:00,AGX,653.69,664.05,644.39,646.465,105184
2026-06-02 09:30:00,AGX,644.6,670.6,644.6,649.57,106702
2026-06-02 13:30:00,AGX,650.0,664.86,648.35,663.35,100581
2026-06-03 09:30:00,AGX,662.53,685.0,652.294,682.575,128962
2026-06-03 13:30:00,AGX,681.28,693.01,679.2489,686.59,147029
2026-06-04 09:30:00,AGX,667.54,693.8,657.95,693.375,134129
2026-06-04 13:30:00,AGX,693.57,699.71,687.84,688.25,177471
2026-06-05 09:30:00,AGX,697.68,779.0,660.26,733.175,711552
2026-06-05 13:30:00,AGX,733.2,743.835,687.8148,695.06,326697
2026-06-08 09:30:00,AGX,699.25,701.0,606.51,608.77,419893
2026-06-08 13:30:00,AGX,608.77,620.0,601.2001,620.0,224807
2026-06-09 09:30:00,AGX,632.97,639.97,576.37,595.745,219188
2026-06-09 13:30:00,AGX,596.07,615.495,593.255,613.66,139506
2026-06-10 09:30:00,AGX,609.74,623.28,578.2501,595.0001,142288
2026-06-10 13:30:00,AGX,597.22,599.53,583.93,588.88,130020
2026-06-11 09:30:00,AGX,602.8,623.06,600.45,613.27,145915
2026-06-11 13:30:00,AGX,615.0,627.14,607.54,623.4,96157
2026-06-12 09:30:00,AGX,625.34,644.999,614.5,643.35,131474
2026-06-12 13:30:00,AGX,643.3675,651.9,637.8138,643.2,155901
2026-06-15 09:30:00,AGX,657.615,683.0,647.99,680.81,168099
2026-06-15 13:30:00,AGX,681.25,694.99,678.96,689.5,119555
2026-06-16 09:30:00,AGX,693.45,729.6998,693.45,703.735,215934
2026-06-16 13:30:00,AGX,703.81,706.09,688.0,690.68,92513
2026-06-17 09:30:00,AGX,695.56,729.991,695.56,728.58,111433
2026-06-17 13:30:00,AGX,729.0,738.1,716.6509,717.91,116954
2026-06-18 09:30:00,AGX,731.95,746.51,707.8646,725.96,155665
2026-06-18 13:30:00,AGX,725.94,740.54,721.55,739.34,125700
2026-06-22 09:30:00,AGX,749.0,774.99,743.65,763.0,162073
2026-06-22 13:30:00,AGX,765.82,791.38,765.82,790.06,125049
2026-06-23 09:30:00,AGX,745.63,746.34,716.4261,739.28,227823
2026-06-23 13:30:00,AGX,739.28,739.8,715.3,737.04,126430
2026-06-24 09:30:00,AGX,729.42,752.0,712.0,734.725,136560
2026-06-24 13:30:00,AGX,734.7275,739.79,724.97,731.63,125792
2026-06-25 09:30:00,AGX,746.0,780.53,735.0001,755.45,107242
2026-06-25 13:30:00,AGX,755.535,756.36,740.57,753.07,72534
2026-06-26 09:30:00,AGX,736.57,766.71,708.84,761.875,190210
2026-06-26 13:30:00,AGX,761.95,768.52,747.64,765.53,252387
2026-06-29 09:30:00,AGX,772.67,790.27,746.25,786.36,202214
2026-06-29 13:30:00,AGX,785.5896,798.0,784.25,792.29,112062
2026-06-30 09:30:00,AGX,783.85,805.75,783.49,796.0,96611
2026-06-30 13:30:00,AGX,798.5999,800.85,785.0,798.37,93217
2026-07-01 09:30:00,AGX,781.19,781.19,751.0,771.405,128442
2026-07-01 13:30:00,AGX,768.3931,773.0499,756.54,764.69,83801
2026-07-02 09:30:00,AGX,762.13,764.76,704.42,706.0425,141425
2026-07-02 13:30:00,AGX,707.489,709.445,692.055,706.82,122456
2026-07-06 09:30:00,AGX,723.62,764.43,718.2334,738.275,140294
2026-07-06 13:30:00,AGX,736.43,739.1576,718.71,726.06,92455
2026-07-07 09:30:00,AGX,704.71,704.71,631.09,659.14,224404
2026-07-07 13:30:00,AGX,659.14,664.2099,642.29,662.52,150613
2026-07-08 09:30:00,AGX,651.29,674.99,645.5,660.87,120601
2026-07-08 13:30:00,AGX,659.98,672.319,658.77,666.0425,62229
2026-07-09 09:30:00,AGX,687.02,705.85,687.02,691.4675,106073
2026-07-09 13:30:00,AGX,689.14,693.16,678.64,686.67,51149
2026-07-10 09:30:00,AGX,679.2,681.04,636.0,637.0888,126782
2026-07-10 13:30:00,AGX,638.945,650.0,630.01,630.51,136913
2026-07-13 09:30:00,AGX,615.4,621.03,590.0,593.6625,155075
2026-07-13 13:30:00,AGX,591.01,601.17,588.39,599.77,112788
2026-07-14 09:30:00,AGX,618.27,630.0,610.31,617.73,108086
2026-07-14 13:30:00,AGX,617.541,623.19,617.09,621.4,63430
2026-07-15 09:30:00,AGX,616.88,626.0,587.09,601.79,115775
2026-07-15 13:30:00,AGX,602.75,614.93,601.505,609.675,82714
2026-07-16 09:30:00,AGX,597.905,597.905,546.6,546.61,187690
2026-07-16 13:30:00,AGX,546.99,551.46,538.01,547.12,172474
2026-07-17 09:30:00,AGX,528.67,548.73,508.77,547.68,251147
2026-07-17 13:30:00,AGX,548.15,551.25,540.9035,551.13,185471
2026-07-20 09:30:00,AGX,566.0,605.44,559.53,602.25,224751
2026-07-20 13:30:00,AGX,602.61,605.19,594.49,602.555,172536
2026-07-21 09:30:00,AGX,625.26,635.76,602.0,613.55,114377
2026-07-21 13:30:00,AGX,613.22,615.44,600.38,604.89,115466
2026-07-22 09:30:00,AGX,600.7,616.02,586.25,605.305,151675
2026-07-22 13:30:00,AGX,605.725,612.02,597.93,610.27,115023
2026-07-23 09:30:00,AGX,604.02,619.65,592.63,599.305,172949
2026-07-23 13:30:00,AGX,598.08,614.0,590.62,602.38,170095
2026-07-24 09:30:00,AGX,594.6,608.7543,572.425,582.7598,98920
2026-07-24 13:30:00,AGX,582.438,583.02,564.59,568.58,95315
2026-07-27 09:30:00,AGX,568.65,574.16,523.49,531.94,129810
2026-07-27 13:30:00,AGX,532.03,542.77,532.03,542.27,142039
2026-07-28 09:30:00,AGX,520.82,524.2,483.01,516.0,200073
2026-07-28 13:30:00,AGX,515.83,527.46,508.57,522.62,172271
2026-07-29 09:30:00,AGX,522.34,523.38,488.5,499.87,132455
2026-07-29 13:30:00,AGX,498.99,512.955,490.035,492.47,139698
2026-07-30 09:30:00,AGX,522.0,565.02,522.0,564.435,218467
2026-07-30 13:30:00,AGX,564.88,583.67,558.07,580.43,255450
2026-07-31 09:30:00,AGX,594.8,604.5724,568.1541,581.635,193388
2026-07-31 13:30:00,AGX,581.885,586.102,567.61,570.43,94652
2026-08-03 09:30:00,AGX,572.46,595.1897,536.23,592.87,93326
2026-08-03 13:30:00,AGX,592.95,604.6125,592.465,592.67,66323
2026-08-04 09:30:00,AGX,604.6775,619.7,596.64,619.7,113349
2026-08-04 13:30:00,AGX,619.545,626.47,617.37,617.71,92315
2026-08-05 09:30:00,AGX,620.8,632.545,605.2755,614.68,96614
2026-08-05 13:30:00,AGX,614.86,617.69,601.79,601.82,71169
2026-08-06 09:30:00,AGX,589.94,616.715,588.865,603.61,61327
2026-08-06 13:30:00,AGX,603.655,607.23,588.2,590.99,73650
2026-08-07 09:30:00,AGX,607.0,609.97,581.7857,596.17,65009
2026-08-07 13:30:00,AGX,595.92,600.42,593.53,597.38,53345
2026-08-10 09:30:00,AGX,603.73,607.435,585.0,587.5915,109824
2026-08-10 13:30:00,AGX,588.35,590.86,577.46,581.04,107869
2026-08-11 09:30:00,AGX,588.63,603.45,584.16,584.16,129799
2026-08-11 13:30:00,AGX,584.875,588.475,578.23,578.65,110909
2026-08-12 09:30:00,AGX,602.32,608.67,575.1501,579.12,139426
2026-08-12 13:30:00,AGX,578.87,587.51,572.16,572.16,102174
2026-08-13 09:30:00,AGX,569.1,582.925,563.665,570.815,132528
2026-08-13 13:30:00,AGX,570.44,574.785,558.91,558.91,126546
2026-08-14 09:30:00,AGX,557.12,578.37,554.0703,574.695,139672
2026-08-14 13:30:00,AGX,575.0,583.0,573.5099,578.54,80995
2026-08-17 09:30:00,AGX,587.37,594.99,582.1801,590.2301,140162
2026-08-17 13:30:00,AGX,590.74,597.9899,586.92,589.33,119087
2026-08-18 09:30:00,AGX,568.56,575.4899,557.0,561.76,167394
2026-08-18 13:30:00,AGX,562.62,567.2999,549.29,552.77,183239
2026-08-19 09:30:00,AGX,554.0,557.2,513.5801,530.045,232244
2026-08-19 13:30:00,AGX,528.8134,536.4099,520.01,527.76,176441
2026-08-20 09:30:00,AGX,524.0,529.2429,502.0,505.725,99750
2026-08-20 13:30:00,AGX,506.275,518.9,504.67,516.56,99847
2026-08-21 09:30:00,AGX,521.28,523.0,499.61,503.75,93933
2026-08-21 13:30:00,AGX,503.6,510.1,501.26,501.38,106460
2026-08-24 09:30:00,AGX,496.32,499.6,462.92,465.1,223211
2026-08-24 13:30:00,AGX,464.42,473.0599,460.47,469.37,168520
2026-08-25 09:30:00,AGX,478.01,479.79,454.66,456.5,99506
2026-08-25 13:30:00,AGX,455.07,455.56,446.5209,451.39,129010
2026-08-26 09:30:00,AGX,449.43,461.0,442.37,458.6,117705
2026-08-26 13:30:00,AGX,458.6,458.775,450.57,455.51,141351
2026-08-27 09:30:00,AGX,467.53,470.0,449.09,456.19,98788
2026-08-27 13:30:00,AGX,456.19,460.08,453.5725,459.97,88933
2026-08-28 09:30:00,AGX,452.3,456.0,426.38,428.65,171620
2026-08-28 13:30:00,AGX,428.005,430.59,417.78,417.82,169041
2026-08-31 09:30:00,AGX,421.29,427.45,418.745,420.705,123368
2026-08-31 13:30:00,AGX,420.955,425.54,420.43,425.29,145619
2026-09-01 09:30:00,AGX,422.36,426.24,403.77,405.16,248777
2026-09-01 13:30:00,AGX,404.96,407.315,401.51,404.98,192268
2026-09-02 09:30:00,AGX,405.43,415.3,401.0652,412.26,243802
2026-09-02 13:30:00,AGX,412.45,414.42,408.18,413.16,212107
2026-09-03 09:30:00,AGX,427.27,433.98,400.6,424.28,454271
2026-09-03 13:30:00,AGX,424.28,427.945,409.1,412.03,196370
2026-09-04 09:30:00,AGX,419.5,429.59,413.3901,413.81,153706
2026-09-04 13:30:00,AGX,413.825,419.0,412.79,418.2,104362
2026-09-08 09:30:00,AGX,416.0,436.7,416.0,436.215,132184
2026-09-08 13:30:00,AGX,436.225,444.5267,436.225,437.22,209985
2026-09-09 09:30:00,AGX,427.94,440.0,404.01,404.175,326153
2026-09-09 13:30:00,AGX,404.395,404.76,399.25,402.17,195775
2026-09-10 09:30:00,AGX,401.73,411.83,394.69,396.245,286723
2026-09-10 13:30:00,AGX,396.0,400.56,395.0155,396.5,155653
2026-09-11 09:30:00,AGX,401.05,416.55,401.05,414.505,116483
2026-09-11 13:30:00,AGX,414.495,414.93,411.25,414.19,91995
2026-09-14 09:30:00,AGX,389.1,396.85,382.37,393.375,192908
2026-09-14 13:30:00,AGX,393.09,398.69,391.995,392.74,165720
2026-09-15 09:30:00,AGX,397.92,400.71,386.235,387.34,194581
2026-09-15 13:30:00,AGX,387.97,388.84,385.04,388.5,129003
2026-09-16 09:30:00,AGX,396.69,400.85,390.4301,398.9,207499
2026-09-16 13:30:00,AGX,399.465,402.01,390.34,393.75,123059
2026-09-17 09:30:00,AGX,406.81,413.13,377.1506,382.78,377160
2026-09-17 13:30:00,AGX,382.63,385.87,380.88,383.1,225256
2026-09-18 09:30:00,AGX,387.5,390.0,382.53,384.9701,92454
2026-09-18 13:30:00,AGX,384.61,389.99,383.775,389.98,116532
2026-09-21 09:30:00,AGX,396.175,396.175,378.63,380.915,381571
2026-09-21 13:30:00,AGX,380.59,384.99,379.5,380.5,365834
2026-09-22 09:30:00,AGX,383.63,385.0,369.9,378.145,235911
2026-09-22 13:30:00,AGX,378.675,378.915,371.35,371.62,128944
2026-09-23 09:30:00,AGX,370.2,377.24,362.47,373.76,129905
2026-09-23 13:30:00,AGX,373.67,378.7599,372.91,374.94,84900
2026-09-24 09:30:00,AGX,365.01,374.88,363.82,371.77,130409
2026-09-24 13:30:00,AGX,372.04,373.752,360.99,360.99,217724
2026-09-25 09:30:00,AGX,363.4,366.835,361.01,364.595,93638
2026-09-25 13:30:00,AGX,364.68,366.03,362.98,364.55,86608
2026-09-28 09:30:00,AGX,360.0,366.21,356.32,359.015,141133
2026-09-28 13:30:00,AGX,359.03,360.395,354.84,354.91,100197
2026-09-29 09:30:00,AGX,368.0,386.4,364.51,376.7,186323
2026-09-29 13:30:00,AGX,376.69,384.26,376.19,378.3,181326
2026-09-30 09:30:00,AGX,379.75,381.12,370.92,375.615,80518
2026-09-30 13:30:00,AGX,375.615,384.29,375.615,377.66,162117
2026-10-01 09:30:00,AGX,377.64,383.005,370.39,379.0225,166761
2026-10-01 13:30:00,AGX,379.83,380.93,374.37,379.7,80166
2026-10-02 09:30:00,AGX,381.44,390.52,379.21,384.16,133872
2026-10-02 13:30:00,AGX,384.64,388.21,383.05,384.1,98454
2026-10-05 09:30:00,AGX,385.0,388.545,378.655,386.33,85583
2026-10-05 13:30:00,AGX,386.34,393.931,386.34,387.85,112615
2026-10-06 09:30:00,AGX,392.3,415.94,392.3,415.4,259638
2026-10-06 13:30:00,AGX,415.04,421.19,410.47,420.04,263032
2026-10-07 09:30:00,AGX,406.53,410.2,393.4764,400.32,137678
2026-10-07 13:30:00,AGX,399.82,405.1,397.13,404.73,128682
2026-10-08 09:30:00,AGX,398.19,406.99,386.17,388.44,175538
2026-10-08 13:30:00,AGX,388.2,401.56,385.285,398.89,106724
