ticker,group,date,close,chg_1d_pct,ema10,ema21,sma50,sma200,ma_stack_bull,ma_stack_bear,atr14,atr_pct,atr_vs_50d,ext_21ema_atr,ext_50sma_atr,volume,vol_ratio_50d,dollar_vol_20d_m,close_pos_in_bar,prior_20d_high,prior_20d_low,high_52w,low_52w,dist_52w_high_pct,inside_day,nr7,perf_1m,perf_3m,perf_6m,dist_days_25,rs_1m_vs_spy,rs_3m_vs_spy,rs_6m_vs_spy,rs_line_52w_high,rs_leads_price
DIA,market,2026-10-07,511.02,-0.688,512.947,516.211,525.091,500.183,False,False,4.995,0.977,0.967,-1.039,-2.817,4444300.0,1.288,1790.262,0.753,526.147,504.7,545.041,447.246,-6.242,False,False,-2.998,-2.179,7.411,10,-4.72,-5.829,-8.143,False,False
IWM,market,2026-10-07,277.7,-1.294,281.027,283.727,291.366,275.634,False,False,3.718,1.339,1.013,-1.621,-3.676,24804700.0,1.179,7148.793,0.359,293.394,275.45,304.385,226.598,-8.767,False,True,-5.513,-6.33,7.148,7,-7.235,-9.98,-8.406,False,False
QQQ,market,2026-10-07,757.73,-0.254,747.352,737.592,720.903,669.539,True,False,9.087,1.199,0.813,2.216,4.053,25365300.0,0.728,24444.507,0.913,762.86,699.271,762.86,554.412,-0.672,False,False,5.59,4.872,25.287,3,3.868,1.222,9.733,False,False
RSP,market,2026-10-07,210.6,-0.815,210.769,211.95,215.814,204.57,False,False,1.913,0.908,0.984,-0.706,-2.726,7338800.0,1.038,1568.497,0.325,215.61,207.16,222.603,179.245,-5.392,False,False,-2.463,-0.988,7.199,9,-4.185,-4.638,-8.356,False,False
SPY,market,2026-10-07,777.22,-0.24,771.028,767.962,764.584,718.67,True,False,6.671,0.858,0.939,1.388,1.894,30958200.0,0.704,35242.929,0.658,781.62,747.743,781.62,626.108,-0.563,False,False,1.722,3.65,15.554,7,,,,,
CL=F,macro,2026-10-07,89.66,0.246,91.372,92.211,88.923,82.89,False,False,4.225,4.712,1.007,-0.604,0.174,8574.0,0.03,29.517,0.978,106.75,86.86,119.48,54.98,-24.958,True,True,-3.622,24.39,-5.031,2,-5.344,20.739,-20.585,False,False
DX-Y.NYB,macro,2026-10-07,102.167,0.331,101.617,101.022,100.037,99.33,True,False,0.48,0.47,1.074,2.383,4.433,0.0,,,0.044,102.54,98.6,102.54,95.55,-0.364,True,True,3.366,1.216,3.064,0,1.644,-2.435,-12.49,False,False
GC=F,macro,2026-10-07,4158.2,-0.69,4210.884,4276.514,4372.584,4550.523,False,True,90.028,2.165,0.878,-1.314,-2.381,18250.0,0.111,675.121,0.901,4479.9,4130.7,5586.2,3901.3,-25.563,False,True,-6.326,0.42,-12.957,5,-8.048,-3.23,-28.511,False,False
HG=F,macro,2026-10-07,6.752,2.381,6.605,6.591,6.572,6.137,True,False,0.098,1.449,0.966,1.644,1.834,5635.0,2.952,0.012,0.908,6.83,6.281,6.83,4.834,-1.149,False,False,0.185,8.632,17.224,4,-1.537,4.982,1.67,False,False
HYG,macro,2026-10-07,77.18,-0.116,77.255,77.614,78.329,77.9,False,False,0.312,0.405,1.451,-1.39,-3.681,59309100.0,1.363,4893.479,0.893,78.76,76.39,79.182,75.383,-2.528,False,False,-2.018,-1.785,-0.852,5,-3.74,-5.435,-16.406,False,False
LQD,macro,2026-10-07,102.1,-0.039,102.342,103.032,104.406,106.122,False,True,0.635,0.622,1.285,-1.468,-3.631,30088600.0,0.969,3720.44,0.854,105.077,101.2,108.453,101.2,-5.858,False,False,-2.787,-3.986,-4.483,4,-4.509,-7.636,-20.037,False,False
TLT,macro,2026-10-07,77.15,-0.168,77.999,79.061,80.811,83.616,False,True,0.796,1.032,1.204,-2.4,-4.598,40127400.0,1.018,3967.172,0.809,81.98,76.69,88.133,76.43,-12.462,False,False,-5.766,-7.598,-9.16,7,-7.488,-11.248,-24.714,False,False
^IRX,macro,2026-10-07,4.037,-0.0,4.018,3.973,3.83,3.665,True,False,0.031,0.774,1.126,2.044,6.634,0.0,,,0.2,4.093,3.795,4.093,3.507,-1.368,False,False,6.94,9.641,12.139,0,5.218,5.991,-3.415,False,False
^TNX,macro,2026-10-07,5.277,0.152,5.227,5.118,4.87,4.468,True,False,0.082,1.556,1.345,1.936,4.952,0.0,,,0.084,5.349,4.794,5.364,3.947,-1.622,False,False,9.8,16.259,22.978,0,8.078,12.609,7.424,False,False
^VIX,macro,2026-10-07,15.08,0.466,15.497,15.601,15.545,18.054,False,False,1.213,8.043,0.823,-0.429,-0.384,0.0,,,0.106,18.94,14.12,35.3,13.38,-57.28,False,False,-4.071,0.333,-21.581,0,-5.793,-2.873,-36.548,False,False
^VIX3M,macro,2026-10-07,17.72,0.454,18.045,18.218,18.531,20.422,False,True,0.66,3.724,0.837,-0.755,-1.229,0.0,,,0.119,20.35,17.55,29.46,10.06,-39.851,False,False,-3.643,-6.688,-21.869,0,-5.365,-10.338,-37.424,False,False
COPX,sector,2026-10-07,83.58,-3.129,85.573,86.527,87.734,82.941,False,False,2.578,3.084,0.925,-1.143,-1.611,1989300.0,0.705,206.185,0.244,96.5,82.58,99.651,55.437,-16.128,False,True,-11.443,10.849,2.236,6,-13.165,7.198,-13.318,False,False
GDX,sector,2026-10-07,85.46,-3.129,88.747,90.946,92.157,91.112,False,False,3.019,3.532,0.896,-1.818,-2.219,20891000.0,0.909,1870.061,0.542,101.48,85.99,117.18,67.639,-27.069,False,False,-13.159,12.774,-12.956,7,-14.881,9.123,-28.51,False,False
SMH,sector,2026-10-07,625.03,-1.181,616.329,600.551,574.888,503.758,True,False,14.244,2.279,0.727,1.719,3.52,7154000.0,0.973,3662.213,0.878,639.47,537.73,671.83,314.073,-6.966,False,False,8.941,2.847,47.789,5,7.219,-0.804,32.235,False,False
XLB,sector,2026-10-07,48.98,-1.508,49.37,49.903,51.244,50.315,False,False,0.777,1.586,0.944,-1.188,-2.916,9797200.0,0.841,579.418,0.204,51.911,47.81,53.942,41.289,-9.198,False,False,-5.265,-2.098,-4.562,10,-6.987,-5.749,-20.116,False,False
XLC,sector,2026-10-07,111.26,-0.349,111.48,111.704,111.432,113.068,False,False,1.649,1.482,0.904,-0.269,-0.104,4260200.0,0.815,682.809,0.66,115.61,109.66,119.317,104.685,-6.753,False,False,0.096,1.01,-1.663,4,-1.626,-2.64,-17.217,False,False
XLE,sector,2026-10-07,63.36,-0.612,62.959,62.895,62.142,56.184,True,False,1.251,1.974,1.019,0.371,0.974,27139200.0,0.911,2203.098,0.218,65.779,60.95,65.779,41.176,-3.677,False,False,-1.595,16.265,10.588,6,-3.317,12.615,-4.966,False,False
XLF,sector,2026-10-07,53.75,-0.481,54.104,54.854,56.478,53.327,False,False,0.676,1.257,1.005,-1.634,-4.037,36798700.0,1.126,2073.509,0.829,57.417,52.81,58.393,47.336,-7.952,False,True,-5.863,-2.88,5.721,8,-7.585,-6.531,-9.833,False,False
XLI,sector,2026-10-07,167.84,-2.18,169.464,170.531,175.711,171.733,False,False,2.523,1.503,0.97,-1.067,-3.12,8172800.0,1.175,1274.038,0.205,173.693,166.18,187.686,145.477,-10.574,False,False,-3.514,-7.078,-1.018,9,-5.236,-10.728,-16.572,False,False
XLK,sector,2026-10-07,201.39,-0.302,198.058,194.443,187.804,165.497,True,False,2.984,1.481,0.727,2.329,4.554,6326200.0,0.864,1415.032,0.912,203.25,181.868,203.25,126.382,-0.915,False,False,7.322,8.781,42.47,4,5.6,5.13,26.916,False,False
XLP,sector,2026-10-07,81.7,-0.122,81.531,82.135,83.734,82.745,False,False,0.93,1.138,0.784,-0.468,-2.187,9440000.0,0.905,886.107,0.016,84.335,80.1,88.436,73.152,-7.617,False,False,-2.122,-1.157,0.034,7,-3.844,-4.807,-15.52,False,False
XLRE,sector,2026-10-07,40.57,-1.29,41.132,41.791,43.335,42.548,False,False,0.534,1.316,0.955,-2.288,-5.179,9206700.0,1.604,268.654,0.024,43.543,40.405,46.067,38.79,-11.933,False,False,-6.808,-7.503,-2.757,12,-8.53,-11.153,-18.311,False,False
XLU,sector,2026-10-07,41.15,-0.024,40.347,40.707,42.143,43.772,False,False,0.627,1.523,0.955,0.706,-1.584,45079400.0,1.767,1355.881,0.647,43.212,39.03,47.061,39.03,-12.561,False,True,-4.597,-8.149,-10.822,7,-6.319,-11.799,-26.377,False,False
XLV,sector,2026-10-07,168.81,1.029,168.138,168.361,168.257,155.746,False,False,2.495,1.478,0.943,0.18,0.222,8880900.0,1.048,1349.598,0.468,171.87,164.481,175.927,138.732,-4.045,False,False,1.392,4.493,13.719,6,-0.33,0.843,-1.835,False,False
XLY,sector,2026-10-07,111.36,-0.322,110.573,111.285,114.213,115.764,False,False,1.479,1.328,0.852,0.05,-1.929,6704400.0,1.068,739.297,0.839,113.29,107.99,124.238,104.75,-10.365,False,False,-2.092,-4.488,0.909,5,-3.814,-8.139,-14.645,False,False
XME,sector,2026-10-07,104.84,-3.141,106.734,108.661,112.227,113.936,False,True,3.177,3.03,0.895,-1.203,-2.325,1429400.0,0.769,164.417,0.34,122.118,101.89,135.412,85.356,-22.577,False,True,-12.538,1.618,-7.382,9,-14.26,-2.032,-22.936,False,False
AAPL,watchlist,2026-10-07,336.67,0.911,334.13,331.893,322.236,289.733,True,False,6.582,1.955,0.852,0.726,2.193,34128200.0,0.758,13414.05,0.66,345.34,309.9,345.34,242.759,-2.511,False,False,6.467,6.559,30.271,6,4.745,2.909,14.717,False,False
AGX,watchlist,2026-10-07,404.39,-3.634,390.443,398.395,461.148,517.512,False,False,21.375,5.286,0.638,0.28,-2.655,309100.0,0.838,157.419,0.653,440.0,354.78,805.09,254.386,-49.771,True,False,-7.416,-41.131,-31.147,6,-9.138,-44.781,-46.701,False,False
AMD,watchlist,2026-10-07,645.86,-0.548,622.676,591.085,522.644,381.317,True,False,23.425,3.627,0.826,2.338,5.26,18519000.0,0.821,12946.029,0.829,658.52,480.33,658.52,188.22,-1.922,True,False,27.706,18.134,178.604,2,25.984,14.483,163.05,False,False
AMGN,watchlist,2026-10-07,413.08,2.603,407.81,407.003,410.139,362.288,False,False,10.275,2.487,0.971,0.591,0.286,2236500.0,0.78,1245.307,0.806,426.59,374.46,447.03,280.226,-7.595,False,False,5.064,14.266,19.674,3,3.342,10.616,4.12,False,False
AMZN,watchlist,2026-10-07,259.92,1.416,252.91,252.961,258.009,241.848,False,False,5.648,2.173,0.793,1.232,0.338,36140700.0,0.908,9061.758,0.968,259.49,244.3,287.2,196.0,-9.499,False,False,1.148,5.214,17.478,4,-0.574,1.563,1.924,False,False
AVGO,watchlist,2026-10-07,376.51,0.186,361.462,360.038,372.09,366.884,False,False,11.014,2.925,0.803,1.496,0.401,17993800.0,0.771,8552.264,0.941,380.84,335.2,493.32,288.976,-23.678,True,False,2.343,-5.962,7.747,7,0.621,-9.612,-7.807,False,False
CAT,watchlist,2026-10-07,813.83,-5.746,829.256,822.831,821.899,797.431,False,False,26.875,3.302,0.864,-0.335,-0.3,3338000.0,1.271,1939.403,0.19,876.95,772.86,1071.472,479.236,-24.046,False,False,-1.052,-13.113,5.873,3,-2.774,-16.763,-9.681,False,False
COIN,watchlist,2026-10-07,178.45,-3.925,186.394,185.369,174.011,184.491,False,False,10.945,6.133,1.027,-0.632,0.406,7097400.0,0.747,1797.921,0.345,208.33,161.18,402.16,139.11,-55.627,False,True,-0.274,12.629,1.919,5,-1.996,8.979,-13.635,False,False
COST,watchlist,2026-10-07,942.25,0.702,923.428,920.204,932.094,960.588,False,False,15.316,1.625,0.894,1.439,0.663,1771000.0,0.853,2153.651,0.416,937.04,883.1,1094.759,840.351,-13.931,False,False,3.523,3.371,-8.265,5,1.801,-0.279,-23.819,False,False
CRM,watchlist,2026-10-07,224.56,-0.191,230.786,232.801,223.004,199.229,False,False,8.504,3.787,0.938,-0.969,0.183,5187200.0,0.377,2628.881,0.61,261.879,221.18,267.799,146.063,-16.146,False,True,-9.7,38.434,28.196,7,-11.422,34.784,12.642,False,False
FCX,watchlist,2026-10-07,71.86,-0.965,71.753,71.777,71.137,63.814,False,False,2.675,3.722,0.933,0.031,0.27,14208400.0,1.094,819.626,0.838,78.13,67.01,80.24,38.267,-10.444,False,True,-6.212,19.006,10.896,9,-7.934,15.356,-4.658,False,False
GOOGL,watchlist,2026-10-07,350.5,0.811,345.382,344.473,345.539,339.247,False,False,8.403,2.398,0.872,0.717,0.59,20855300.0,0.794,9193.24,0.961,364.17,327.74,408.104,235.228,-14.115,False,False,3.588,-2.275,10.593,4,1.866,-5.925,-4.961,False,False
HD,watchlist,2026-10-07,285.77,-0.321,287.95,295.929,318.096,333.675,False,True,6.203,2.171,0.8,-1.638,-5.211,5452900.0,1.25,1549.195,0.911,313.39,277.15,389.181,277.15,-26.571,True,True,-8.903,-15.013,-13.721,9,-10.625,-18.663,-29.275,False,False
HOOD,watchlist,2026-10-07,109.51,-2.223,113.529,113.488,106.442,94.242,False,False,5.811,5.306,0.947,-0.685,0.528,18807300.0,0.887,2499.096,0.749,126.74,101.705,153.56,63.515,-28.686,False,True,-6.673,-4.865,52.457,8,-8.395,-8.515,36.903,False,False
INTC,watchlist,2026-10-07,113.12,0.551,115.879,112.668,102.305,82.34,False,False,5.875,5.193,0.899,0.077,1.841,82510800.0,0.778,12350.256,0.476,127.44,94.52,142.35,32.89,-20.534,False,False,8.28,0.515,91.891,3,6.558,-3.135,76.337,False,False
JD,watchlist,2026-10-07,27.03,2.0,26.605,26.971,28.747,28.492,False,False,0.528,1.955,0.816,0.112,-3.25,7054100.0,0.948,160.779,0.984,27.715,25.71,34.896,23.664,-22.541,False,False,-2.348,-2.559,-3.636,8,-4.07,-6.21,-19.19,False,False
JNJ,watchlist,2026-10-07,258.45,1.44,260.774,263.804,264.913,240.466,False,False,5.052,1.955,0.903,-1.06,-1.279,5402200.0,0.805,1777.56,0.549,275.23,251.17,281.07,178.908,-8.048,False,False,-3.965,0.241,8.255,4,-5.687,-3.409,-7.299,False,False
JPM,watchlist,2026-10-07,329.58,-0.513,333.51,338.751,349.092,318.899,False,False,5.987,1.817,0.928,-1.532,-3.259,7003000.0,1.019,2894.735,0.94,358.263,324.252,364.681,275.061,-9.625,False,False,-6.304,-1.266,8.035,5,-8.026,-4.916,-7.519,False,False
MA,watchlist,2026-10-07,570.06,0.614,563.089,565.181,571.644,531.205,False,False,9.298,1.631,0.892,0.525,-0.17,1862700.0,0.644,1557.834,0.456,578.9,545.41,601.23,463.743,-5.184,False,False,-0.145,8.956,12.793,5,-1.867,5.306,-2.761,False,False
META,watchlist,2026-10-07,721.31,-2.378,727.278,704.135,633.084,628.567,False,False,23.625,3.275,1.031,0.727,3.734,13188700.0,0.667,15886.899,0.064,779.82,638.056,779.82,519.368,-7.503,False,False,17.67,14.315,17.982,4,15.948,10.665,2.428,False,False
MSFT,watchlist,2026-10-07,529.76,0.087,517.631,509.089,495.836,432.24,True,False,11.386,2.149,0.902,1.816,2.979,16773600.0,0.607,11148.422,0.72,535.69,486.0,549.201,348.544,-3.54,False,False,7.25,38.089,42.096,2,5.528,34.438,26.542,False,False
MU,watchlist,2026-10-07,1088.0,4.059,1063.755,1038.901,967.163,693.955,True,False,45.893,4.218,0.739,1.07,2.633,30597300.0,1.006,26562.438,0.984,1108.72,902.6,1254.807,179.434,-13.293,False,False,8.772,9.717,167.54,4,7.05,6.067,151.986,False,False
NVDA,watchlist,2026-10-07,237.47,-0.74,232.609,228.07,220.438,201.349,True,False,5.605,2.36,0.821,1.677,3.039,81485100.0,0.672,24466.789,0.404,243.37,208.93,243.37,163.895,-2.424,False,True,5.319,17.238,30.719,2,3.597,13.588,15.165,False,False
ORCL,watchlist,2026-10-07,143.56,-0.836,142.046,143.31,145.111,161.653,False,False,6.308,4.394,0.874,0.04,-0.246,15700000.0,0.526,4953.168,0.658,166.0,131.58,319.459,114.5,-55.061,False,False,-11.666,-0.111,0.628,5,-13.388,-3.762,-14.926,False,False
PLTR,watchlist,2026-10-07,194.12,1.067,189.121,184.66,173.728,152.229,True,False,6.004,3.093,0.8,1.576,3.396,15697200.0,0.463,4005.811,0.874,194.78,164.55,207.52,106.37,-6.457,False,False,13.987,50.434,37.908,5,12.265,46.784,22.354,False,False
QCOM,watchlist,2026-10-07,177.12,-2.16,183.421,182.636,171.773,167.965,False,False,7.652,4.32,0.972,-0.721,0.699,7892400.0,0.63,2610.506,0.396,205.85,170.51,257.562,120.883,-31.232,False,False,1.74,-6.816,40.179,4,0.018,-10.466,24.624,False,False
SMCI,watchlist,2026-10-07,44.94,3.405,42.651,41.127,37.381,32.207,True,False,2.26,5.03,0.947,1.687,3.344,40460500.0,0.924,1498.95,0.749,44.74,35.36,58.78,19.48,-23.545,False,False,11.624,59.136,92.298,1,9.902,55.486,76.744,False,False
SOFI,watchlist,2026-10-07,15.66,-0.635,16.021,16.487,17.4,18.79,False,True,0.59,3.769,0.74,-1.402,-2.947,32745700.0,0.649,762.438,0.874,18.01,15.53,32.73,14.88,-52.154,False,True,-13.048,-15.897,-5.033,6,-14.77,-19.547,-20.587,False,False
SOXL,watchlist,2026-10-07,158.91,-3.257,153.593,143.722,129.175,119.306,True,False,11.558,7.273,0.675,1.314,2.573,50770700.0,0.803,8160.503,0.928,169.83,99.805,301.802,28.102,-47.346,False,False,28.997,-17.374,135.577,4,27.275,-21.024,120.022,False,False
TSLA,watchlist,2026-10-07,377.81,-0.754,370.541,366.727,351.734,391.666,False,False,11.875,3.143,0.859,0.933,2.196,25529400.0,0.692,13017.095,0.427,386.83,345.88,498.83,297.38,-24.261,False,False,2.621,-7.069,10.068,4,0.899,-10.72,-5.486,False,False
TSLL,watchlist,2026-10-07,10.15,-1.552,9.815,9.673,9.053,12.908,False,False,0.621,6.121,0.836,0.767,1.766,46322600.0,0.538,591.405,0.395,10.74,8.555,23.098,6.648,-56.057,False,False,3.558,-21.496,0.112,2,1.836,-25.146,-15.442,False,False
TSM,watchlist,2026-10-07,472.2,-2.094,465.235,452.286,429.044,388.405,True,False,10.503,2.224,0.801,1.896,4.109,7281400.0,0.695,4392.324,0.2,487.47,411.446,487.47,264.026,-3.132,False,True,7.851,8.355,29.701,2,6.129,4.704,14.147,False,False
UBER,watchlist,2026-10-07,68.45,-0.912,69.062,70.235,73.076,74.57,False,True,1.739,2.541,0.72,-1.026,-2.66,11947100.0,0.651,1280.7,0.19,73.48,67.22,100.69,65.41,-32.019,False,True,-6.4,-7.935,-5.43,8,-8.122,-11.586,-20.984,False,False
V,watchlist,2026-10-07,372.1,0.394,367.239,367.71,369.097,336.926,False,False,5.879,1.58,0.872,0.747,0.511,4448600.0,0.682,2224.143,0.498,377.17,356.75,385.57,292.738,-3.494,False,False,0.939,7.062,20.91,6,-0.783,3.412,5.356,False,False
WMT,watchlist,2026-10-07,108.16,0.896,106.584,106.951,108.483,117.767,False,False,2.16,1.997,0.876,0.56,-0.149,16131900.0,0.649,2384.18,0.543,111.23,103.39,134.837,98.054,-19.785,False,False,1.99,-3.379,-14.643,5,0.268,-7.029,-30.197,False,False
XOM,watchlist,2026-10-07,164.05,-0.261,163.323,162.676,160.833,148.402,True,False,3.472,2.116,0.952,0.396,0.927,9516200.0,0.68,2216.006,0.174,169.64,155.85,174.093,107.281,-5.769,False,False,2.11,20.117,6.41,5,0.388,16.466,-9.145,False,False
A,universe,2026-10-07,169.09,-0.142,168.434,164.103,154.166,132.849,True,False,5.107,3.02,1.195,0.977,2.922,2555400.0,1.135,411.495,0.541,176.786,141.04,176.786,107.981,-4.354,False,False,15.316,26.763,45.114,4,13.594,23.112,29.56,False,False
ABBV,universe,2026-10-07,271.36,1.751,265.262,263.261,258.329,230.224,True,False,5.697,2.099,0.971,1.422,2.287,6077000.0,1.294,1179.621,0.555,269.39,246.77,274.94,189.402,-1.302,False,False,9.076,9.356,30.232,3,7.354,5.706,14.678,False,False
ABNB,universe,2026-10-07,160.63,0.15,160.977,163.594,170.556,143.917,False,False,5.033,3.133,0.939,-0.589,-1.972,2539300.0,0.495,762.384,0.677,174.4,149.0,193.453,110.81,-16.967,False,True,-7.97,9.354,22.245,5,-9.692,5.704,6.691,False,False
ABT,universe,2026-10-07,98.73,0.581,99.591,101.552,106.482,102.771,False,False,2.368,2.399,0.896,-1.192,-3.273,9392100.0,1.104,929.213,0.634,106.86,95.06,132.077,81.39,-25.248,False,False,-6.435,5.333,-3.382,5,-8.157,1.682,-18.936,False,False
ACGL,universe,2026-10-07,94.33,-0.517,94.561,95.396,97.601,96.346,False,False,1.787,1.894,0.862,-0.597,-1.831,1577600.0,0.525,391.388,0.137,98.39,92.28,107.09,82.45,-11.915,True,True,-1.442,-7.247,-4.331,4,-3.164,-10.897,-19.885,False,False
ACN,universe,2026-10-07,196.64,1.675,191.709,188.157,182.48,192.387,False,False,8.925,4.539,1.161,0.95,1.586,5231800.0,0.835,1348.052,0.624,227.63,172.11,285.213,116.746,-31.055,False,False,9.836,41.407,3.535,6,8.114,37.756,-12.019,False,False
ADBE,universe,2026-10-07,232.77,-2.247,238.592,244.555,258.439,258.129,False,False,8.742,3.756,0.818,-1.348,-2.936,6568300.0,1.308,1335.11,0.56,266.1,224.67,363.7,190.12,-35.999,False,False,-9.52,4.545,-2.733,6,-11.242,0.895,-18.287,False,False
ADI,universe,2026-10-07,410.08,-2.49,404.681,393.202,377.734,359.965,True,False,11.135,2.715,0.897,1.516,2.905,2389600.0,0.679,1199.968,0.61,422.67,356.12,444.556,220.71,-7.755,False,False,12.907,4.494,19.135,4,11.185,0.843,3.581,False,False
ADM,universe,2026-10-07,81.34,-1.058,81.491,82.053,81.608,74.063,False,False,2.229,2.74,0.92,-0.32,-0.12,2179000.0,0.568,291.345,0.201,88.75,78.1,88.75,54.002,-8.349,False,False,-3.74,3.642,14.886,5,-5.462,-0.009,-0.669,False,False
ADP,universe,2026-10-07,264.0,0.625,262.874,265.473,270.611,235.077,False,False,5.637,2.135,0.844,-0.261,-1.173,1460100.0,0.644,591.074,0.461,278.52,255.96,286.169,185.556,-7.747,False,False,-0.847,10.117,33.333,7,-2.569,6.466,17.779,False,False
ADSK,universe,2026-10-07,235.05,1.63,220.336,221.025,233.708,237.975,False,False,8.462,3.6,0.898,1.657,0.159,2247400.0,1.042,485.527,0.856,232.64,199.18,324.0,185.5,-27.454,False,False,10.763,12.691,-2.327,6,9.041,9.04,-17.881,False,False
AEE,universe,2026-10-07,101.32,-0.354,100.674,101.706,104.909,106.583,False,False,1.543,1.523,0.824,-0.25,-2.326,3493300.0,2.05,213.592,0.35,107.12,98.18,117.487,94.576,-13.76,False,False,-5.069,-8.706,-8.951,5,-6.791,-12.357,-24.505,False,False
AEP,universe,2026-10-07,122.08,0.337,120.302,120.753,122.924,125.79,False,False,2.003,1.641,0.859,0.662,-0.421,3205900.0,0.825,501.577,0.486,126.17,116.71,139.518,110.015,-12.499,False,False,-2.663,-8.099,-8.023,5,-4.385,-11.749,-23.577,False,False
AES,universe,2026-10-07,14.93,0.0,14.895,14.859,14.783,14.471,True,False,0.046,0.31,0.927,1.533,3.171,6299200.0,0.811,127.439,0.75,14.94,14.78,17.228,12.744,-13.341,False,False,0.674,2.573,6.218,0,-1.048,-1.077,-9.336,False,False
AFL,universe,2026-10-07,112.74,-0.783,113.092,114.226,117.748,114.194,False,False,1.768,1.568,0.899,-0.84,-2.833,1287500.0,0.614,233.521,0.189,118.09,110.0,129.567,103.271,-12.987,True,True,-2.101,-7.117,0.792,7,-3.823,-10.767,-14.762,False,False
AIG,universe,2026-10-07,75.66,0.732,75.066,75.154,75.977,76.052,False,False,1.405,1.857,0.961,0.36,-0.225,4900700.0,1.224,387.512,0.642,76.59,72.63,85.638,69.902,-11.651,True,False,1.983,-3.727,-0.985,3,0.261,-7.378,-16.539,False,False
AIZ,universe,2026-10-07,266.73,-1.561,268.09,271.491,279.189,249.621,False,False,5.478,2.054,0.935,-0.869,-2.275,334100.0,0.866,113.611,0.242,287.44,260.64,303.004,203.078,-11.971,True,False,-5.082,-4.171,20.02,3,-6.804,-7.821,4.466,False,False
AJG,universe,2026-10-07,227.1,-1.196,229.914,235.283,247.691,231.439,False,False,6.385,2.812,0.852,-1.282,-3.225,1078100.0,0.758,345.973,0.134,254.59,219.65,309.449,189.611,-26.612,False,False,-9.684,-10.267,3.471,8,-11.406,-13.917,-12.083,False,False
AKAM,universe,2026-10-07,104.61,-3.692,108.212,109.077,111.492,111.966,False,True,5.9,5.64,1.031,-0.757,-1.167,3874500.0,0.888,650.963,0.18,128.46,102.5,165.45,70.82,-36.772,False,False,-0.947,-19.233,-9.819,6,-2.669,-22.883,-25.373,False,False
ALB,universe,2026-10-07,102.75,-3.385,106.772,111.564,121.955,154.028,False,True,4.239,4.126,0.787,-2.079,-4.53,1930900.0,0.821,260.359,0.024,130.859,102.37,219.697,87.012,-53.231,False,False,-20.432,-19.72,-41.75,12,-22.154,-23.37,-57.304,False,False
ALGN,universe,2026-10-07,139.87,-1.117,143.719,147.476,158.392,169.997,False,True,4.394,3.141,0.729,-1.731,-4.216,678800.0,0.733,136.417,0.449,154.1,138.36,200.44,124.91,-30.219,False,True,-8.874,-21.496,-20.901,8,-10.596,-25.147,-36.456,False,False
ALL,universe,2026-10-07,223.95,-0.143,227.146,234.48,250.742,223.346,False,False,5.01,2.237,0.823,-2.102,-5.348,1663500.0,0.836,585.984,0.185,258.76,219.51,276.071,184.51,-18.88,False,True,-11.643,-9.555,6.6,7,-13.365,-13.205,-8.954,False,False
ALLE,universe,2026-10-07,147.91,-4.697,153.11,153.86,157.594,149.14,False,False,3.887,2.628,0.985,-1.531,-2.491,1948400.0,1.614,168.875,0.573,157.3,150.157,181.028,124.046,-18.294,False,False,-4.88,9.895,3.154,5,-6.602,6.245,-12.4,False,False
AMAT,universe,2026-10-07,520.65,-1.814,513.044,495.782,488.198,431.134,True,False,18.84,3.619,0.666,1.32,1.723,3776200.0,0.545,2936.002,0.608,547.25,411.51,738.88,202.281,-29.535,False,False,10.123,-11.459,35.294,3,8.401,-15.109,19.74,False,False
AMCR,universe,2026-10-07,41.26,-1.221,41.965,42.566,44.394,41.776,False,False,0.888,2.152,0.806,-1.471,-3.529,2856100.0,0.797,137.028,0.095,44.32,40.96,48.756,35.151,-15.374,False,False,-6.946,-1.984,0.425,6,-8.668,-5.634,-15.129,False,False
AME,universe,2026-10-07,248.62,-2.01,249.209,246.221,244.157,230.412,False,False,5.098,2.051,0.966,0.47,0.875,1224500.0,0.872,357.782,0.409,255.41,230.01,260.78,178.15,-4.663,False,False,4.72,6.864,8.185,5,2.998,3.214,-7.369,False,False
AMP,universe,2026-10-07,490.56,-1.218,498.966,512.607,540.743,491.049,False,False,12.596,2.568,1.028,-1.75,-3.984,432400.0,0.822,349.201,0.483,563.65,477.91,572.56,419.522,-14.322,False,False,-11.876,-1.613,9.002,6,-13.598,-5.263,-6.552,False,False
AMT,universe,2026-10-07,166.18,0.85,165.382,167.649,171.021,173.143,False,False,3.719,2.238,0.853,-0.395,-1.302,2468800.0,0.964,462.957,0.432,177.877,160.3,192.149,158.348,-13.515,False,False,-4.412,1.804,-2.784,8,-6.134,-1.846,-18.338,False,False
ANET,universe,2026-10-07,215.83,0.218,208.068,203.68,195.889,160.243,True,False,6.957,3.223,0.784,1.746,2.866,4995900.0,0.816,998.801,0.818,216.07,186.11,217.318,114.52,-0.685,False,False,10.705,16.861,48.776,2,8.983,13.21,33.222,True,False
AON,universe,2026-10-07,270.47,-1.285,276.399,288.301,323.2,329.637,False,True,7.227,2.672,0.813,-2.467,-7.296,1541400.0,0.944,629.539,0.134,315.67,266.33,381.47,266.33,-29.098,False,False,-14.351,-23.758,-17.576,9,-16.073,-27.408,-33.13,False,False
AOS,universe,2026-10-07,55.34,-2.742,56.878,57.584,59.774,63.664,False,True,1.388,2.508,0.862,-1.617,-3.195,1372100.0,0.918,85.798,0.441,58.95,55.48,80.917,53.834,-31.609,False,False,-5.916,-5.667,-16.142,6,-7.638,-9.318,-31.697,False,False
APA,universe,2026-10-07,43.81,-0.658,43.501,43.386,42.098,35.355,True,False,1.539,3.512,1.047,0.276,1.113,3584700.0,0.624,267.287,0.257,47.44,41.23,47.44,21.133,-7.652,False,False,0.597,32.527,14.616,8,-1.125,28.877,-0.938,False,False
APD,universe,2026-10-07,278.12,-1.025,279.398,283.165,293.134,282.623,False,False,5.522,1.985,0.859,-0.914,-2.719,948400.0,0.869,344.011,0.081,297.095,267.28,312.822,223.176,-11.093,False,False,-5.969,-5.377,-5.033,10,-7.691,-9.028,-20.588,False,False
APH,universe,2026-10-07,87.55,-1.207,85.716,83.851,81.865,74.278,True,False,2.617,2.989,0.84,1.414,2.173,9190900.0,0.733,1001.255,0.603,89.93,76.621,89.93,58.825,-2.646,False,False,7.248,8.094,29.793,4,5.526,4.444,14.239,False,False
APO,universe,2026-10-07,115.55,-0.345,117.6,121.236,128.027,125.351,False,False,3.68,3.185,0.875,-1.545,-3.39,2675900.0,0.842,366.488,0.502,131.74,112.1,151.386,98.725,-23.672,False,False,-12.336,-3.172,8.853,10,-14.058,-6.823,-6.701,False,False
APP,universe,2026-10-07,281.29,0.9,290.237,302.115,323.096,450.282,False,True,15.024,5.341,0.757,-1.386,-2.783,3528000.0,0.591,1659.653,0.996,338.34,266.84,738.01,266.84,-61.885,False,False,-9.846,-45.95,-28.096,11,-11.568,-49.601,-43.65,False,False
APTV,universe,2026-10-07,44.22,-1.118,44.059,44.55,46.861,62.822,False,False,1.403,3.173,0.75,-0.235,-1.883,2337200.0,0.515,164.005,0.824,46.55,42.56,88.93,42.56,-50.275,False,False,-3.302,-26.128,-27.186,5,-5.024,-29.778,-42.74,False,False
ARE,universe,2026-10-07,45.21,-1.546,47.377,48.752,49.908,48.831,False,False,1.704,3.77,0.919,-2.079,-2.757,2115000.0,1.04,102.994,0.045,56.429,45.58,75.938,38.322,-40.465,False,False,-9.609,-5.397,3.688,9,-11.331,-9.048,-11.866,False,False
ARES,universe,2026-10-07,115.75,-1.69,118.624,122.538,131.616,126.505,False,False,4.085,3.529,0.858,-1.661,-3.884,1457800.0,0.647,277.743,0.416,136.804,113.06,173.993,92.592,-33.474,False,False,-15.616,-3.852,12.708,9,-17.338,-7.503,-2.846,False,False
ATO,universe,2026-10-07,159.21,-0.332,158.377,159.956,165.174,172.721,False,False,2.189,1.375,0.812,-0.341,-2.725,1533300.0,1.501,177.862,0.343,168.3,154.72,190.28,154.72,-16.329,False,True,-5.272,-8.328,-15.071,8,-6.994,-11.978,-30.625,False,False
AVY,universe,2026-10-07,166.97,-0.879,169.667,170.657,173.558,170.822,False,False,3.892,2.331,0.817,-0.947,-1.693,575300.0,0.595,141.724,0.284,174.63,166.95,196.152,150.831,-14.877,False,True,-2.185,5.576,-3.59,4,-3.907,1.926,-19.144,False,False
AWK,universe,2026-10-07,127.38,-0.515,129.617,131.957,135.166,130.587,False,False,2.591,2.034,0.865,-1.766,-3.005,2353800.0,1.09,249.669,0.385,142.37,126.35,142.37,118.817,-10.529,False,False,-9.261,-1.779,-5.291,7,-10.983,-5.43,-20.846,False,False
AXON,universe,2026-10-07,406.0,-3.015,423.694,449.237,523.009,494.802,False,False,20.443,5.035,0.667,-2.115,-5.724,923100.0,0.934,498.384,0.069,503.28,408.0,764.02,339.01,-46.86,False,False,-19.672,-30.241,3.696,10,-21.394,-33.891,-11.858,False,False
AXP,universe,2026-10-07,304.25,-0.099,305.557,310.775,325.747,330.136,False,True,5.469,1.798,0.816,-1.193,-3.931,3405500.0,1.215,1053.051,0.992,328.31,297.2,384.361,289.261,-20.843,False,False,-6.7,-12.249,-3.559,5,-8.422,-15.899,-19.113,False,False
AZO,universe,2026-10-07,2846.27,-1.804,2850.191,2872.377,2951.676,3288.259,False,True,82.885,2.912,1.005,-0.315,-1.272,130200.0,0.435,1102.041,0.0,2999.3,2730.65,4170.0,2730.65,-31.744,True,False,-3.569,-5.452,-17.855,3,-5.291,-9.102,-33.409,False,False
BA,universe,2026-10-07,188.32,-0.79,192.067,196.868,210.893,220.5,False,True,5.933,3.15,0.977,-1.441,-3.805,6374100.0,0.921,1718.905,0.803,212.4,184.01,254.35,176.77,-25.96,False,True,-10.634,-15.593,-13.535,8,-12.356,-19.244,-29.089,False,False
BAC,universe,2026-10-07,53.52,-1.054,54.774,56.504,60.194,54.817,False,False,1.08,2.019,0.954,-2.761,-6.177,30913500.0,0.941,2213.683,0.792,63.83,52.89,64.899,45.649,-17.533,False,False,-14.217,-9.21,4.226,9,-15.939,-12.86,-11.328,False,False
BALL,universe,2026-10-07,57.48,0.087,57.408,58.486,61.182,59.806,False,False,1.23,2.139,0.894,-0.818,-3.01,3321600.0,1.718,127.073,0.547,61.94,55.11,67.622,44.212,-14.998,False,False,-5.801,-5.47,-6.804,6,-7.523,-9.121,-22.358,False,False
BAX,universe,2026-10-07,23.97,-1.601,23.861,24.007,25.296,20.892,False,False,0.719,2.998,0.788,-0.052,-1.846,4770300.0,0.681,173.163,0.192,25.21,22.56,29.988,15.716,-20.069,False,False,-3.58,6.764,39.163,7,-5.302,3.114,23.609,False,False
BBY,universe,2026-10-07,84.59,-0.306,87.627,88.326,86.853,71.637,False,False,2.853,3.373,0.95,-1.309,-0.793,4352500.0,1.18,303.389,0.376,96.53,84.81,96.53,53.812,-12.369,False,False,-4.313,6.86,34.329,10,-6.035,3.21,18.775,False,False
BDX,universe,2026-10-07,180.16,-0.078,180.286,180.774,180.666,161.146,False,False,4.118,2.286,0.969,-0.149,-0.123,1922300.0,1.042,341.964,0.502,187.45,175.2,191.938,124.474,-6.136,False,False,1.185,20.134,16.175,9,-0.537,16.484,0.621,False,False
BE,universe,2026-10-07,291.29,-1.518,283.796,273.019,242.832,210.569,True,False,19.229,6.601,0.858,0.95,2.52,10913700.0,0.676,4530.757,0.549,302.354,249.05,351.28,75.7,-17.078,False,False,5.075,13.334,98.453,3,3.353,9.683,82.899,False,False
BEN,universe,2026-10-07,32.48,0.123,32.58,32.769,33.334,29.067,False,False,0.758,2.335,0.926,-0.382,-1.126,4416500.0,1.109,134.733,0.879,34.567,31.56,35.914,20.115,-9.561,False,False,-5.306,-2.579,33.202,8,-7.028,-6.229,17.648,False,False
BF-B,universe,2026-10-07,25.94,-1.556,26.169,26.313,27.067,26.495,False,False,0.668,2.574,0.802,-0.559,-1.688,1723500.0,0.738,62.965,0.016,27.05,25.55,30.848,22.225,-15.911,False,False,-1.705,3.73,-1.718,6,-3.427,0.08,-17.272,False,False
BG,universe,2026-10-07,105.51,-1.696,108.244,110.909,112.849,115.289,False,True,3.585,3.398,0.916,-1.506,-2.047,1467800.0,0.848,220.185,0.312,127.47,104.04,134.025,77.132,-21.276,False,False,-14.836,-6.552,-15.994,8,-16.558,-10.203,-31.548,False,False
BIIB,universe,2026-10-07,222.15,-0.332,223.145,221.784,216.509,195.967,False,False,5.724,2.577,0.903,0.064,0.986,1298100.0,1.35,253.575,0.114,230.49,208.93,230.49,138.0,-3.618,False,False,4.541,11.684,23.485,8,2.819,8.033,7.931,False,False
BKNG,universe,2026-10-07,155.87,-1.117,160.506,167.166,187.456,181.003,False,False,5.661,3.632,0.836,-1.995,-5.579,6274500.0,0.877,1432.931,0.179,182.0,154.06,219.222,149.403,-28.898,True,True,-13.341,-10.981,-13.459,9,-15.063,-14.631,-29.013,False,False
BKR,universe,2026-10-07,55.41,-3.011,56.58,57.609,60.462,59.233,False,False,1.674,3.021,0.949,-1.314,-3.018,5466200.0,0.722,478.389,0.212,66.09,54.35,69.918,43.244,-20.75,False,False,-13.314,-2.773,-11.653,8,-15.036,-6.423,-27.207,False,False
BLK,universe,2026-10-07,1069.63,-0.907,1069.587,1076.252,1106.384,1051.271,False,False,23.449,2.192,0.961,-0.282,-1.567,385600.0,0.666,566.254,0.929,1098.11,1017.46,1194.415,907.592,-10.447,False,True,-2.35,5.437,7.952,7,-4.072,1.787,-7.603,False,False
BMY,universe,2026-10-07,59.7,0.185,60.741,61.76,63.694,58.236,False,False,1.419,2.376,0.909,-1.452,-2.815,11091200.0,0.969,798.289,0.633,64.621,58.33,67.936,40.709,-12.124,False,False,-6.758,4.105,3.039,8,-8.48,0.454,-12.515,False,False
BNY,universe,2026-10-07,142.72,-0.703,146.039,149.825,156.565,136.549,False,False,2.87,2.011,0.934,-2.476,-4.825,2065600.0,0.649,608.365,0.938,165.23,140.91,165.84,101.259,-13.941,False,False,-12.361,-5.893,12.441,10,-14.083,-9.543,-3.113,False,False
BR,universe,2026-10-07,160.13,0.927,160.842,163.559,168.27,168.157,False,False,3.806,2.377,0.744,-0.901,-2.138,800700.0,0.687,155.64,0.629,175.2,155.68,233.396,133.011,-31.391,False,False,-5.035,9.365,0.769,8,-6.757,5.715,-14.785,False,False
BRK-B,universe,2026-10-07,506.25,0.14,504.344,505.112,507.612,492.809,False,False,5.375,1.062,0.79,0.212,-0.253,3499200.0,0.789,2349.828,0.812,523.74,495.96,537.74,464.01,-5.856,True,True,0.083,2.18,5.524,3,-1.639,-1.47,-10.03,False,False
BRO,universe,2026-10-07,61.72,1.23,61.534,63.303,68.062,67.383,False,False,1.681,2.723,0.816,-0.942,-3.773,2969700.0,1.377,150.969,0.313,68.7,59.01,95.625,53.686,-35.456,False,False,-9.475,-8.811,-8.435,4,-11.197,-12.461,-23.989,False,False
BSX,universe,2026-10-07,41.58,-1.446,42.954,43.935,46.683,60.945,False,True,1.285,3.091,0.77,-1.832,-3.971,15872100.0,0.769,886.17,0.078,46.27,41.94,105.65,41.5,-60.644,False,False,-7.559,-7.579,-33.536,8,-9.281,-11.23,-49.09,False,False
BX,universe,2026-10-07,111.83,-1.35,114.608,119.625,131.174,125.99,False,False,3.676,3.287,0.861,-2.121,-5.263,4339400.0,1.018,549.36,0.622,133.86,109.01,162.614,99.778,-31.23,False,False,-16.526,-7.515,-3.104,10,-18.248,-11.165,-18.658,False,False
BXP,universe,2026-10-07,59.42,-0.619,60.659,62.074,65.523,61.312,False,False,1.405,2.364,0.822,-1.89,-4.345,1351100.0,0.982,89.083,0.566,65.133,59.27,74.09,47.986,-19.8,False,False,-8.577,-10.202,15.599,8,-10.299,-13.852,0.045,False,False
C,universe,2026-10-07,127.32,-0.934,129.529,131.279,133.625,125.302,False,False,3.174,2.493,0.958,-1.247,-1.987,8064400.0,0.867,1330.19,0.988,141.27,123.57,147.212,91.72,-13.512,False,False,-6.889,-8.313,4.116,7,-8.611,-11.963,-11.438,False,False
CAH,universe,2026-10-07,232.16,-0.548,228.854,229.052,232.36,217.558,False,False,5.588,2.407,1.002,0.556,-0.036,1096800.0,0.592,427.19,0.289,241.559,216.197,257.701,150.448,-9.911,False,False,-3.239,-0.458,8.402,7,-4.961,-4.108,-7.152,False,False
CARR,universe,2026-10-07,55.0,-1.961,55.458,56.091,58.801,61.386,False,True,1.512,2.75,0.814,-0.722,-2.513,3795000.0,0.569,399.034,0.523,59.73,52.96,76.485,49.669,-28.09,False,True,-6.953,-18.599,-4.968,7,-8.675,-22.25,-20.522,False,False
CASY,universe,2026-10-07,633.25,2.005,617.507,635.426,731.444,732.723,False,False,21.829,3.447,0.807,-0.1,-4.498,507300.0,0.962,429.134,0.648,656.5,575.1,927.155,496.2,-31.7,False,False,-13.666,-22.905,-16.378,5,-15.388,-26.555,-31.932,False,False
CB,universe,2026-10-07,334.7,0.147,332.998,334.955,340.499,328.508,False,False,5.014,1.498,0.813,-0.051,-1.157,1052000.0,0.636,551.802,0.301,344.52,325.0,364.808,262.902,-8.253,False,False,-0.276,-3.476,1.238,6,-1.998,-7.126,-14.316,False,False
CBOE,universe,2026-10-07,281.57,1.211,274.249,275.931,286.633,286.356,False,False,10.981,3.9,1.026,0.514,-0.461,838400.0,0.768,316.988,0.805,297.98,252.82,369.378,226.521,-23.772,False,True,-4.009,5.414,-4.717,5,-5.731,1.764,-20.271,False,False
CBRE,universe,2026-10-07,127.56,-2.373,131.305,134.98,143.141,144.684,False,True,4.105,3.218,0.923,-1.808,-3.796,1718100.0,0.942,288.924,0.522,144.57,127.19,174.27,121.69,-26.803,False,False,-10.333,-9.57,-10.478,6,-12.055,-13.221,-26.032,False,False
CCI,universe,2026-10-07,69.01,1.069,68.314,69.801,72.787,80.71,False,False,1.852,2.683,0.841,-0.427,-2.04,3567300.0,1.045,260.9,0.638,75.098,65.32,95.578,65.32,-27.797,False,False,-7.841,-8.694,-17.177,7,-9.563,-12.344,-32.731,False,False
CCL,universe,2026-10-07,26.15,-1.618,24.895,24.279,25.182,27.219,False,False,0.889,3.398,0.989,2.105,1.089,14802100.0,0.67,635.729,0.319,26.71,21.45,33.492,21.45,-21.921,True,True,12.716,-1.621,-5.644,7,10.993,-5.271,-21.198,False,False
CDNS,universe,2026-10-07,356.12,-0.954,340.202,326.956,319.786,326.301,False,False,11.554,3.244,0.948,2.524,3.145,1855800.0,0.758,788.217,0.299,361.91,273.07,416.69,262.75,-14.536,False,True,25.346,-7.729,23.012,6,23.624,-11.379,7.458,False,False
CDW,universe,2026-10-07,136.82,0.848,136.105,138.883,141.973,130.449,False,False,5.558,4.062,0.861,-0.371,-0.927,1021300.0,0.595,198.317,0.604,154.99,127.77,158.05,96.089,-13.432,False,False,-5.302,-1.952,9.121,5,-7.024,-5.602,-6.433,False,False
CEG,universe,2026-10-07,299.59,-0.27,274.746,271.689,272.627,286.082,False,False,13.119,4.379,1.323,2.127,2.055,7390200.0,2.43,1044.468,0.973,309.8,247.2,410.406,228.279,-27.002,False,False,0.181,19.666,5.715,6,-1.541,16.016,-9.839,False,False
CF,universe,2026-10-07,114.44,-1.362,116.962,120.413,123.846,112.292,False,False,4.266,3.727,0.88,-1.4,-2.205,2708800.0,1.072,310.48,0.088,141.66,111.83,141.66,74.331,-19.215,False,False,-14.807,0.885,-8.45,6,-16.529,-2.765,-24.004,False,False
CFG,universe,2026-10-07,63.07,-1.592,64.433,65.854,69.317,64.658,False,False,1.381,2.189,0.904,-2.016,-4.525,4371900.0,1.222,286.797,0.462,71.11,61.78,75.33,46.555,-16.275,False,False,-9.887,-9.133,0.245,8,-11.609,-12.784,-15.309,False,False
CHD,universe,2026-10-07,96.75,0.218,95.625,95.969,98.223,95.723,False,False,1.58,1.633,0.745,0.494,-0.932,1823300.0,0.965,176.886,0.223,97.42,93.04,105.374,80.29,-8.184,False,True,0.218,1.437,3.357,8,-1.504,-2.213,-12.198,False,False
CHRW,universe,2026-10-07,135.18,0.096,144.745,147.618,148.616,170.777,False,True,5.758,4.26,1.016,-2.16,-2.333,2510100.0,1.339,289.267,0.71,158.35,132.05,209.427,121.783,-35.452,False,False,-9.94,-29.569,-20.991,5,-11.662,-33.219,-36.545,False,False
CHTR,universe,2026-10-07,106.96,-1.546,112.163,120.458,138.827,173.371,False,True,5.733,5.36,0.792,-2.354,-5.559,4041900.0,1.404,377.481,0.169,148.34,104.91,284.6,104.91,-62.417,False,False,-26.609,-20.387,-51.739,9,-28.331,-24.037,-67.293,False,False
CI,universe,2026-10-07,278.51,1.509,273.521,274.597,276.952,277.295,False,False,7.266,2.609,0.992,0.539,0.214,1632900.0,0.958,456.178,0.448,290.94,262.85,305.261,234.202,-8.763,False,False,0.972,-4.025,1.484,6,-0.75,-7.675,-14.07,False,False
CIEN,universe,2026-10-07,446.45,0.631,393.743,377.928,377.184,394.6,False,False,24.15,5.409,0.878,2.837,2.868,3369200.0,1.347,1041.437,0.94,446.37,318.43,637.51,147.36,-29.97,False,False,30.813,-3.437,-9.627,7,29.09,-7.087,-25.181,False,False
CINF,universe,2026-10-07,161.61,-0.901,162.602,164.516,169.229,165.637,False,False,2.604,1.611,0.745,-1.116,-2.926,503400.0,0.818,118.473,0.048,172.218,159.2,193.706,146.699,-16.569,True,False,-3.907,-7.353,0.105,9,-5.629,-11.003,-15.449,False,False
CL,universe,2026-10-07,87.21,-0.046,86.287,86.889,89.34,87.969,False,False,1.486,1.704,0.774,0.216,-1.433,3773500.0,0.771,477.541,0.012,90.54,83.99,98.154,73.219,-11.15,False,False,-1.357,-3.626,3.162,8,-3.079,-7.276,-12.392,False,False
CLX,universe,2026-10-07,82.21,-1.568,82.598,85.287,94.479,99.458,False,True,2.396,2.915,0.841,-1.284,-5.12,2154400.0,0.706,270.522,0.061,91.0,79.12,125.825,79.12,-34.663,False,False,-10.251,-10.637,-20.3,10,-11.973,-14.287,-35.854,False,False
CMCSA,universe,2026-10-07,20.94,-1.366,21.512,22.367,24.218,25.818,False,True,0.594,2.838,0.809,-2.402,-5.516,30071500.0,1.099,709.637,0.107,25.848,20.984,31.555,20.88,-33.64,False,False,-19.235,-8.927,-22.907,10,-20.957,-12.578,-38.461,False,False
CME,universe,2026-10-07,270.27,0.033,268.011,269.263,270.571,274.589,False,False,5.957,2.204,0.96,0.169,-0.051,1307600.0,0.694,463.126,0.531,281.36,258.87,318.322,217.29,-15.096,False,False,-2.405,13.278,-9.862,6,-4.127,9.628,-25.416,False,False
CMG,universe,2026-10-07,30.77,-0.421,31.771,32.819,34.565,34.784,False,True,1.128,3.664,0.867,-1.817,-3.366,12931000.0,0.787,508.432,0.582,37.22,30.21,42.82,28.04,-28.141,False,True,-16.748,-11.069,-8.938,5,-18.47,-14.72,-24.492,False,False
CMI,universe,2026-10-07,517.32,-3.361,524.85,534.05,572.098,600.404,False,True,15.12,2.923,0.76,-1.106,-3.623,1249800.0,1.176,600.181,0.341,562.6,507.2,735.024,394.945,-29.619,False,False,-7.876,-22.891,-12.7,11,-9.598,-26.541,-28.254,False,False
CMS,universe,2026-10-07,65.07,0.0,64.273,65.015,67.76,71.91,False,False,1.028,1.58,0.827,0.053,-2.617,3972900.0,1.06,266.083,0.56,68.95,62.29,79.102,62.29,-17.739,False,True,-5.408,-12.54,-16.132,6,-7.13,-16.19,-31.686,False,False
CNC,universe,2026-10-07,64.99,0.588,63.658,63.996,64.759,53.174,False,False,2.091,3.218,0.859,0.475,0.11,5216800.0,1.112,309.849,0.466,69.63,59.46,69.63,31.63,-6.664,False,False,0.635,-3.861,74.329,7,-1.087,-7.511,58.775,False,False
CNP,universe,2026-10-07,38.53,-0.078,37.82,38.068,39.248,41.017,False,False,0.661,1.715,0.807,0.699,-1.087,9918000.0,1.536,273.672,0.655,40.21,36.37,44.991,36.37,-14.361,False,False,-3.963,-10.526,-10.777,7,-5.685,-14.176,-26.331,False,False
COF,universe,2026-10-07,195.91,0.046,196.682,200.393,210.182,203.757,False,False,4.294,2.192,0.849,-1.044,-3.324,3230500.0,0.952,735.808,0.861,214.31,189.78,256.639,173.619,-23.663,False,False,-8.436,-1.748,2.591,6,-10.158,-5.399,-12.964,False,False
COHR,universe,2026-10-07,334.56,-1.123,318.931,309.054,301.219,291.449,True,False,20.335,6.078,0.756,1.254,1.64,5539800.0,0.794,2095.625,0.823,341.76,265.49,440.0,108.19,-23.964,False,False,10.825,2.237,18.727,4,9.103,-1.413,3.173,False,False
COO,universe,2026-10-07,54.75,-2.977,56.292,58.097,66.072,70.988,False,True,1.785,3.26,0.944,-1.875,-6.343,4548000.0,1.335,309.443,0.049,67.92,51.01,89.83,51.01,-39.052,False,False,-19.117,-22.909,-23.672,8,-20.839,-26.559,-39.226,False,False
COP,universe,2026-10-07,129.84,0.379,128.411,129.159,128.547,115.922,False,False,3.177,2.447,0.973,0.214,0.407,4791500.0,0.706,897.896,0.337,141.62,123.46,141.62,82.955,-8.318,False,False,-3.851,21.002,5.157,7,-5.573,17.351,-10.397,False,False
COR,universe,2026-10-07,317.25,0.278,312.485,313.812,317.705,316.813,False,False,7.888,2.486,0.987,0.436,-0.058,1060700.0,0.787,394.993,0.289,327.9,295.01,375.326,243.785,-15.474,False,False,-2.291,5.093,-1.949,9,-4.013,1.443,-17.503,False,False
CPAY,universe,2026-10-07,402.43,-1.072,399.021,399.862,403.213,348.15,False,False,8.241,2.048,0.825,0.312,-0.095,594000.0,1.172,197.342,0.353,416.13,386.23,427.46,252.84,-5.856,False,False,-1.135,14.6,32.413,8,-2.857,10.95,16.859,False,False
CPRT,universe,2026-10-07,26.62,-0.746,27.515,28.556,30.345,33.314,False,True,0.84,3.156,0.797,-2.304,-4.434,8292600.0,0.797,315.986,0.426,32.5,26.64,45.89,26.39,-41.992,False,False,-18.344,-6.036,-19.747,11,-20.066,-9.686,-35.301,False,False
CPT,universe,2026-10-07,95.8,-1.895,97.142,98.771,103.782,104.634,False,True,1.752,1.829,0.924,-1.696,-4.555,775700.0,0.743,115.914,0.009,104.483,95.45,118.52,93.281,-19.17,False,False,-7.514,-14.518,-4.439,6,-9.236,-18.168,-19.993,False,False
CRH,universe,2026-10-07,81.46,-2.56,83.392,85.64,91.553,107.017,False,True,2.419,2.97,0.863,-1.728,-4.172,4177700.0,0.835,471.736,0.315,91.33,80.13,130.092,80.13,-37.383,False,False,-10.098,-21.63,-27.883,7,-11.82,-25.281,-43.437,False,False
CRL,universe,2026-10-07,300.3,-1.528,296.08,290.506,280.561,211.625,True,False,11.965,3.984,1.208,0.819,1.65,1242200.0,1.272,307.885,0.552,333.3,267.27,333.3,146.2,-9.901,False,False,6.96,28.553,71.531,8,5.238,24.903,55.977,False,False
CRWD,universe,2026-10-07,265.44,-4.812,264.394,252.109,225.233,155.832,True,False,11.501,4.333,1.041,1.159,3.496,8782600.0,0.888,2625.764,0.076,286.99,204.27,286.99,85.68,-7.509,False,False,26.388,33.79,148.941,2,24.666,30.14,133.387,False,False
CSCO,universe,2026-10-07,117.39,-0.466,111.96,110.591,111.775,97.549,False,False,2.715,2.313,0.831,2.504,2.068,17258600.0,0.886,2112.342,0.448,118.4,104.106,129.383,65.596,-9.269,True,False,7.946,-0.393,41.321,4,6.224,-4.043,25.767,False,False
CSGP,universe,2026-10-07,27.6,-0.109,27.814,28.567,30.195,39.515,False,True,1.019,3.69,0.728,-0.949,-2.548,4949500.0,0.724,177.966,0.614,31.83,26.52,81.45,25.89,-66.114,False,False,-9.031,-5.447,-28.903,7,-10.753,-9.097,-44.457,False,False
CSX,universe,2026-10-07,46.81,-1.453,47.126,47.571,49.093,44.258,False,False,0.842,1.798,0.841,-0.904,-2.712,6811900.0,0.649,505.769,0.058,49.65,45.79,53.454,33.203,-12.429,False,False,-4.469,-4.887,11.728,5,-6.191,-8.538,-3.826,False,False
CTAS,universe,2026-10-07,197.19,0.628,196.465,197.528,200.692,187.481,False,False,3.731,1.892,0.843,-0.091,-0.939,1629500.0,0.817,408.384,0.553,204.62,191.09,218.602,160.307,-9.795,False,False,-1.651,11.262,13.546,8,-3.373,7.612,-2.008,False,False
CTSH,universe,2026-10-07,57.07,-0.262,58.132,58.782,59.38,59.974,False,True,2.244,3.932,0.954,-0.763,-1.029,5166900.0,0.676,404.563,0.454,64.74,55.63,85.482,36.864,-33.237,False,False,-4.756,32.269,-5.23,9,-6.478,28.618,-20.785,False,False
CTVA,universe,2026-10-07,14.45,3.882,12.782,12.509,12.253,11.842,True,False,0.676,4.679,1.799,2.871,3.249,41313600.0,1.084,551.865,0.805,14.44,11.478,14.62,8.998,-1.163,False,False,12.118,15.09,15.218,6,10.396,11.44,-0.336,False,False
CVNA,universe,2026-10-07,62.76,-1.753,63.802,65.414,68.742,71.533,False,True,3.072,4.894,0.843,-0.864,-1.948,6559600.0,0.742,513.026,0.46,76.37,58.92,97.378,54.464,-35.55,False,True,-16.006,-6.496,-7.382,9,-17.728,-10.146,-22.936,False,False
CVS,universe,2026-10-07,87.95,1.759,87.286,89.006,93.647,87.092,False,False,2.188,2.487,0.89,-0.483,-2.604,8467900.0,1.074,775.522,0.324,97.98,84.23,110.0,68.481,-20.045,False,False,-8.452,-13.924,13.303,8,-10.174,-17.575,-2.251,False,False
CVX,universe,2026-10-07,205.15,-1.171,206.306,206.362,202.979,185.067,False,False,4.23,2.062,0.996,-0.286,0.513,5733000.0,0.663,2007.093,0.055,217.78,200.78,217.78,142.51,-5.799,False,False,-2.216,18.897,8.267,5,-3.938,15.247,-7.287,False,False
D,universe,2026-10-07,61.53,-0.758,61.463,62.361,65.03,63.327,False,False,1.075,1.747,0.929,-0.773,-3.256,4307800.0,1.012,307.9,0.482,66.79,59.44,72.26,54.166,-14.849,False,False,-7.082,-10.509,-0.674,8,-8.804,-14.159,-16.228,False,False
DAL,universe,2026-10-07,82.97,-0.825,83.254,82.712,83.856,75.74,False,False,2.371,2.857,0.969,0.109,-0.374,6542600.0,1.087,637.908,0.705,86.17,76.89,95.444,54.601,-13.07,False,True,5.079,-6.775,22.496,6,3.357,-10.426,6.942,False,False
DASH,universe,2026-10-07,191.24,-1.229,190.145,194.146,206.301,186.208,False,False,7.334,3.835,0.917,-0.396,-2.054,2007400.0,0.473,777.642,0.537,204.99,178.04,285.5,143.3,-33.016,False,False,-4.59,-0.577,19.012,7,-6.312,-4.227,3.458,False,False
DD,universe,2026-10-07,131.08,-1.651,130.79,131.011,134.727,136.869,False,False,2.609,1.99,0.754,0.026,-1.398,638300.0,0.47,128.152,0.302,134.0,122.8,156.04,90.886,-15.996,False,False,-0.183,-2.325,-7.921,7,-1.905,-5.975,-23.475,False,False
DDOG,universe,2026-10-07,271.34,-2.48,268.763,257.991,246.19,186.888,True,False,11.276,4.156,0.822,1.184,2.23,1587100.0,0.376,748.999,0.051,285.68,209.04,292.72,98.01,-7.304,False,False,29.068,0.87,132.91,4,27.346,-2.78,117.356,False,False
DE,universe,2026-10-07,656.87,-3.796,677.457,675.543,650.24,587.873,False,False,18.621,2.835,1.022,-1.003,0.356,1210200.0,0.965,856.095,0.347,719.503,644.06,719.503,428.115,-8.705,False,False,-3.275,11.054,8.341,6,-4.997,7.403,-7.213,False,False
DECK,universe,2026-10-07,80.38,-1.567,79.812,80.776,86.682,100.956,False,False,2.23,2.774,0.735,-0.178,-2.826,3245200.0,1.124,274.087,0.542,83.0,77.2,122.29,77.2,-34.271,False,False,-2.688,-22.904,-24.419,7,-4.41,-26.555,-39.973,False,False
DELL,universe,2026-10-07,578.96,0.864,558.062,544.3,497.931,299.253,True,False,28.276,4.884,0.889,1.226,2.866,3983400.0,0.506,4422.772,0.755,595.51,506.25,595.51,109.699,-2.779,False,False,8.444,28.807,213.642,2,6.722,25.157,198.088,False,False
DG,universe,2026-10-07,122.14,-0.917,121.234,122.069,123.659,125.315,False,False,3.692,3.022,0.933,0.019,-0.412,1676400.0,0.711,287.905,0.03,130.113,116.73,155.909,93.317,-21.66,True,False,-4.006,6.063,0.262,4,-5.728,2.413,-15.292,False,False
DGX,universe,2026-10-07,227.06,-0.582,231.745,234.113,236.782,205.206,False,False,5.211,2.295,0.952,-1.353,-1.866,927400.0,0.929,285.329,0.084,247.918,225.78,247.918,168.349,-8.413,True,False,-3.225,9.543,15.1,5,-4.947,5.893,-0.454,False,False
DHI,universe,2026-10-07,133.28,-2.537,136.575,138.591,143.252,147.625,False,True,4.02,3.016,0.94,-1.321,-2.481,3571700.0,1.415,459.351,0.498,144.86,132.18,170.283,130.962,-21.73,False,False,-3.762,-10.614,-6.026,7,-5.484,-14.264,-21.58,False,False
DHR,universe,2026-10-07,218.49,1.336,218.021,215.971,209.833,200.755,True,False,6.57,3.007,1.03,0.383,1.318,3974100.0,0.99,966.762,0.673,227.976,198.738,241.354,160.313,-9.473,False,False,6.65,11.683,11.795,8,4.928,8.033,-3.759,False,False
DIS,universe,2026-10-07,104.75,0.692,104.144,104.586,104.737,103.228,False,False,2.09,1.995,0.924,0.078,0.006,8643300.0,0.938,914.107,0.822,109.42,101.15,115.419,91.489,-9.243,False,False,-0.295,8.922,6.425,7,-2.017,5.271,-9.129,False,False
DLR,universe,2026-10-07,180.47,-2.264,180.2,181.438,186.443,179.399,False,False,4.504,2.496,0.845,-0.215,-1.326,1771700.0,0.878,339.959,0.063,189.848,172.83,206.057,143.297,-12.417,False,False,-4.112,1.326,-1.46,7,-5.834,-2.325,-17.015,False,False
DLTR,universe,2026-10-07,116.3,0.095,114.779,116.499,123.518,117.081,False,False,3.808,3.274,0.898,-0.052,-1.896,1645500.0,0.667,322.135,0.409,123.09,111.12,142.4,84.71,-18.329,True,False,-6.24,-3.821,10.112,7,-7.962,-7.471,-5.442,False,False
DOC,universe,2026-10-07,18.66,-1.789,19.466,19.904,20.598,18.513,False,False,0.411,2.201,0.96,-3.029,-4.72,5153800.0,0.972,114.695,0.029,20.88,18.79,22.723,14.964,-17.879,False,False,-8.561,-12.228,15.355,9,-10.283,-15.878,-0.199,False,False
DOV,universe,2026-10-07,188.29,-1.871,189.636,190.597,196.575,209.077,False,True,3.988,2.118,0.869,-0.578,-2.077,661900.0,0.56,238.592,0.221,194.92,184.0,235.792,157.359,-20.146,False,False,-3.312,-10.768,-12.662,4,-5.034,-14.418,-28.216,False,False
DOW,universe,2026-10-07,27.77,-1.385,28.106,28.538,29.598,31.501,False,True,0.886,3.192,0.838,-0.867,-2.062,7837000.0,0.888,255.708,0.14,30.485,26.605,41.824,19.679,-33.603,False,False,-6.087,-1.431,-27.755,9,-7.809,-5.081,-43.309,False,False
DPZ,universe,2026-10-07,303.1,0.076,299.919,305.149,327.177,347.859,False,False,8.72,2.877,0.777,-0.235,-2.761,892500.0,1.121,228.368,0.044,332.037,286.32,434.734,280.267,-30.279,False,False,-9.074,1.361,-18.44,9,-10.796,-2.29,-33.994,False,False
DRI,universe,2026-10-07,201.49,-0.812,201.479,204.656,211.742,202.454,False,False,5.127,2.544,0.911,-0.618,-2.0,1454800.0,1.237,284.731,0.634,219.69,192.67,229.76,165.131,-12.304,True,True,-5.368,0.594,4.617,6,-7.09,-3.056,-10.937,False,False
DTE,universe,2026-10-07,127.24,-0.764,125.315,126.868,132.713,138.717,False,False,2.256,1.773,0.908,0.165,-2.426,1391200.0,0.875,259.055,0.117,136.244,119.68,154.338,119.68,-17.558,False,False,-6.452,-13.979,-13.009,7,-8.174,-17.629,-28.563,False,False
DUK,universe,2026-10-07,115.5,-0.138,114.888,116.093,119.736,122.38,False,False,1.538,1.331,0.763,-0.385,-2.755,3988200.0,0.93,493.434,0.253,121.57,112.4,132.176,110.995,-12.616,False,True,-4.734,-6.981,-10.697,7,-6.456,-10.631,-26.251,False,False
DVA,universe,2026-10-07,176.78,-2.007,178.549,180.311,185.959,170.993,False,False,5.066,2.866,0.792,-0.697,-1.812,650300.0,0.802,127.381,0.149,195.75,173.95,247.49,101.0,-28.571,False,False,-1.822,-22.965,19.092,5,-3.544,-26.615,3.538,False,False
DVN,universe,2026-10-07,47.88,-0.292,47.646,47.691,46.987,44.272,False,False,1.442,3.011,1.075,0.131,0.619,5542400.0,0.49,612.356,0.314,51.56,45.56,52.001,30.688,-7.925,False,False,-0.434,14.684,1.3,5,-2.156,11.033,-14.254,False,False
DXCM,universe,2026-10-07,84.3,1.091,85.767,86.387,87.072,73.333,False,False,2.293,2.72,0.864,-0.91,-1.209,2863800.0,0.629,343.496,0.286,90.39,82.29,92.59,54.11,-8.953,True,False,-0.272,15.448,28.116,4,-1.994,11.797,12.561,False,False
EBAY,universe,2026-10-07,107.6,0.504,107.133,107.173,106.812,100.935,False,False,3.049,2.834,0.894,0.14,0.258,2781200.0,0.6,503.117,0.329,113.63,101.4,118.619,77.32,-9.29,False,True,2.878,-8.014,11.816,4,1.156,-11.664,-3.738,False,False
ECHO,universe,2026-10-07,97.69,-2.32,94.537,93.005,90.224,108.671,False,False,3.209,3.285,0.86,1.46,2.326,3259200.0,0.879,341.491,0.323,100.9,87.71,147.25,65.76,-33.657,False,False,4.571,-0.276,-20.461,5,2.849,-3.926,-36.015,False,False
ECL,universe,2026-10-07,278.1,-0.969,276.7,276.52,278.668,272.763,False,False,5.342,1.921,0.927,0.296,-0.106,1146400.0,0.866,330.617,0.285,282.44,267.46,306.79,241.847,-9.352,True,True,0.262,2.128,2.226,6,-1.46,-1.523,-13.328,False,False
ED,universe,2026-10-07,104.64,-0.457,103.962,104.539,106.332,106.649,False,False,1.615,1.543,0.863,0.062,-1.047,2177700.0,0.966,236.457,0.173,108.76,102.0,114.327,92.434,-8.473,False,True,-3.353,-4.327,-6.329,8,-5.075,-7.978,-21.883,False,False
EFX,universe,2026-10-07,142.43,-0.035,144.94,152.984,170.933,180.449,False,True,5.444,3.822,0.798,-1.939,-5.236,1721900.0,1.148,296.408,0.537,175.89,137.01,241.608,137.01,-41.049,False,False,-17.009,-14.292,-22.262,8,-18.731,-17.942,-37.816,False,False
EG,universe,2026-10-07,362.3,-1.238,367.658,369.764,371.3,345.402,False,False,6.689,1.846,0.864,-1.116,-1.346,431400.0,1.19,159.398,0.156,383.04,361.7,398.901,297.16,-9.175,False,False,-1.503,-1.814,9.959,6,-3.225,-5.464,-5.595,False,False
EIX,universe,2026-10-07,54.41,1.945,53.38,54.876,61.86,66.15,False,False,1.888,3.471,0.75,-0.247,-3.945,4419600.0,0.815,271.808,0.842,58.99,50.273,80.299,49.23,-32.241,False,False,-6.784,-25.904,-24.732,6,-8.506,-29.555,-40.286,False,False
EL,universe,2026-10-07,94.45,1.168,93.931,94.867,94.27,91.388,False,False,3.063,3.243,0.984,-0.136,0.059,2303800.0,0.719,267.877,0.665,100.92,88.68,120.384,65.742,-21.542,False,False,-7.12,15.588,33.171,7,-8.842,11.938,17.617,False,False
ELV,universe,2026-10-07,404.31,1.055,396.721,398.628,397.334,363.804,False,False,9.789,2.421,0.898,0.58,0.713,904800.0,0.844,492.912,0.41,427.17,375.74,434.349,270.87,-6.916,False,False,1.027,-3.406,28.122,9,-0.695,-7.057,12.568,False,False
EME,universe,2026-10-07,784.66,-4.834,778.43,769.955,775.817,775.029,False,False,27.226,3.47,0.928,0.54,0.325,367800.0,0.944,283.798,0.412,834.23,723.87,951.469,564.011,-17.532,False,False,1.487,0.211,-0.473,4,-0.235,-3.439,-16.027,False,False
EMR,universe,2026-10-07,159.22,-1.351,158.538,156.33,155.197,144.275,True,False,3.924,2.464,0.955,0.737,1.025,3039800.0,1.164,396.583,0.412,165.24,144.4,165.788,121.734,-3.962,False,False,4.647,15.936,12.439,9,2.925,12.286,-3.115,False,False
EOG,universe,2026-10-07,144.21,-0.049,142.653,143.166,144.467,131.507,False,False,3.56,2.468,0.938,0.293,-0.072,2141300.0,0.696,479.104,0.331,154.16,137.35,154.16,99.12,-6.454,False,False,-0.791,8.792,5.292,4,-2.513,5.141,-10.262,False,False
EQIX,universe,2026-10-07,1031.77,-1.489,1027.561,1029.525,1041.057,984.586,False,False,25.693,2.49,0.859,0.087,-0.361,442900.0,0.8,511.443,0.269,1066.51,987.79,1118.655,709.795,-7.767,False,True,-0.907,0.177,2.375,7,-2.629,-3.474,-13.179,False,False
EQT,universe,2026-10-07,52.31,-0.305,51.092,51.464,52.785,55.234,False,False,1.4,2.677,1.0,0.604,-0.339,6873000.0,0.995,412.43,0.46,55.44,48.17,67.835,47.79,-22.887,False,False,-5.098,4.634,-12.559,8,-6.82,0.984,-28.113,False,False
ERIE,universe,2026-10-07,217.77,-2.442,222.613,229.091,243.256,244.776,False,True,7.148,3.283,0.776,-1.584,-3.565,222900.0,0.849,42.831,0.009,252.895,215.316,322.922,202.119,-32.563,False,False,-9.916,-11.537,-12.986,8,-11.638,-15.187,-28.54,False,False
ES,universe,2026-10-07,65.24,-0.031,64.942,65.909,68.758,68.747,False,False,1.157,1.774,0.858,-0.578,-3.04,2289500.0,0.96,177.152,0.389,70.816,62.72,75.679,60.647,-13.794,False,True,-7.668,-10.715,-4.515,8,-9.39,-14.366,-20.069,False,False
ESS,universe,2026-10-07,268.05,-1.629,270.217,271.556,277.16,263.642,False,False,4.54,1.694,0.898,-0.772,-2.006,388700.0,0.759,149.598,0.023,276.85,265.496,300.482,231.639,-10.793,False,False,-2.452,-7.046,8.375,7,-4.174,-10.696,-7.179,False,False
ETN,universe,2026-10-07,431.33,-3.092,433.903,428.881,424.186,389.353,False,False,14.159,3.283,0.898,0.173,0.505,1730000.0,0.816,876.136,0.478,452.0,387.0,478.0,309.332,-9.764,False,False,2.179,6.545,12.45,4,0.457,2.895,-3.104,False,False
ETR,universe,2026-10-07,102.8,-0.436,101.298,102.027,104.736,105.537,False,False,1.954,1.901,0.895,0.395,-0.991,2228400.0,0.823,315.218,0.611,108.81,96.92,117.747,89.254,-12.694,True,True,-5.28,-9.231,-9.277,6,-7.002,-12.881,-24.831,False,False
EVRG,universe,2026-10-07,80.3,-0.062,79.4,79.715,81.099,80.121,False,False,1.174,1.462,0.855,0.499,-0.68,2455200.0,1.143,192.039,0.471,82.51,77.11,87.886,69.643,-8.632,False,False,-2.359,-5.053,-2.147,5,-4.081,-8.704,-17.701,False,False
EW,universe,2026-10-07,85.78,-0.809,86.449,87.039,88.684,85.152,False,False,2.082,2.427,0.95,-0.605,-1.394,3508100.0,1.055,309.153,0.16,89.7,83.81,96.29,72.3,-10.915,False,False,-1.084,-6.077,4.981,7,-2.806,-9.727,-10.573,False,False
EXC,universe,2026-10-07,41.49,-0.456,41.121,41.629,43.294,44.888,False,False,0.702,1.692,0.821,-0.198,-2.571,7092800.0,0.909,347.757,0.139,44.07,39.73,49.705,39.73,-16.527,False,True,-5.597,-9.692,-14.015,8,-7.319,-13.342,-29.569,False,False
EXE,universe,2026-10-07,88.12,-0.125,87.116,88.725,92.746,97.172,False,False,2.266,2.571,0.933,-0.267,-2.042,2058600.0,0.671,313.423,0.538,98.5,83.25,124.429,83.25,-29.18,False,False,-10.256,-0.36,-10.984,6,-11.978,-4.011,-26.538,False,False
EXPD,universe,2026-10-07,190.85,-0.495,190.132,189.223,186.052,162.924,True,False,3.883,2.035,0.957,0.419,1.236,832800.0,0.81,214.973,0.204,195.32,183.36,195.32,111.782,-2.289,False,True,2.63,11.857,30.837,7,0.908,8.206,15.283,False,False
EXPE,universe,2026-10-07,258.86,-0.465,264.302,272.874,296.73,258.971,False,False,11.211,4.331,0.908,-1.25,-3.378,1305500.0,0.674,617.8,0.699,294.84,253.16,341.508,184.281,-24.201,True,False,-5.715,-3.192,9.66,4,-7.437,-6.842,-5.895,False,False
EXR,universe,2026-10-07,131.7,-1.636,133.242,134.839,140.174,138.912,False,False,2.624,1.993,0.913,-1.196,-3.229,1466000.0,1.14,218.868,0.05,139.54,130.64,157.034,120.04,-16.133,False,False,-4.248,-6.61,-2.202,5,-5.97,-10.261,-17.756,False,False
F,universe,2026-10-07,12.12,-1.303,12.381,12.788,13.61,13.257,False,False,0.35,2.884,0.789,-1.91,-4.264,37546200.0,0.803,599.619,0.444,14.16,11.91,17.59,10.835,-31.095,False,False,-13.429,-9.983,1.853,10,-15.151,-13.634,-13.701,False,False
FANG,universe,2026-10-07,184.38,-0.324,186.03,189.729,196.657,183.635,False,False,5.086,2.758,0.849,-1.052,-2.414,2323100.0,0.935,652.926,0.411,213.31,181.91,216.9,133.807,-14.993,False,False,-7.648,1.866,-0.029,6,-9.37,-1.785,-15.584,False,False
FAST,universe,2026-10-07,49.83,-1.929,50.257,50.074,50.056,46.039,False,False,0.969,1.945,0.862,-0.252,-0.233,6598800.0,0.939,348.607,0.058,51.41,48.06,52.92,38.34,-5.839,False,False,0.911,8.098,4.546,8,-0.811,4.448,-11.008,False,False
FDS,universe,2026-10-07,272.78,0.283,272.735,275.73,282.456,247.174,False,False,11.512,4.22,0.976,-0.256,-0.841,640200.0,0.738,232.722,0.19,289.78,252.05,320.48,182.469,-14.884,False,False,-5.612,13.191,23.4,7,-7.334,9.54,7.845,False,False
FDX,universe,2026-10-07,289.04,0.003,290.129,296.127,311.119,297.918,False,False,6.199,2.145,0.822,-1.143,-3.562,1233600.0,0.79,472.984,0.539,314.207,279.23,342.733,177.972,-15.666,False,False,-7.626,-6.648,-3.206,6,-9.348,-10.299,-18.76,False,False
FDXF,universe,2026-10-07,113.48,1.231,113.531,117.675,129.286,,False,False,4.525,3.987,0.704,-0.927,-3.493,1546300.0,1.064,219.896,0.753,130.67,107.67,200.0,107.67,-43.26,False,False,-12.079,-26.431,,8,-13.801,-30.081,,False,False
FE,universe,2026-10-07,44.58,0.723,43.982,44.474,45.958,46.759,False,False,0.706,1.584,0.866,0.15,-1.95,6748200.0,1.542,191.724,0.692,46.69,42.67,51.297,42.598,-13.095,False,False,-4.026,-5.476,-11.505,5,-5.748,-9.126,-27.059,False,False
FERG,universe,2026-10-07,215.06,-3.703,221.15,222.456,230.956,236.241,False,True,5.864,2.727,0.88,-1.261,-2.711,1190500.0,0.45,320.148,0.083,228.77,212.13,268.592,212.13,-19.931,False,False,-4.967,-3.899,-13.044,6,-6.689,-7.549,-28.598,False,False
FFIV,universe,2026-10-07,466.65,-0.668,452.742,440.2,415.236,348.181,True,False,12.888,2.762,0.911,2.052,3.989,461300.0,0.789,247.922,0.227,472.0,389.44,472.25,223.76,-1.186,False,True,19.771,8.443,53.12,6,18.049,4.792,37.566,False,False
FICO,universe,2026-10-07,681.77,-1.968,726.897,817.267,992.682,1202.448,False,True,54.101,7.935,0.948,-2.505,-5.747,1487300.0,2.33,744.063,0.561,1014.0,586.05,1881.21,586.05,-63.759,False,False,-26.951,-46.712,-37.569,9,-28.673,-50.362,-53.123,False,False
FIS,universe,2026-10-07,33.82,1.197,33.913,35.271,39.039,45.342,False,True,1.073,3.173,0.75,-1.352,-4.864,6454400.0,1.004,228.545,0.543,40.18,32.1,66.596,32.1,-49.216,False,False,-13.215,-17.782,-26.396,4,-14.937,-21.433,-41.95,False,False
FISV,universe,2026-10-07,45.31,-0.374,45.82,47.111,50.565,56.417,False,True,1.533,3.383,0.81,-1.174,-3.428,4754500.0,0.63,318.78,0.303,52.9,43.87,128.78,43.87,-64.816,False,False,-10.912,-12.275,-19.989,7,-12.634,-15.925,-35.543,False,False
FITB,universe,2026-10-07,50.12,-1.725,50.972,51.824,54.048,50.926,False,False,1.019,2.034,0.922,-1.672,-3.854,9175800.0,1.61,352.622,0.308,55.023,49.15,59.01,38.758,-15.065,False,True,-7.29,-10.618,3.152,9,-9.012,-14.269,-12.403,False,False
FIX,universe,2026-10-07,1741.36,-4.214,1707.008,1675.389,1660.326,1567.364,True,False,74.593,4.284,0.826,0.884,1.086,367000.0,0.979,533.403,0.513,1835.04,1545.21,2072.104,768.895,-15.962,False,False,5.635,-2.198,14.279,3,3.913,-5.848,-1.275,False,False
FLEX,universe,2026-10-07,119.34,-1.681,115.824,114.231,114.291,100.445,False,False,5.285,4.428,0.763,0.967,0.955,3022500.0,0.847,355.525,0.79,121.84,105.85,166.86,53.07,-28.479,True,True,4.4,-14.721,63.055,6,2.678,-18.371,47.501,False,False
FOX,universe,2026-10-07,55.98,0.72,56.309,56.98,57.613,56.293,False,False,1.564,2.795,0.968,-0.639,-1.044,643200.0,0.572,69.702,0.611,61.27,53.9,67.477,43.863,-17.039,True,False,-3.88,16.136,3.261,7,-5.603,12.486,-12.293,False,False
FOXA,universe,2026-10-07,62.7,0.999,62.91,63.697,64.546,62.704,False,False,1.775,2.831,0.959,-0.562,-1.04,4070300.0,0.81,309.01,0.667,68.74,60.26,75.683,48.127,-17.154,True,False,-3.879,17.188,4.578,6,-5.601,13.538,-10.976,False,False
FRT,universe,2026-10-07,105.11,-1.026,107.285,109.327,114.121,110.301,False,False,1.689,1.607,0.959,-2.497,-5.336,974100.0,1.115,106.509,0.213,116.32,105.63,126.837,86.333,-17.13,False,True,-9.383,-11.995,-0.149,8,-11.105,-15.646,-15.703,False,False
FSLR,universe,2026-10-07,180.13,0.184,179.871,186.987,206.012,223.042,False,False,8.048,4.468,0.744,-0.852,-3.216,2070900.0,0.859,442.567,0.908,220.98,168.6,320.95,168.6,-43.876,False,False,-15.531,-21.168,-10.285,7,-17.253,-24.819,-25.839,False,False
FTNT,universe,2026-10-07,189.28,-1.04,181.893,176.12,165.845,120.19,True,False,6.22,3.286,0.917,2.116,3.768,3857800.0,0.827,710.156,0.296,192.41,154.0,192.41,73.55,-1.627,True,False,20.201,15.605,126.655,2,18.479,11.955,111.101,False,False
FTV,universe,2026-10-07,56.52,-2.367,56.516,56.529,58.021,58.204,False,False,1.162,2.056,0.862,-0.008,-1.291,1773100.0,0.727,123.425,0.301,58.28,54.133,64.481,47.5,-12.347,False,False,0.018,-7.459,-4.607,3,-1.704,-11.109,-20.161,False,False
GD,universe,2026-10-07,326.63,-1.419,333.986,342.767,365.921,353.362,False,False,6.113,1.872,0.846,-2.64,-6.427,1285800.0,1.138,459.961,0.243,362.39,327.42,400.0,305.426,-18.342,False,False,-8.399,-12.806,-5.836,8,-10.121,-16.456,-21.391,False,False
GDDY,universe,2026-10-07,97.21,-0.988,97.551,97.657,96.716,93.01,False,False,4.246,4.368,0.881,-0.105,0.116,1477400.0,0.633,260.174,0.232,110.35,91.6,139.44,71.59,-30.285,False,False,4.662,10.629,20.28,4,2.94,6.979,4.726,False,False
GE,universe,2026-10-07,303.62,-1.865,311.379,317.602,338.047,323.105,False,False,7.978,2.627,0.861,-1.753,-4.315,3914500.0,1.001,1426.899,0.115,331.556,304.0,388.25,268.167,-21.798,False,False,-9.205,-15.307,-1.168,8,-10.927,-18.957,-16.722,False,False
GEHC,universe,2026-10-07,64.67,-0.154,65.203,65.915,68.905,70.972,False,True,1.554,2.403,0.829,-0.801,-2.725,4065600.0,1.105,247.363,0.454,67.1,62.995,89.64,58.717,-27.856,False,False,-3.152,0.01,-12.262,7,-4.874,-3.64,-27.816,False,False
GEN,universe,2026-10-07,22.39,-1.798,23.079,24.865,27.709,24.352,False,False,1.152,5.146,1.162,-2.148,-4.616,15911500.0,1.913,318.822,0.629,31.5,20.34,31.65,17.608,-29.258,False,False,-24.891,-13.472,19.689,6,-26.613,-17.122,4.135,False,False
GEV,universe,2026-10-07,997.09,-3.121,981.518,967.113,966.274,922.462,True,False,38.62,3.873,0.825,0.776,0.798,2016800.0,0.921,2115.576,0.482,1052.78,868.25,1195.94,529.179,-16.627,False,False,2.654,-7.27,6.573,3,0.932,-10.92,-8.981,False,False
GILD,universe,2026-10-07,146.85,1.817,147.232,147.336,143.503,135.626,False,False,3.448,2.348,0.929,-0.141,0.971,5096700.0,0.839,865.129,0.533,154.2,142.6,154.51,110.099,-4.958,False,False,0.707,9.52,5.022,7,-1.015,5.87,-10.532,False,False
GIS,universe,2026-10-07,31.77,-1.274,32.838,34.308,36.899,37.797,False,True,1.044,3.287,0.914,-2.43,-4.911,10272600.0,1.084,378.064,0.045,37.96,31.18,48.258,31.18,-34.166,False,False,-15.707,-9.847,-10.204,6,-17.429,-13.497,-25.758,False,False
GL,universe,2026-10-07,163.41,-1.726,166.155,168.192,173.617,157.16,False,False,3.029,1.853,0.808,-1.579,-3.37,569200.0,1.139,78.717,0.156,175.869,163.603,191.168,126.815,-14.52,False,False,-4.068,-8.456,10.948,5,-5.79,-12.106,-4.606,False,False
GLW,universe,2026-10-07,163.25,-3.385,160.323,157.772,154.325,151.266,True,False,8.134,4.982,0.767,0.673,1.097,5183900.0,0.501,1217.603,0.355,171.3,142.35,271.269,76.983,-39.82,True,True,-1.633,-14.982,-0.783,2,-3.355,-18.632,-16.337,False,False
GM,universe,2026-10-07,80.99,-1.244,80.851,82.066,84.989,80.381,False,False,2.462,3.04,1.005,-0.437,-1.624,6269500.0,0.956,641.633,0.33,87.86,76.44,91.66,53.865,-11.641,False,True,-5.595,5.881,5.986,12,-7.317,2.23,-9.568,False,False
GNRC,universe,2026-10-07,221.34,-1.02,212.665,206.498,202.103,213.701,False,False,9.692,4.379,0.915,1.531,1.985,877000.0,0.681,306.312,0.865,231.89,173.25,296.44,134.8,-25.334,False,False,16.366,-6.156,9.072,2,14.644,-9.807,-6.482,False,False
GOOG,universe,2026-10-07,347.37,0.807,342.188,341.257,342.804,337.653,False,False,8.195,2.359,0.878,0.746,0.557,11317300.0,0.649,5971.478,0.967,359.98,325.63,403.964,236.069,-14.01,False,False,3.575,-2.427,10.505,5,1.853,-6.077,-5.049,False,False
GPC,universe,2026-10-07,125.41,-1.547,127.126,128.67,131.387,118.083,False,False,2.953,2.355,0.837,-1.104,-2.024,900900.0,0.867,118.843,0.537,136.38,123.93,147.428,89.108,-14.935,False,False,-6.452,1.703,18.949,8,-8.174,-1.947,3.395,False,False
GPN,universe,2026-10-07,81.08,-0.868,82.343,84.222,87.725,76.055,False,False,2.512,3.099,0.871,-1.25,-2.645,1482800.0,0.541,200.342,0.029,90.55,77.92,95.609,60.754,-15.197,False,True,-9.07,9.316,25.436,3,-10.792,5.666,9.882,False,False
GRMN,universe,2026-10-07,276.16,-1.092,282.855,283.341,289.22,245.782,False,False,7.051,2.553,0.893,-1.018,-1.852,684700.0,0.745,234.413,0.397,297.19,268.67,313.068,183.636,-11.789,False,True,0.562,13.382,10.154,6,-1.16,9.731,-5.4,False,False
GS,universe,2026-10-07,887.21,-1.111,908.923,936.209,992.063,952.582,False,False,23.126,2.607,0.799,-2.119,-4.534,2389700.0,1.195,2099.144,0.944,1042.99,881.0,1148.366,725.736,-22.742,False,False,-14.406,-15.57,-1.133,12,-16.128,-19.22,-16.687,False,False
GWW,universe,2026-10-07,1263.51,-0.945,1270.122,1274.609,1295.027,1207.148,False,False,24.727,1.957,0.852,-0.449,-1.275,238300.0,0.889,347.858,0.153,1300.0,1236.29,1417.143,901.223,-10.841,False,False,-1.99,-7.245,10.623,9,-3.712,-10.895,-4.931,False,False
HAL,universe,2026-10-07,31.75,-2.965,32.455,33.155,33.909,35.236,False,True,0.955,3.008,0.932,-1.471,-2.261,11229700.0,1.062,345.825,0.223,37.8,31.26,43.205,21.034,-26.513,False,False,-13.723,-6.514,-15.256,8,-15.445,-10.165,-30.811,False,False
HAS,universe,2026-10-07,90.75,-0.308,89.912,89.889,91.753,89.437,False,False,2.356,2.596,0.991,0.366,-0.426,1356800.0,0.797,160.265,0.327,93.03,85.37,104.6,67.328,-13.241,False,False,0.487,18.143,-1.78,5,-1.235,14.493,-17.334,False,False
HBAN,universe,2026-10-07,15.17,-1.044,15.376,15.695,16.508,16.59,False,True,0.331,2.184,0.925,-1.585,-4.039,30273500.0,1.171,510.602,0.773,16.824,14.82,18.905,14.493,-19.755,False,False,-8.591,-13.738,-5.453,7,-10.313,-17.388,-21.007,False,False
HCA,universe,2026-10-07,439.17,1.613,431.467,427.756,418.355,443.907,False,False,12.02,2.737,0.948,0.95,1.732,998800.0,0.734,600.736,0.772,446.36,395.271,553.561,353.339,-20.665,False,False,9.442,7.572,-12.721,5,7.72,3.922,-28.276,False,False
HIG,universe,2026-10-07,126.92,0.103,126.798,129.114,135.133,134.714,False,False,2.401,1.892,0.912,-0.914,-3.421,1400500.0,0.876,246.574,0.436,138.65,120.42,145.432,118.211,-12.729,True,False,-6.443,-7.972,-7.789,8,-8.165,-11.623,-23.343,False,False
HII,universe,2026-10-07,260.67,-1.168,266.369,271.981,291.968,340.585,False,True,7.594,2.913,0.835,-1.489,-4.121,566000.0,1.096,151.081,0.166,290.59,256.79,455.896,256.79,-42.822,True,True,-9.386,-8.499,-36.06,8,-11.108,-12.149,-51.614,False,False
HLT,universe,2026-10-07,320.53,-0.645,317.551,315.772,317.181,316.332,False,False,6.254,1.951,0.872,0.761,0.536,866900.0,0.471,501.853,0.207,325.93,300.0,357.837,253.044,-10.426,True,True,5.275,-5.027,1.143,4,3.553,-8.677,-14.411,False,False
HON,universe,2026-10-07,208.11,-2.236,211.367,211.603,219.343,229.021,False,True,4.318,2.075,0.745,-0.809,-2.601,2041000.0,0.688,617.489,0.067,216.13,196.98,258.086,193.255,-19.364,False,False,-0.062,-6.573,-13.915,4,-1.784,-10.223,-29.469,False,False
HONA,universe,2026-10-07,153.07,-2.745,156.271,158.654,166.131,,False,False,5.829,3.808,0.603,-0.958,-2.241,1985200.0,0.488,610.932,0.423,170.32,149.19,297.5,149.19,-48.548,False,False,-1.512,-31.396,,6,-3.234,-35.046,,False,False
HPE,universe,2026-10-07,72.09,2.284,66.672,63.157,57.02,37.421,True,False,3.599,4.993,1.122,2.482,4.187,25645500.0,1.204,1381.084,0.659,71.22,54.881,73.28,19.572,-1.624,False,False,28.989,47.164,190.167,1,27.267,43.514,174.613,True,True
HPQ,universe,2026-10-07,32.24,1.607,31.881,31.81,30.713,23.318,True,False,1.315,4.08,0.946,0.327,1.161,12709700.0,0.818,500.621,0.644,36.23,30.6,36.23,16.907,-11.013,True,False,4.438,34.908,74.429,2,2.716,31.258,58.875,False,False
HRL,universe,2026-10-07,19.55,-1.66,19.994,20.48,22.324,22.768,False,True,0.464,2.372,0.861,-2.006,-5.981,6066500.0,1.232,102.805,0.033,21.29,19.42,26.43,19.42,-26.031,False,False,-7.826,-18.683,-7.273,6,-9.549,-22.333,-22.827,False,False
HSIC,universe,2026-10-07,83.66,-1.391,84.874,85.793,87.651,80.373,False,False,1.863,2.226,0.973,-1.145,-2.143,1312000.0,1.121,108.861,0.048,89.12,83.3,92.18,61.95,-9.243,False,False,-5.852,-0.238,10.764,8,-7.574,-3.889,-4.79,False,False
HST,universe,2026-10-07,22.24,-1.068,22.325,22.265,22.596,20.68,False,False,0.421,1.892,0.845,-0.06,-0.847,4836000.0,0.53,192.373,0.042,22.84,21.338,25.481,14.46,-12.719,False,False,1.676,-3.109,18.215,3,-0.046,-6.759,2.661,False,False
HSY,universe,2026-10-07,160.34,-0.286,162.222,165.957,174.764,188.289,False,True,3.363,2.097,0.835,-1.67,-4.29,944400.0,0.669,252.294,0.211,178.03,156.16,235.799,156.16,-32.001,False,False,-7.462,-5.855,-22.081,8,-9.184,-9.505,-37.635,False,False
HUBB,universe,2026-10-06,485.41,0.99,469.539,465.238,471.411,485.838,False,False,12.865,2.65,0.879,1.568,1.088,504061.0,0.946,221.808,0.321,484.563,435.715,562.064,398.952,-13.638,False,True,5.359,1.335,-2.19,5,3.952,-3.444,-20.972,False,False
HUM,universe,2026-10-07,396.51,-1.92,392.601,390.741,386.279,294.64,True,False,14.021,3.536,0.995,0.411,0.73,1827500.0,1.507,466.08,0.112,419.97,369.13,428.88,161.904,-7.548,False,False,-1.632,-0.314,100.335,6,-3.354,-3.965,84.781,False,False
HWM,universe,2026-10-07,222.75,-3.821,228.748,233.36,254.578,248.815,False,False,6.988,3.137,0.804,-1.518,-4.555,2616100.0,0.885,641.906,0.107,238.64,223.03,309.85,183.448,-28.11,False,False,-3.792,-18.597,-10.818,4,-5.514,-22.247,-26.372,False,False
IBKR,universe,2026-10-07,87.74,-3.135,88.503,89.228,90.455,81.555,False,False,2.857,3.256,0.891,-0.521,-0.95,3649800.0,0.875,348.912,0.564,93.94,83.6,98.661,58.702,-11.069,False,False,-3.551,-7.83,21.572,9,-5.273,-11.48,6.017,False,False
IBM,universe,2026-10-07,220.51,-0.352,223.666,227.336,231.711,251.622,False,True,6.131,2.78,0.755,-1.113,-1.827,3891400.0,0.663,1358.067,0.475,251.82,218.6,330.092,197.771,-33.197,False,False,-4.989,-24.791,-7.452,5,-6.711,-28.441,-23.006,False,False
ICE,universe,2026-10-07,152.59,-0.586,152.889,153.9,155.182,153.914,False,False,3.335,2.186,0.927,-0.393,-0.777,1638200.0,0.479,406.939,0.491,159.998,147.5,174.254,121.386,-12.433,False,False,-2.956,13.313,-8.418,5,-4.678,9.663,-23.972,False,False
IDXX,universe,2026-10-07,506.67,-1.696,518.18,521.967,541.378,585.268,False,True,13.467,2.658,0.812,-1.136,-2.577,716400.0,1.312,253.23,0.393,536.84,500.61,769.98,500.61,-34.197,False,False,-2.603,-9.296,-14.391,4,-4.325,-12.947,-29.945,False,False
IEX,universe,2026-10-07,232.91,-1.426,231.282,229.229,229.802,210.242,False,False,4.681,2.01,0.91,0.786,0.664,774600.0,1.22,145.159,0.024,239.7,218.743,243.026,157.111,-4.162,False,False,3.542,6.331,18.904,6,1.82,2.681,3.35,False,False
IFF,universe,2026-10-07,84.11,0.226,83.991,84.173,84.044,75.931,False,False,1.696,2.016,0.796,-0.037,0.039,2398800.0,1.458,152.115,0.595,86.68,81.54,88.899,57.852,-5.387,False,False,-1.299,7.613,15.162,7,-3.021,3.962,-0.392,False,False
ILMN,universe,2026-10-07,267.76,-2.113,268.808,254.869,224.06,164.92,False,False,14.114,5.271,1.517,0.913,3.096,2949200.0,0.992,1121.188,0.464,309.35,200.01,309.35,88.0,-13.444,False,False,26.864,38.192,109.188,5,25.142,34.541,93.633,False,False
INCY,universe,2026-10-07,113.44,0.63,117.746,120.503,123.102,107.097,False,False,3.297,2.906,0.912,-2.142,-2.931,1274800.0,0.773,209.101,0.323,128.72,111.67,132.6,82.82,-14.449,False,False,-8.81,-4.286,18.302,8,-10.532,-7.937,2.748,False,False
INTU,universe,2026-10-07,297.24,2.564,287.741,296.764,322.543,386.174,False,False,11.792,3.967,0.813,0.04,-2.146,3520000.0,0.905,1084.834,0.804,342.31,262.32,682.759,251.725,-56.465,False,False,-6.801,8.728,-23.114,8,-8.523,5.077,-38.668,False,False
INVH,universe,2026-10-07,25.86,-2.008,26.335,26.821,28.284,27.261,False,False,0.446,1.726,0.915,-2.153,-5.431,8075100.0,1.742,158.079,0.0,28.064,25.95,30.549,23.451,-15.349,False,False,-7.331,-10.959,2.358,10,-9.053,-14.609,-13.196,False,False
IP,universe,2026-10-07,31.82,-0.996,32.924,34.146,37.505,37.183,False,False,1.114,3.502,0.814,-2.088,-5.102,5167800.0,1.069,192.471,0.625,36.57,31.11,48.47,28.505,-34.352,False,False,-12.798,-13.442,-11.89,9,-14.52,-17.092,-27.444,False,False
IQV,universe,2026-10-07,258.11,-0.719,263.611,263.583,256.195,206.425,False,False,7.564,2.931,0.972,-0.724,0.253,1406100.0,0.923,437.103,0.481,277.4,252.53,277.4,154.5,-6.954,False,False,-0.424,23.515,49.594,5,-2.146,19.865,34.04,False,False
IR,universe,2026-10-07,77.24,-2.487,76.605,76.145,78.787,81.523,False,False,2.138,2.768,0.912,0.512,-0.724,4863000.0,1.121,392.608,0.371,80.545,70.945,100.886,68.054,-23.438,False,False,2.836,0.27,-8.728,7,1.114,-3.38,-24.282,False,False
IRM,universe,2026-10-07,115.75,-0.644,113.77,114.206,117.676,111.349,False,False,3.145,2.717,0.785,0.491,-0.612,1406300.0,0.841,181.747,0.536,118.47,108.96,133.642,76.027,-13.388,True,False,0.491,-2.369,9.794,8,-1.232,-6.019,-5.76,False,False
ISRG,universe,2026-10-07,414.52,2.411,403.745,396.532,383.431,444.978,False,False,11.543,2.785,0.932,1.558,2.693,1896000.0,0.77,900.645,0.818,416.51,345.25,603.88,328.57,-31.357,False,False,18.38,0.722,-10.331,3,16.658,-2.929,-25.885,False,False
IT,universe,2026-10-07,185.77,0.46,186.048,185.538,184.544,172.139,False,False,7.826,4.213,0.873,0.03,0.157,736900.0,0.58,184.64,0.181,204.29,166.01,261.1,124.25,-28.851,True,False,7.637,40.003,24.344,4,5.915,36.353,8.79,False,False
ITW,universe,2026-10-07,261.15,-2.242,264.659,266.907,275.768,265.549,False,False,5.364,2.054,0.941,-1.073,-2.726,1211900.0,0.954,381.115,0.056,274.61,255.69,299.976,232.867,-12.943,False,False,-2.176,-0.993,-1.883,7,-3.898,-4.644,-17.437,False,False
IVZ,universe,2026-10-07,30.5,0.395,30.56,30.835,31.386,27.599,False,False,0.829,2.718,0.903,-0.404,-1.069,4447500.0,1.013,142.542,0.97,32.85,29.56,33.66,20.033,-9.388,False,False,-5.69,7.319,27.815,8,-7.412,3.669,12.261,False,False
J,universe,2026-10-07,136.35,-2.069,138.528,140.138,143.176,132.631,False,False,3.594,2.636,1.005,-1.054,-1.9,1147500.0,1.328,116.252,0.396,145.71,134.23,166.664,105.09,-18.189,False,False,-5.49,8.616,4.557,5,-7.212,4.966,-10.998,False,False
JBHT,universe,2026-10-07,222.64,-1.456,229.584,237.973,257.282,243.304,False,False,7.286,3.272,0.867,-2.105,-4.755,684200.0,0.692,285.298,0.149,275.78,222.77,299.255,135.352,-25.602,False,True,-18.975,-21.087,-0.534,8,-20.697,-24.738,-16.088,False,False
JBL,universe,2026-10-07,299.47,-3.144,304.362,306.486,316.491,302.877,False,False,13.38,4.468,0.925,-0.524,-1.272,1420000.0,1.175,465.824,0.372,331.58,284.39,428.837,189.457,-30.167,False,False,-4.117,-9.917,4.34,3,-5.839,-13.567,-11.214,False,False
JCI,universe,2026-10-07,155.93,-1.783,152.8,149.391,146.577,137.535,True,False,3.635,2.331,0.882,1.799,2.573,1868400.0,0.559,490.935,0.475,160.41,135.411,160.41,103.591,-2.793,False,False,6.83,11.269,12.805,6,5.108,7.619,-2.749,False,False
JKHY,universe,2026-10-07,145.69,0.872,146.298,150.007,156.55,155.972,False,False,4.109,2.821,0.847,-1.051,-2.643,661100.0,0.677,158.852,0.741,168.28,141.74,191.132,120.601,-23.775,False,False,-8.847,-2.663,-7.028,6,-10.569,-6.313,-22.582,False,False
KDP,universe,2026-10-07,30.54,-1.895,30.865,31.029,31.091,29.046,False,False,0.798,2.614,0.944,-0.613,-0.69,7039900.0,0.629,342.088,0.061,32.425,30.06,33.577,24.257,-9.044,False,False,-5.495,0.135,19.894,7,-7.217,-3.515,4.34,False,False
KEY,universe,2026-10-07,19.83,-1.539,20.213,20.61,21.562,21.254,False,False,0.404,2.039,0.946,-1.929,-4.283,16207900.0,1.346,333.698,0.417,22.16,19.5,23.842,15.819,-16.826,False,False,-8.995,-13.334,-5.034,8,-10.717,-16.984,-20.588,False,False
KEYS,universe,2026-10-07,381.42,-1.703,371.732,358.063,338.428,305.284,True,False,10.478,2.747,0.848,2.229,4.103,1039500.0,0.847,388.312,0.585,389.93,311.435,389.93,158.79,-2.182,False,False,14.396,18.391,19.819,2,12.674,14.741,4.265,False,False
KHC,universe,2026-10-07,21.98,-0.227,22.669,23.365,24.508,23.238,False,False,0.578,2.628,0.828,-2.398,-4.376,15342400.0,0.84,508.905,0.4,25.2,21.76,27.648,20.335,-20.501,False,False,-11.727,-9.516,-0.932,9,-13.449,-13.167,-16.486,False,False
KIM,universe,2026-10-07,21.85,-1.31,22.22,22.556,23.445,22.858,False,False,0.324,1.482,0.83,-2.179,-4.923,4605600.0,0.913,125.157,0.032,23.78,21.86,26.338,18.955,-17.04,False,False,-8.039,-11.316,-1.408,7,-9.761,-14.967,-16.962,False,False
KKR,universe,2026-10-07,89.67,-1.103,92.326,95.7,102.627,102.038,False,False,2.922,3.258,0.816,-2.064,-4.435,4651800.0,1.053,399.245,0.699,105.93,88.55,144.02,82.352,-37.738,False,False,-15.19,-6.679,-4.197,8,-16.912,-10.329,-19.751,False,False
KLAC,universe,2026-10-07,196.83,-0.319,196.086,191.256,187.091,178.71,True,False,7.729,3.927,0.722,0.721,1.26,7155400.0,0.714,1683.65,0.941,208.68,165.89,307.023,97.571,-35.891,False,False,4.154,-14.146,17.981,3,2.432,-17.796,2.427,False,False
KMB,universe,2026-10-07,96.48,-0.3,96.755,98.44,103.597,100.36,False,False,1.998,2.07,0.774,-0.981,-3.563,2800700.0,0.697,451.641,0.099,101.0,93.95,117.096,90.087,-17.606,False,True,-6.266,-11.182,2.04,8,-7.988,-14.832,-13.514,False,False
KMI,universe,2026-10-07,31.82,-1.057,31.284,31.247,31.439,31.151,False,False,0.748,2.35,1.023,0.766,0.509,7418000.0,0.64,400.311,0.35,32.33,29.43,34.488,24.736,-7.735,True,False,-0.5,-0.872,-1.655,7,-2.222,-4.522,-17.21,False,False
KO,universe,2026-10-07,85.82,-0.406,86.539,87.042,87.67,79.381,False,False,1.229,1.432,0.814,-0.994,-1.506,12959100.0,0.815,1387.885,0.116,89.824,85.13,91.941,64.164,-6.658,False,False,-2.295,4.48,12.42,5,-4.017,0.83,-3.134,False,False
KR,universe,2026-10-07,59.25,1.438,59.084,58.992,58.127,62.859,False,False,1.49,2.515,0.974,0.173,0.754,8938800.0,1.281,509.838,0.08,62.55,55.65,75.66,53.781,-21.689,False,False,3.584,-0.34,-15.486,7,1.862,-3.99,-31.041,False,False
KVUE,universe,2026-10-07,17.53,-0.341,17.556,17.738,18.313,17.549,False,False,0.302,1.721,0.78,-0.689,-2.596,11879100.0,0.519,439.73,0.059,18.08,17.161,19.673,13.219,-10.895,False,True,-3.539,-6.481,4.689,7,-5.261,-10.132,-10.865,False,False
L,universe,2026-10-07,105.67,-0.742,105.86,106.745,110.003,108.902,False,False,1.562,1.478,0.833,-0.688,-2.774,798000.0,0.919,117.152,0.035,110.28,103.89,120.942,97.156,-12.628,True,False,-2.383,-8.181,-3.643,8,-4.105,-11.832,-19.197,False,False
LDOS,universe,2026-10-07,113.55,-2.691,119.917,123.605,130.278,145.35,False,True,3.694,3.253,0.887,-2.722,-4.529,1613000.0,1.177,162.072,0.326,133.93,115.8,203.414,98.54,-44.178,False,False,-11.855,6.846,-28.834,6,-13.577,3.195,-44.388,False,False
LEN,universe,2026-10-07,76.13,-1.014,78.502,79.74,82.605,92.417,False,True,3.147,4.134,1.159,-1.147,-2.057,5230800.0,1.324,499.164,0.697,83.706,73.274,130.828,73.274,-41.809,True,False,-4.66,-8.617,-12.569,8,-6.382,-12.267,-28.123,False,False
LH,universe,2026-10-07,311.97,0.083,310.534,313.228,319.451,280.123,False,False,6.809,2.183,0.861,-0.185,-1.099,546600.0,0.735,263.447,0.196,327.95,302.71,341.069,242.071,-8.532,False,False,-3.968,12.61,14.115,6,-5.69,8.96,-1.439,False,False
LHX,universe,2026-10-07,233.63,-1.795,237.966,243.344,260.422,307.514,False,True,5.103,2.184,0.716,-1.903,-5.25,978300.0,0.583,394.71,0.11,258.04,234.01,374.594,233.01,-37.631,False,False,-8.645,-19.016,-34.884,8,-10.368,-22.666,-50.438,False,False
LII,universe,2026-10-07,358.43,-1.969,361.931,368.137,389.818,481.456,False,True,11.119,3.102,0.727,-0.873,-2.823,339600.0,0.611,177.286,0.719,385.638,348.898,585.052,348.898,-38.735,False,False,-6.592,-33.063,-24.563,5,-8.314,-36.713,-40.117,False,False
LIN,universe,2026-10-07,483.98,-1.218,477.814,475.167,478.238,484.504,False,False,8.331,1.721,0.905,1.058,0.689,1942800.0,0.901,1020.758,0.042,492.1,454.19,546.401,383.999,-11.424,True,False,3.331,-7.608,-2.672,7,1.609,-11.259,-18.226,False,False
LITE,universe,2026-10-07,1111.07,-1.97,1041.804,988.727,903.211,757.241,True,False,63.421,5.708,0.872,1.929,3.277,3385900.0,0.704,4490.717,0.78,1137.205,832.11,1137.205,147.81,-2.298,False,True,13.544,41.399,24.001,4,11.822,37.749,8.446,False,False
LLY,universe,2026-10-07,1188.72,2.698,1163.005,1162.816,1173.886,1073.097,False,False,33.136,2.788,0.916,0.782,0.448,2303500.0,0.905,2593.849,0.559,1215.0,1113.29,1292.65,778.937,-8.04,False,False,5.766,-2.18,25.089,2,4.044,-5.83,9.535,False,False
LMT,universe,2026-10-07,499.22,-2.137,510.91,520.762,549.876,557.532,False,True,10.958,2.195,0.777,-1.966,-4.623,1074000.0,0.959,605.534,0.042,543.59,498.55,683.273,429.472,-26.937,False,False,-6.888,-3.078,-19.555,8,-8.61,-6.728,-35.109,False,False
LNT,universe,2026-10-07,65.21,-0.428,64.615,65.266,67.542,69.584,False,False,1.101,1.689,0.882,-0.051,-2.118,2128900.0,0.814,186.434,0.193,68.97,62.54,78.215,62.409,-16.627,False,True,-4.956,-13.202,-9.306,5,-6.678,-16.853,-24.86,False,False
LOW,universe,2026-10-07,181.54,-1.16,184.682,189.791,203.208,228.929,False,True,4.279,2.357,0.825,-1.928,-5.064,2370400.0,0.761,628.291,0.334,201.14,178.45,289.869,178.45,-37.372,True,False,-9.592,-14.243,-24.674,9,-11.314,-17.894,-40.228,False,False
LRCX,universe,2026-10-07,329.51,-1.312,327.978,318.279,308.654,277.252,True,False,13.634,4.138,0.724,0.824,1.53,6387800.0,0.691,2870.926,0.972,352.56,265.088,438.035,130.418,-24.775,False,False,2.946,-6.6,33.917,5,1.224,-10.251,18.363,False,False
LULU,universe,2026-10-07,91.88,-1.848,95.805,99.581,110.459,143.199,False,True,3.795,4.13,0.848,-2.029,-4.896,4471400.0,0.845,519.823,0.493,104.24,91.28,225.98,90.56,-59.342,False,False,-10.96,-21.14,-42.163,6,-12.682,-24.79,-57.717,False,False
LUV,universe,2026-10-07,41.72,-1.72,41.841,41.476,41.902,43.181,False,False,1.207,2.893,0.859,0.202,-0.151,4706700.0,0.902,258.768,0.3,43.2,37.75,54.38,28.747,-23.28,False,True,7.887,-14.841,4.204,2,6.165,-18.491,-11.35,False,False
LVS,universe,2026-10-07,35.81,-1.377,37.386,39.153,43.175,50.793,False,True,0.955,2.668,0.814,-3.499,-7.708,4824000.0,0.896,229.427,0.145,43.92,36.08,69.237,35.7,-48.279,False,False,-18.577,-22.414,-33.611,12,-20.299,-26.064,-49.165,False,False
LYB,universe,2026-10-07,58.49,-0.747,59.018,60.178,62.076,61.237,False,False,1.878,3.211,0.877,-0.899,-1.909,2663200.0,0.692,225.891,0.253,66.1,55.88,82.222,39.115,-28.864,False,False,-9.444,6.687,-19.547,9,-11.166,3.036,-35.101,False,False
LYV,universe,2026-10-07,170.84,-0.559,170.32,171.367,176.755,164.295,False,False,3.971,2.324,0.903,-0.133,-1.49,1162400.0,0.571,337.03,0.558,174.7,164.82,189.25,125.34,-9.728,False,False,0.229,-6.43,4.451,8,-1.493,-10.08,-11.103,False,False
MAA,universe,2026-10-07,114.21,-2.376,117.047,119.708,126.676,128.961,False,True,2.218,1.942,0.949,-2.479,-5.621,1255300.0,1.149,158.038,0.007,128.81,114.39,142.757,114.19,-19.997,False,False,-10.697,-15.05,-7.25,10,-12.419,-18.7,-22.804,False,False
MAR,universe,2026-10-07,356.5,-1.323,355.288,351.591,350.316,349.052,True,False,6.943,1.948,0.862,0.707,0.891,1270000.0,0.776,525.319,0.132,364.09,320.91,410.147,254.64,-13.08,False,False,8.428,-4.093,2.682,2,6.706,-7.743,-12.872,False,False
MAS,universe,2026-10-07,68.87,-1.516,68.692,69.137,71.372,69.698,False,False,1.778,2.582,0.827,-0.15,-1.407,2718500.0,1.115,167.454,0.614,70.65,66.26,83.275,57.513,-17.298,False,False,-2.904,-9.744,11.688,6,-4.626,-13.395,-3.866,False,False
MCD,universe,2026-10-07,230.88,-0.675,234.698,240.999,256.091,285.16,False,True,4.246,1.839,0.839,-2.384,-5.938,4652400.0,0.895,1509.761,0.083,258.45,229.2,335.18,229.2,-31.118,False,False,-9.746,-15.903,-23.749,6,-11.468,-19.553,-39.303,False,False
MCHP,universe,2026-10-07,78.02,-3.987,78.653,77.143,75.794,78.434,False,False,2.844,3.646,0.818,0.308,0.783,8950200.0,0.979,629.906,0.411,83.4,68.75,104.751,47.282,-25.519,False,False,6.323,-11.07,11.527,8,4.601,-14.721,-4.027,False,False
MCK,universe,2026-10-07,910.33,-1.23,896.314,889.533,880.979,847.556,True,False,23.664,2.6,0.973,0.879,1.24,794400.0,0.84,761.433,0.072,928.46,847.29,996.837,722.113,-8.678,False,False,2.386,14.945,4.721,6,0.663,11.295,-10.833,False,False
MCO,universe,2026-10-07,449.63,-0.595,454.183,462.658,478.898,468.945,False,False,10.462,2.327,0.899,-1.245,-2.798,633400.0,0.825,388.096,0.766,485.84,438.01,543.253,399.612,-17.234,False,False,-6.57,-7.482,0.902,9,-8.292,-11.133,-14.653,False,False
MDLZ,universe,2026-10-07,59.38,-0.403,59.19,59.845,61.319,58.67,False,False,1.156,1.946,0.831,-0.402,-1.678,6277900.0,0.77,479.214,0.081,63.27,57.32,66.066,49.897,-10.12,False,True,-2.799,2.753,2.681,6,-4.521,-0.897,-12.873,False,False
MDT,universe,2026-10-07,85.51,-1.814,87.419,88.499,89.441,87.018,False,False,2.138,2.5,0.992,-1.398,-1.839,55891000.0,4.716,1779.883,0.029,93.93,85.22,102.919,72.063,-16.915,False,False,-6.688,4.638,-1.873,8,-8.41,0.988,-17.428,False,False
MET,universe,2026-10-07,95.78,-1.42,95.993,96.151,96.432,83.224,False,False,1.912,1.997,1.043,-0.194,-0.341,3176000.0,0.944,316.356,0.257,99.06,92.21,100.93,66.407,-5.103,False,False,0.293,5.731,30.632,4,-1.429,2.08,15.078,False,False
MGM,universe,2026-10-07,30.0,-1.768,31.838,34.531,40.038,39.654,False,False,1.103,3.676,1.093,-4.108,-9.101,5399000.0,1.581,179.235,0.437,41.2,29.92,51.59,29.19,-41.849,False,False,-26.362,-35.401,-19.137,9,-28.084,-39.051,-34.692,False,False
MKC,universe,2026-10-07,45.25,-0.33,46.361,48.025,51.364,54.587,False,True,1.429,3.158,0.965,-1.942,-4.279,4117100.0,1.289,195.557,0.058,52.85,43.25,71.126,43.25,-36.38,False,False,-12.813,-12.204,-8.796,9,-14.535,-15.854,-24.35,False,False
MLM,universe,2026-10-07,479.01,-2.045,485.186,492.818,516.113,585.827,False,True,12.883,2.689,0.878,-1.072,-2.88,577400.0,0.774,426.049,0.341,514.13,470.19,707.936,470.19,-32.337,False,False,-6.44,-16.106,-23.046,7,-8.162,-19.757,-38.6,False,False
MMM,universe,2026-10-07,162.12,-0.929,164.428,166.162,172.203,159.506,False,False,3.39,2.091,0.894,-1.193,-2.975,3205700.0,1.103,507.547,0.419,170.98,159.92,184.094,138.019,-11.936,False,False,-3.224,4.821,9.722,5,-4.946,1.171,-5.832,False,False
MNST,universe,2026-10-07,42.88,-0.855,42.953,43.465,45.211,42.482,False,False,0.969,2.259,0.892,-0.604,-2.407,8372200.0,0.808,429.518,0.356,45.08,41.05,50.17,32.94,-14.531,False,False,-0.626,-11.176,14.134,8,-2.348,-14.826,-1.42,False,False
MO,universe,2026-10-07,69.38,1.211,68.381,68.308,67.429,65.619,True,False,1.339,1.93,0.822,0.8,1.457,6957900.0,0.778,532.442,0.727,70.71,65.78,75.849,52.173,-8.528,False,False,3.4,-1.539,7.099,6,1.678,-5.19,-8.455,False,False
MOS,universe,2026-10-07,19.97,-4.632,21.725,22.684,23.326,24.068,False,True,1.038,5.197,1.025,-2.615,-3.233,11802300.0,1.44,197.077,0.091,26.734,20.38,34.725,19.634,-42.49,False,False,-24.09,-2.944,-23.577,8,-25.812,-6.595,-39.131,False,False
MPC,universe,2026-10-07,442.26,2.29,418.668,405.826,372.791,264.542,True,False,14.915,3.372,1.255,2.443,4.658,1923900.0,0.729,1228.322,0.727,437.67,378.8,444.99,160.072,-0.613,False,False,11.185,56.538,91.897,3,9.463,52.887,76.343,True,False
MPWR,universe,2026-10-07,1425.98,-3.237,1395.733,1347.054,1311.341,1287.358,True,False,53.406,3.745,0.784,1.478,2.147,481700.0,0.661,933.308,0.35,1491.64,1132.158,1708.954,827.626,-16.558,False,False,17.2,3.927,8.936,7,15.478,0.276,-6.618,False,False
MRK,universe,2026-10-07,142.79,0.599,144.3,145.097,142.354,122.11,False,False,3.392,2.375,0.926,-0.68,0.128,6352200.0,0.625,1433.413,0.489,153.57,138.8,155.999,79.671,-8.467,False,False,-3.251,14.842,17.443,3,-4.974,11.192,1.888,False,False
MRNA,universe,2026-10-07,196.48,4.812,190.227,176.455,132.067,70.865,True,False,14.748,7.506,1.393,1.358,4.367,14614400.0,0.708,2765.476,0.92,212.22,130.38,212.22,22.28,-7.417,False,False,40.013,156.635,277.121,3,38.291,152.985,261.567,False,False
MRSH,universe,2026-10-07,173.66,1.118,171.544,173.677,182.087,174.764,False,False,3.671,2.114,0.899,-0.005,-2.296,2732000.0,1.101,498.35,0.961,180.398,166.27,203.378,154.816,-14.612,False,False,-3.239,-1.865,0.429,8,-4.961,-5.516,-15.125,False,False
MRVL,universe,2026-10-07,284.68,-0.812,269.789,257.281,232.428,169.832,True,False,14.14,4.967,0.862,1.938,3.695,23742000.0,1.073,4874.085,0.777,301.27,213.63,329.799,70.637,-13.681,True,False,26.294,17.051,148.923,2,24.572,13.401,133.369,False,False
MS,universe,2026-10-07,189.71,-0.686,192.579,197.748,208.001,192.772,False,False,4.625,2.438,0.853,-1.738,-3.954,5050100.0,1.032,1140.612,0.968,217.76,182.47,230.979,148.474,-17.867,False,False,-12.269,-14.125,8.953,10,-13.991,-17.775,-6.601,False,False
MSCI,universe,2026-10-07,555.38,0.083,549.261,551.265,559.296,569.63,False,False,12.095,2.178,0.837,0.34,-0.324,414200.0,0.715,321.583,0.654,564.77,533.45,642.472,495.545,-13.556,False,False,0.724,-7.621,0.44,8,-0.998,-11.272,-15.114,False,False
MSI,universe,2026-10-07,448.33,-1.742,452.543,456.152,461.974,430.092,False,False,8.399,1.873,0.784,-0.931,-1.624,720900.0,0.763,392.178,0.008,477.605,443.68,493.574,356.42,-9.167,False,False,-2.914,7.737,0.694,8,-4.636,4.087,-14.86,False,False
MTB,universe,2026-10-07,216.63,-0.965,219.53,223.989,235.941,221.7,False,False,3.945,1.821,0.915,-1.865,-4.895,934600.0,0.925,249.804,0.609,241.58,211.71,254.309,169.892,-14.816,False,True,-9.147,-8.369,0.234,10,-10.869,-12.019,-15.32,False,False
MTD,universe,2026-10-07,1533.48,0.027,1506.885,1469.623,1419.601,1320.842,True,False,44.595,2.908,1.162,1.432,2.554,227200.0,1.19,314.563,0.489,1585.72,1266.55,1585.72,1023.05,-3.294,True,False,15.689,19.057,15.93,8,13.967,15.407,0.376,False,False
NCLH,universe,2026-10-07,15.05,-2.966,14.886,15.023,16.477,19.344,False,False,0.615,4.086,0.849,0.044,-2.321,25657500.0,1.442,317.85,0.42,15.74,13.63,25.13,13.63,-40.111,False,False,-2.209,-23.836,-25.347,8,-3.931,-27.486,-40.901,False,False
NDAQ,universe,2026-10-07,91.93,-0.368,92.223,92.859,94.609,90.084,False,False,2.128,2.315,0.976,-0.436,-1.259,3123900.0,1.011,318.919,0.879,96.76,87.94,100.765,76.292,-8.768,False,False,-2.945,5.394,5.088,10,-4.667,1.744,-10.467,False,False
NDSN,universe,2026-10-07,327.69,-1.954,328.577,324.239,316.868,287.082,False,False,6.179,1.886,0.948,0.559,1.751,499900.0,1.318,117.901,0.115,338.18,306.03,338.18,220.544,-3.102,False,False,3.748,14.773,20.044,4,2.026,11.122,4.49,False,False
NEE,universe,2026-10-07,77.06,-1.053,77.13,78.457,82.05,86.284,False,True,1.37,1.778,0.939,-1.019,-3.641,10602800.0,0.901,1032.636,0.333,84.25,74.41,97.3,74.41,-20.802,False,False,-8.076,-10.862,-16.95,7,-9.798,-14.512,-32.504,False,False
NEM,universe,2026-10-07,113.54,-2.449,116.978,119.172,119.06,111.347,False,False,3.801,3.348,0.907,-1.482,-1.452,4344700.0,0.597,746.515,0.651,130.48,113.58,135.009,75.343,-15.902,False,False,-10.662,20.005,-3.477,7,-12.384,16.354,-19.031,False,False
NFLX,universe,2026-10-07,69.7,1.47,69.642,71.779,75.425,83.683,False,False,1.84,2.639,0.802,-1.13,-3.112,30078700.0,0.912,2588.884,0.928,81.02,66.54,124.86,65.08,-44.177,False,False,-9.209,-7.645,-29.872,6,-10.931,-11.296,-45.426,False,False
NI,universe,2026-10-07,40.54,-0.32,39.915,40.19,41.323,44.429,False,False,0.693,1.709,0.859,0.506,-1.13,4902200.0,0.845,229.32,0.434,42.05,38.42,48.882,38.42,-17.066,False,True,-3.246,-12.534,-14.621,6,-4.968,-16.184,-30.175,False,False
NKE,universe,2026-10-07,34.36,-0.722,34.983,35.867,38.263,47.422,False,True,1.126,3.278,0.988,-1.338,-3.465,37583300.0,1.09,1667.965,0.764,37.85,31.97,69.295,31.97,-50.415,True,True,-9.816,-18.83,-18.768,7,-11.538,-22.48,-34.322,False,False
NOC,universe,2026-10-07,473.46,-1.997,489.142,503.188,532.828,592.646,False,True,11.557,2.441,0.872,-2.572,-5.137,716400.0,0.882,489.233,0.039,536.62,470.06,767.12,470.06,-38.281,False,False,-8.701,-10.638,-30.512,7,-10.423,-14.288,-46.066,False,False
NOW,universe,2026-10-07,137.87,-0.072,136.268,135.618,131.129,115.493,True,False,5.603,4.064,0.876,0.402,1.203,8030800.0,0.49,1529.849,0.115,147.57,126.75,192.966,81.24,-28.552,False,True,2.727,26.672,41.449,5,1.005,23.022,25.895,False,False
NRG,universe,2026-10-07,108.61,4.836,101.147,103.522,112.266,139.395,False,False,4.755,4.378,0.858,1.07,-0.769,5384300.0,1.771,321.427,0.811,118.93,93.36,188.71,93.36,-42.446,False,False,-9.219,-22.412,-31.797,11,-10.941,-26.062,-47.351,False,False
NSC,universe,2026-10-07,313.2,-0.983,314.543,317.737,329.323,309.984,False,False,5.199,1.66,0.821,-0.873,-3.101,825700.0,0.741,314.376,0.071,326.93,305.43,357.186,273.588,-12.315,False,False,-4.489,-2.882,7.378,7,-6.211,-6.532,-8.176,False,False
NTAP,universe,2026-10-07,235.77,3.204,217.948,208.048,195.848,140.079,True,False,8.58,3.639,1.095,3.231,4.653,3003500.0,1.158,544.009,0.681,231.9,182.23,238.08,92.93,-0.97,False,False,24.66,37.708,137.746,2,22.938,34.058,122.192,True,False
NTRS,universe,2026-10-07,168.18,-0.755,171.532,174.83,181.217,161.996,False,False,3.6,2.141,0.923,-1.847,-3.621,1083500.0,1.066,187.214,0.893,189.59,166.16,194.861,118.609,-13.692,False,False,-9.033,-7.594,11.874,7,-10.755,-11.245,-3.68,False,False
NUE,universe,2026-10-07,246.44,-1.844,245.408,247.451,255.026,214.973,False,False,7.672,3.113,0.926,-0.132,-1.119,1063000.0,0.759,321.032,0.042,267.445,229.2,279.446,129.801,-11.811,False,True,-3.656,11.133,35.942,6,-5.378,7.482,20.388,False,False
NVR,universe,2026-10-07,5931.62,-1.902,6085.465,6157.243,6258.857,6667.085,False,True,151.346,2.552,0.904,-1.491,-2.162,54500.0,1.471,262.985,0.648,6383.3,5880.0,8200.0,5501.01,-27.663,False,False,-3.028,-8.342,-12.196,10,-4.75,-11.992,-27.75,False,False
NWS,universe,2026-10-07,31.52,0.0,31.809,32.234,32.968,30.099,False,False,0.741,2.35,0.86,-0.965,-1.956,1092300.0,0.936,38.283,0.6,34.06,31.08,35.653,25.32,-11.592,False,True,-5.174,1.557,10.156,10,-6.896,-2.093,-5.398,False,False
NWSA,universe,2026-10-07,28.61,0.21,28.789,29.066,29.361,26.492,False,False,0.696,2.432,0.936,-0.656,-1.08,3890100.0,0.94,131.459,0.579,30.7,27.98,31.554,22.033,-9.33,False,False,-3.735,4.424,15.333,7,-5.457,0.774,-0.222,False,False
NXPI,universe,2026-10-07,235.22,-3.748,238.097,235.185,230.456,244.03,False,False,7.516,3.195,0.817,0.005,0.634,2930000.0,0.802,769.005,0.476,248.86,216.66,337.283,179.824,-30.26,False,False,5.543,-18.676,16.062,5,3.821,-22.326,0.508,False,False
O,universe,2026-10-07,53.35,-1.659,54.504,55.974,59.504,60.415,False,True,0.837,1.57,0.872,-3.133,-7.35,6518600.0,0.945,515.689,0.031,61.008,53.33,66.247,53.275,-19.468,False,False,-12.136,-14.394,-12.749,9,-13.858,-18.044,-28.303,False,False
ODFL,universe,2026-10-07,175.61,-1.354,177.462,180.181,193.356,199.635,False,True,5.054,2.878,0.768,-0.904,-3.511,1683500.0,0.929,326.838,0.048,188.27,169.65,251.639,125.232,-30.214,False,False,-6.096,-22.124,-15.142,6,-7.818,-25.774,-30.696,False,False
OKE,universe,2026-10-07,88.05,-1.322,88.735,90.189,92.022,85.645,False,False,2.444,2.776,1.003,-0.875,-1.625,3116300.0,0.838,343.189,0.336,99.3,84.15,99.85,61.672,-11.818,False,False,-9.702,-0.447,3.916,6,-11.424,-4.097,-11.638,False,False
OMC,universe,2026-10-07,74.87,-0.306,75.152,76.629,80.76,76.79,False,False,1.923,2.568,0.764,-0.915,-3.064,1803200.0,0.62,236.496,0.508,80.859,73.63,88.658,64.319,-15.552,False,False,-6.767,-6.421,-0.548,4,-8.489,-10.071,-16.102,False,False
ON,universe,2026-10-07,82.51,-4.403,80.606,77.933,76.535,80.917,False,False,3.46,4.193,0.816,1.323,1.727,12963300.0,1.255,938.025,0.146,86.92,65.8,134.92,44.56,-38.845,False,False,16.08,-15.694,20.664,6,14.358,-19.345,5.11,False,False
ORLY,universe,2026-10-07,84.61,-0.623,85.094,85.685,88.07,90.833,False,True,1.788,2.113,0.807,-0.601,-1.935,6667600.0,1.14,539.845,0.092,87.46,82.83,104.06,82.59,-18.691,False,False,-1.49,-0.599,-9.08,8,-3.212,-4.249,-24.634,False,False
OTIS,universe,2026-10-07,65.74,-1.068,65.942,67.06,69.893,77.027,False,True,1.522,2.315,0.992,-0.867,-2.729,3028500.0,0.757,340.419,0.217,71.13,63.575,93.429,63.575,-29.637,False,False,-6.166,-8.141,-16.356,9,-7.888,-11.791,-31.91,False,False
OXY,universe,2026-10-07,58.21,-0.206,57.755,58.068,58.396,53.879,False,False,1.567,2.691,0.988,0.091,-0.119,7117500.0,0.843,555.763,0.331,63.77,54.76,66.833,38.264,-12.903,False,False,-3.583,11.811,-1.711,6,-5.305,8.161,-17.265,False,False
P,universe,2026-10-07,152.66,3.709,135.96,124.139,106.487,79.816,True,False,6.444,4.221,1.127,4.426,7.165,5043400.0,0.981,912.146,0.911,149.045,92.27,153.46,56.78,-0.521,False,False,50.939,88.562,145.237,1,49.217,84.912,129.683,True,False
PANW,universe,2026-10-07,405.57,-3.415,398.399,385.791,367.303,253.719,True,False,17.139,4.226,1.007,1.154,2.233,3889400.0,0.629,2339.807,0.079,432.33,327.05,432.33,139.57,-6.19,False,False,20.354,19.881,133.381,4,18.632,16.231,117.827,False,False
PAYX,universe,2026-10-07,101.55,0.525,102.263,106.774,116.139,102.085,False,False,2.76,2.717,0.842,-1.893,-5.287,2429600.0,0.811,388.099,0.346,119.61,98.0,127.98,83.496,-20.652,False,False,-13.153,-3.437,15.616,5,-14.875,-7.088,0.062,False,False
PCAR,universe,2026-10-07,106.86,-2.25,110.424,113.958,123.038,120.211,False,False,2.573,2.408,0.825,-2.759,-6.289,4174700.0,1.25,437.348,0.159,124.58,108.04,138.872,90.03,-23.052,False,False,-12.767,-13.09,-13.459,11,-14.489,-16.74,-29.013,False,False
PCG,universe,2026-10-07,12.79,2.32,12.512,13.041,15.105,16.368,False,False,0.489,3.824,0.801,-0.513,-4.732,39546200.0,0.953,480.022,0.85,14.809,11.722,18.972,11.722,-32.583,False,False,-13.342,-25.246,-29.962,4,-15.064,-28.896,-45.516,False,False
PEG,universe,2026-10-07,71.74,0.014,69.39,69.793,72.225,77.517,False,False,1.298,1.809,1.012,1.5,-0.374,5864400.0,1.771,290.926,0.692,73.59,66.15,85.404,66.15,-16.0,False,False,-2.487,-9.7,-11.702,8,-4.209,-13.351,-27.256,False,False
PEP,universe,2026-10-07,123.73,-1.575,126.848,129.671,135.301,144.248,False,True,2.269,1.834,0.887,-2.619,-5.101,13297700.0,1.662,1252.762,0.088,138.8,124.22,166.414,123.47,-25.649,False,False,-10.632,-9.291,-18.367,8,-12.354,-12.941,-33.921,False,False
PFE,universe,2026-10-07,28.0,1.818,27.967,27.953,27.497,25.86,True,False,0.536,1.913,0.988,0.089,0.939,31210700.0,0.871,910.062,0.726,28.95,27.12,29.21,22.567,-4.142,False,False,0.756,17.484,5.424,4,-0.966,13.833,-10.13,False,False
PFG,universe,2026-10-07,108.73,-0.884,111.794,112.871,113.188,100.629,False,False,2.299,2.114,0.946,-1.801,-1.939,1262900.0,0.945,160.998,0.103,119.06,109.36,121.18,75.304,-10.274,False,False,-5.485,-1.892,17.23,5,-7.207,-5.543,1.676,False,False
PG,universe,2026-10-07,147.82,-0.398,146.705,146.421,145.679,146.275,False,False,2.384,1.613,0.866,0.587,0.898,8675200.0,0.985,1212.281,0.031,149.68,141.86,164.77,134.624,-10.287,True,False,1.539,1.412,3.551,6,-0.183,-2.238,-12.003,False,False
PGR,universe,2026-10-07,214.12,0.976,211.218,211.974,214.061,208.206,False,False,4.322,2.019,0.868,0.497,0.014,2551200.0,1.01,628.781,0.593,221.973,200.863,239.265,187.69,-10.509,False,False,-0.315,-6.665,8.192,6,-2.037,-10.315,-7.362,False,False
PH,universe,2026-10-07,952.79,-3.261,966.823,966.454,986.219,943.523,False,False,21.575,2.264,0.891,-0.633,-1.549,451100.0,0.73,521.269,0.044,992.0,911.41,1097.729,709.463,-13.204,False,False,-0.322,0.584,-0.951,6,-2.044,-3.067,-16.505,False,False
PHM,universe,2026-10-07,112.33,-3.247,116.081,118.159,123.773,124.06,False,True,3.239,2.884,0.89,-1.8,-3.533,2220800.0,1.458,211.457,0.386,122.68,112.52,143.573,108.024,-21.761,False,False,-6.241,-9.007,-6.331,8,-7.963,-12.658,-21.885,False,False
PKG,universe,2026-10-07,227.25,-1.084,230.84,233.077,240.441,224.306,False,False,4.968,2.186,0.822,-1.173,-2.655,491100.0,0.861,141.117,0.296,242.63,223.881,258.308,186.769,-12.024,False,True,-1.409,1.885,9.09,5,-3.131,-1.766,-6.464,False,False
PLD,universe,2026-10-07,127.3,-1.072,129.985,132.262,136.78,136.023,False,False,2.137,1.679,0.836,-2.322,-4.436,3605600.0,0.913,487.187,0.119,136.824,127.29,152.142,107.65,-16.328,False,False,-7.344,-9.231,-5.944,7,-9.066,-12.882,-21.498,False,False
PM,universe,2026-10-07,192.69,1.203,189.854,189.199,188.175,175.538,True,False,4.253,2.207,0.891,0.821,1.062,3937800.0,0.866,860.759,0.927,193.828,180.006,205.994,137.255,-6.458,False,True,5.203,7.271,21.756,6,3.481,3.62,6.202,False,False
PNC,universe,2026-10-07,217.72,-1.108,222.321,227.633,240.171,226.184,False,False,4.289,1.97,0.963,-2.311,-5.234,2223200.0,1.346,456.892,0.424,246.96,215.35,258.96,172.817,-15.925,False,False,-10.37,-12.536,0.173,8,-12.092,-16.186,-15.381,False,False
PNR,universe,2026-10-07,52.19,-1.417,53.321,55.013,60.318,79.839,False,True,1.413,2.707,0.705,-1.998,-5.753,2333900.0,0.721,138.929,0.396,58.1,51.76,111.446,51.64,-53.17,False,False,-10.969,-29.706,-41.922,10,-12.691,-33.357,-57.476,False,False
PNW,universe,2026-10-07,97.54,-0.51,95.398,95.326,97.361,97.994,False,False,1.741,1.785,0.963,1.272,0.103,1443800.0,1.216,127.216,0.279,98.32,90.27,110.158,83.829,-11.455,False,False,-0.51,-7.797,-3.705,5,-2.232,-11.447,-19.259,False,False
PODD,universe,2026-10-07,134.36,-0.275,134.429,136.714,143.415,191.043,False,True,4.412,3.284,0.7,-0.533,-2.052,1032900.0,0.579,228.704,0.273,143.45,128.01,354.88,126.4,-62.139,False,False,-5.566,-15.118,-33.979,5,-7.289,-18.768,-49.533,False,False
PPG,universe,2026-10-07,105.08,-1.352,105.712,106.675,110.272,110.984,False,True,2.392,2.277,0.812,-0.667,-2.17,1972400.0,1.179,186.397,0.823,109.72,101.7,130.993,91.349,-19.782,False,False,-4.229,-8.819,-3.664,7,-5.951,-12.469,-19.218,False,False
PPL,universe,2026-10-07,33.95,0.742,33.134,33.269,34.111,35.582,False,False,0.543,1.598,0.871,1.256,-0.296,6874700.0,0.895,227.741,0.953,34.929,31.56,39.462,31.56,-13.968,False,True,-2.416,-4.003,-11.858,4,-4.138,-7.654,-27.412,False,False
PRU,universe,2026-10-07,112.36,-1.039,114.409,116.05,119.043,106.631,False,False,2.314,2.06,0.952,-1.594,-2.888,1604100.0,0.938,180.141,0.71,120.27,110.61,126.262,89.62,-11.011,False,True,-5.88,-1.168,19.199,6,-7.602,-4.818,3.645,False,False
PSA,universe,2026-10-07,281.99,-1.35,285.197,289.952,304.857,294.725,False,False,5.516,1.956,0.829,-1.443,-4.146,975700.0,1.092,265.521,0.07,302.06,280.02,332.142,249.062,-15.1,True,False,-5.543,-10.793,-0.852,7,-7.265,-14.443,-16.406,False,False
PSX,universe,2026-10-07,271.62,0.678,264.367,259.846,244.139,184.554,True,False,8.379,3.085,1.149,1.405,3.28,1844200.0,0.627,849.447,0.214,277.12,248.51,277.12,123.095,-1.985,False,False,4.816,43.853,63.717,5,3.094,40.203,48.163,False,False
PTC,universe,2026-10-07,193.6,0.311,164.288,153.277,146.422,145.379,True,False,7.39,3.817,1.362,5.457,6.384,7518800.0,3.411,623.637,0.555,196.05,126.79,206.82,108.5,-6.392,False,False,45.28,56.394,34.146,5,43.558,52.744,18.592,False,False
PWR,universe,2026-10-07,701.07,-2.57,674.002,657.802,648.331,609.603,True,False,23.775,3.391,0.883,1.82,2.218,1057500.0,1.007,572.933,0.628,722.21,607.346,788.495,404.194,-11.088,False,False,9.724,4.942,21.702,4,8.002,1.292,6.148,False,False
PYPL,universe,2026-10-07,54.95,0.623,53.912,54.064,56.298,49.934,False,False,1.52,2.766,0.898,0.583,-0.887,10747200.0,0.892,624.963,0.654,55.545,50.802,78.341,38.124,-29.858,False,False,3.328,21.548,20.539,3,1.606,17.898,4.985,False,False
Q,universe,2026-10-07,129.72,-2.926,128.378,126.43,127.524,126.384,False,False,4.651,3.586,0.724,0.707,0.472,971000.0,0.554,185.097,0.517,133.87,111.75,177.162,70.319,-26.779,False,False,5.224,-9.517,0.411,4,3.502,-13.168,-15.143,False,False
RCL,universe,2026-10-07,282.32,-2.237,269.408,265.012,279.387,284.044,False,False,10.181,3.606,1.049,1.7,0.288,2415700.0,1.002,851.387,0.172,289.17,222.22,350.589,222.22,-19.473,True,True,7.372,-1.417,2.224,5,5.65,-5.067,-13.33,False,False
RDDT,universe,2026-10-07,152.71,2.524,149.802,151.3,154.836,167.398,False,False,7.236,4.738,0.727,0.195,-0.294,2687400.0,0.422,721.043,0.781,166.18,141.322,263.5,119.27,-42.046,False,False,2.229,-23.763,5.317,6,0.507,-27.413,-10.237,False,False
REG,universe,2026-10-07,70.8,-0.868,71.925,72.811,74.827,75.065,False,True,0.986,1.393,0.842,-2.039,-4.085,1319800.0,1.004,101.037,0.051,75.83,70.86,82.821,64.444,-14.515,False,True,-5.812,-9.974,-7.279,8,-7.534,-13.624,-22.833,False,False
REGN,universe,2026-10-07,742.12,0.46,751.025,766.713,788.39,734.396,False,False,20.545,2.768,1.022,-1.197,-2.252,626400.0,0.826,589.274,0.407,813.53,722.02,859.34,538.24,-13.641,False,False,-8.415,11.234,-4.053,7,-10.137,7.584,-19.607,False,False
RF,universe,2026-10-07,26.7,-1.294,27.22,27.909,29.574,28.231,False,False,0.541,2.028,0.943,-2.232,-5.308,8796900.0,1.056,274.344,0.379,30.41,26.14,32.144,21.818,-16.936,False,True,-11.207,-11.803,-0.879,6,-12.929,-15.453,-16.433,False,False
RJF,universe,2026-10-07,157.25,-1.367,159.714,162.796,171.113,159.741,False,False,3.669,2.333,0.959,-1.512,-3.779,1418900.0,1.227,211.763,0.547,176.345,154.969,182.106,137.854,-13.649,False,True,-10.626,-6.479,7.125,7,-12.348,-10.129,-8.429,False,False
RL,universe,2026-10-07,361.14,-2.042,358.863,354.926,361.455,363.3,False,False,9.735,2.696,0.842,0.638,-0.032,454200.0,0.7,222.502,0.507,368.92,329.989,419.377,303.331,-13.886,False,False,4.302,-6.556,-3.289,3,2.58,-10.207,-18.843,False,False
RMD,universe,2026-10-07,225.98,2.397,222.578,223.212,224.307,224.384,False,False,5.583,2.471,0.847,0.496,0.3,1128400.0,0.828,263.804,0.6,234.33,215.8,281.888,179.754,-19.833,False,False,2.23,8.721,-1.473,5,0.508,5.07,-17.027,False,False
ROK,universe,2026-10-07,441.9,-1.961,441.648,436.517,436.406,422.66,True,False,10.531,2.383,0.856,0.511,0.522,783100.0,1.019,302.847,0.359,460.2,406.92,495.833,328.318,-10.877,False,False,2.976,-5.181,14.016,6,1.254,-8.831,-1.538,False,False
ROL,universe,2026-10-07,30.87,1.713,30.766,31.936,34.736,48.857,False,False,0.91,2.948,0.873,-1.172,-4.248,9110300.0,1.462,262.752,0.478,35.5,29.29,65.397,29.29,-52.796,False,False,-11.674,-30.712,-43.096,8,-13.396,-34.362,-58.651,False,False
ROP,universe,2026-10-07,358.57,-1.024,360.542,368.398,388.973,365.955,False,False,9.393,2.62,0.823,-1.046,-3.237,458500.0,0.572,326.872,0.14,402.348,346.578,516.295,304.429,-30.549,False,False,-9.144,0.992,1.271,7,-10.866,-2.658,-14.283,False,False
ROST,universe,2026-10-07,225.53,0.589,229.277,230.683,236.363,217.79,False,False,5.098,2.26,0.924,-1.011,-2.125,1676100.0,0.71,462.907,0.533,239.73,221.77,256.504,146.273,-12.076,False,False,-1.648,2.432,0.864,8,-3.37,-1.218,-14.69,False,False
RSG,universe,2026-10-07,216.18,0.671,212.985,214.325,216.016,213.847,False,False,3.612,1.671,0.882,0.513,0.046,1284700.0,0.853,326.886,0.263,226.584,205.86,231.33,195.204,-6.549,False,False,-2.142,-0.827,0.464,7,-3.864,-4.477,-15.09,False,False
RTX,universe,2026-10-07,180.26,-1.653,185.671,190.525,204.315,193.905,False,False,3.454,1.916,0.77,-2.972,-6.965,4216000.0,0.985,769.833,0.086,200.38,182.41,226.41,153.364,-20.383,False,False,-9.331,-7.347,-10.747,8,-11.053,-10.997,-26.301,False,False
RVTY,universe,2026-10-07,153.6,0.196,151.112,145.315,130.501,107.051,True,False,5.833,3.798,1.391,1.42,3.96,2233600.0,1.165,342.678,0.643,166.25,120.9,166.25,81.169,-7.609,False,False,20.869,36.075,70.151,4,19.147,32.424,54.597,False,False
SBAC,universe,2026-10-07,170.38,0.401,166.483,170.731,179.171,188.837,False,False,5.111,3.0,0.927,-0.069,-1.72,790200.0,0.792,168.428,0.559,189.55,156.6,221.583,156.6,-23.108,False,False,-9.704,-5.987,-21.086,9,-11.426,-9.637,-36.64,False,False
SBUX,universe,2026-10-07,93.58,-2.632,94.991,96.631,101.638,98.034,False,False,2.13,2.276,0.833,-1.433,-3.784,9423700.0,1.328,710.363,0.126,101.67,92.76,109.879,76.049,-14.833,False,False,-8.264,-11.552,-2.614,7,-9.986,-15.202,-18.168,False,False
SCHW,universe,2026-10-07,95.58,-1.26,98.281,100.875,105.813,97.883,False,False,2.152,2.252,0.977,-2.46,-4.755,7122100.0,0.911,855.307,0.561,109.56,96.32,114.53,83.716,-16.546,False,False,-10.564,-5.938,-0.514,7,-12.286,-9.588,-16.068,False,False
SHW,universe,2026-10-07,315.0,-1.918,321.473,324.881,337.836,331.834,False,False,7.801,2.477,0.894,-1.267,-2.927,1745900.0,0.995,572.931,0.55,336.54,313.26,375.095,289.192,-16.021,False,False,-3.401,-4.91,-5.697,9,-5.123,-8.56,-21.251,False,False
SJM,universe,2026-10-07,115.93,-0.745,118.14,119.973,121.978,107.343,False,False,2.747,2.369,0.852,-1.472,-2.202,1017000.0,0.786,151.64,0.13,124.84,115.11,135.89,86.471,-14.688,False,False,-7.003,5.544,26.149,7,-8.725,1.894,10.595,False,False
SLB,universe,2026-10-07,47.96,-4.08,49.901,51.178,52.666,50.24,False,False,1.684,3.511,0.977,-1.911,-2.794,15078800.0,1.201,700.878,0.137,59.25,47.72,60.148,30.885,-20.263,False,False,-16.007,2.051,-6.589,8,-17.729,-1.599,-22.143,False,False
SNA,universe,2026-10-07,359.89,-2.366,367.113,371.519,386.727,375.947,False,False,6.245,1.735,0.853,-1.862,-4.297,360100.0,1.23,108.285,0.165,387.52,361.22,420.412,312.338,-14.396,False,False,-5.262,-9.476,-4.21,5,-6.984,-13.126,-19.764,False,False
SNDK,universe,2026-10-07,1692.42,1.925,1714.293,1694.983,1564.591,1167.96,False,False,96.812,5.72,0.686,-0.026,1.32,9110600.0,0.727,14844.077,0.646,1909.48,1504.2,2354.39,115.68,-28.116,False,False,-2.622,-8.925,116.727,5,-4.344,-12.575,101.173,False,False
SNPS,universe,2026-10-07,502.67,-0.495,466.738,442.011,414.608,445.508,False,False,19.011,3.782,1.23,3.191,4.632,1632200.0,0.807,1046.482,0.35,508.38,362.55,539.48,362.55,-6.823,False,True,28.222,13.375,22.555,4,26.5,9.725,7.001,False,False
SO,universe,2026-10-07,85.44,0.0,84.383,85.205,88.414,91.006,False,False,1.288,1.507,0.822,0.182,-2.309,5625200.0,0.923,555.497,0.305,89.19,81.69,98.447,81.69,-13.212,False,False,-3.989,-9.482,-10.612,6,-5.711,-13.133,-26.166,False,False
SOLV,universe,2026-10-07,85.88,-1.333,87.787,88.292,88.451,78.044,False,False,1.902,2.214,0.789,-1.268,-1.352,981100.0,0.923,79.028,0.297,91.87,86.26,94.16,62.38,-8.794,False,False,-4.694,13.06,31.617,7,-6.416,9.409,16.063,False,False
SPG,universe,2026-10-07,197.59,-2.057,201.683,204.082,211.673,200.378,False,False,3.023,1.53,0.837,-2.148,-4.659,1228300.0,0.959,252.894,0.058,210.44,198.41,235.967,164.566,-16.264,False,False,-5.743,-9.103,4.052,4,-7.465,-12.753,-11.502,False,False
SPGI,universe,2026-10-07,395.18,-0.24,395.716,402.478,414.61,421.259,False,True,9.147,2.315,0.812,-0.798,-2.124,1430800.0,0.712,767.031,0.889,431.64,382.21,518.882,358.552,-23.84,False,False,-7.95,-8.521,-3.969,6,-9.672,-12.171,-19.523,False,False
SRE,universe,2026-10-07,79.69,-0.35,79.0,79.927,82.725,88.61,False,False,1.47,1.845,0.798,-0.161,-2.065,2494300.0,0.634,275.46,0.64,85.432,76.21,99.487,76.21,-19.899,False,True,-5.979,-15.072,-18.15,9,-7.702,-18.722,-33.704,False,False
STE,universe,2026-10-07,209.68,0.494,209.833,212.293,222.928,226.404,False,True,4.294,2.048,0.787,-0.608,-3.086,669800.0,0.966,146.746,0.366,218.25,203.32,267.144,193.969,-21.511,True,False,-4.01,-2.63,-6.259,11,-5.732,-6.28,-21.813,False,False
STLD,universe,2026-10-07,234.09,-1.713,233.18,234.161,241.49,216.841,False,False,7.654,3.27,0.885,-0.009,-0.967,579800.0,0.527,227.342,0.219,246.51,219.1,287.399,139.374,-18.549,False,True,-2.355,5.67,25.391,6,-4.077,2.02,9.837,False,False
STT,universe,2026-10-07,174.19,-0.888,176.851,179.793,184.78,154.072,False,False,3.852,2.212,0.906,-1.455,-2.749,1607500.0,0.923,400.466,0.953,193.495,170.05,194.898,102.216,-10.625,False,False,-8.738,-2.802,29.277,8,-10.46,-6.452,13.723,False,False
STX,universe,2026-10-07,807.57,0.241,865.178,867.372,855.858,657.968,False,False,55.968,6.93,0.887,-1.069,-0.863,4415300.0,0.975,3939.489,0.893,946.36,757.743,1143.268,207.775,-29.363,False,False,-10.633,-9.198,62.965,6,-12.355,-12.849,47.411,False,False
STZ,universe,2026-10-07,118.39,2.352,115.494,118.096,126.121,141.445,False,False,3.078,2.6,0.931,0.095,-2.511,6339300.0,2.997,308.193,0.691,125.76,110.6,166.173,110.6,-28.755,False,False,-2.141,-9.904,-20.059,5,-3.863,-13.555,-35.613,False,False
SW,universe,2026-10-07,41.29,-2.595,43.246,44.182,46.117,42.704,False,False,1.33,3.22,0.811,-2.175,-3.63,3627300.0,0.795,195.711,0.244,47.29,41.695,51.52,31.786,-19.857,False,False,-6.71,-3.079,-0.325,6,-8.432,-6.729,-15.879,False,False
SWK,universe,2026-10-07,88.31,-1.867,89.704,90.635,94.643,82.719,False,False,2.718,3.078,0.933,-0.855,-2.33,1609400.0,0.866,155.516,0.972,93.84,85.88,103.777,59.354,-14.904,False,False,-5.863,2.601,25.935,7,-7.585,-1.049,10.381,False,False
SWKS,universe,2026-10-07,83.43,0.773,84.879,83.567,75.466,65.63,False,False,4.56,5.466,1.247,-0.03,1.747,9223100.0,1.279,793.36,0.511,92.8,74.18,92.8,51.483,-10.097,False,False,10.679,39.166,48.841,4,8.957,35.516,33.287,False,False
SYF,universe,2026-10-07,71.93,-0.319,72.178,73.372,76.487,74.058,False,False,1.749,2.431,0.862,-0.825,-2.606,2108200.0,0.689,208.186,0.706,78.3,69.4,87.674,62.555,-17.958,False,False,-8.509,0.937,0.783,7,-10.231,-2.713,-14.771,False,False
SYK,universe,2026-10-07,275.4,-1.006,277.092,281.93,306.852,327.154,False,True,8.014,2.91,0.805,-0.815,-3.925,1918900.0,0.708,792.655,0.126,289.593,266.157,388.249,266.157,-29.066,False,False,-0.057,-15.542,-18.529,6,-1.779,-19.192,-34.083,False,False
SYY,universe,2026-10-07,76.79,-0.852,77.437,78.328,80.838,78.744,False,False,1.438,1.873,0.833,-1.07,-2.814,2378200.0,0.602,390.314,0.104,84.101,76.09,89.922,66.759,-14.604,False,False,-3.135,-5.721,3.592,7,-4.857,-9.371,-11.962,False,False
T,universe,2026-10-07,24.47,0.164,24.628,24.911,24.965,24.802,False,False,0.495,2.023,0.822,-0.892,-1.001,31885300.0,0.827,939.045,0.027,26.93,23.97,28.75,19.627,-14.887,False,False,-4.414,17.86,-8.383,8,-6.136,14.209,-23.937,False,False
TDG,universe,2026-10-07,1096.21,-0.645,1099.016,1112.209,1168.4,1244.934,False,True,25.17,2.296,0.807,-0.636,-2.868,399400.0,0.981,450.174,0.719,1156.8,1071.25,1463.03,1071.25,-25.073,False,True,-4.273,-15.397,-10.138,7,-5.995,-19.047,-25.692,False,False
TDY,universe,2026-10-07,604.15,-2.904,612.525,613.469,631.603,625.154,False,False,11.276,1.866,0.754,-0.826,-2.435,300700.0,1.063,169.324,0.148,625.35,590.1,697.67,483.02,-13.405,False,False,-0.154,-4.334,-8.505,5,-1.876,-7.984,-24.059,False,False
TECH,universe,2026-10-07,72.53,0.138,72.472,72.407,72.288,62.145,True,False,0.194,0.268,0.485,0.633,1.249,3153500.0,1.025,233.638,0.833,72.69,72.08,72.69,43.072,-0.22,True,False,0.304,2.052,31.76,2,-1.418,-1.598,16.206,False,False
TEL,universe,2026-10-07,215.83,-1.676,215.889,213.084,209.576,212.967,False,False,5.684,2.634,0.879,0.483,1.1,1846000.0,0.921,379.994,0.404,223.52,200.43,250.609,189.53,-13.878,False,False,5.288,8.93,-2.475,4,3.566,5.28,-18.029,False,False
TER,universe,2026-10-07,411.78,-4.308,414.281,398.602,380.478,338.464,False,False,20.434,4.962,0.797,0.645,1.532,2396200.0,0.847,954.794,0.587,451.86,326.37,487.723,131.495,-15.571,False,False,10.676,13.56,15.017,4,8.954,9.909,-0.537,False,False
TFC,universe,2026-10-07,45.58,-1.449,46.636,47.651,49.89,49.008,False,False,0.944,2.071,0.952,-2.194,-4.566,7585200.0,1.071,409.926,0.464,51.33,45.06,54.517,39.105,-16.393,False,False,-9.832,-10.392,-5.624,6,-11.554,-14.042,-21.178,False,False
TGT,universe,2026-10-07,150.92,-2.21,155.016,156.191,156.193,128.173,False,False,3.746,2.482,0.878,-1.407,-1.408,4512000.0,1.103,578.764,0.041,162.38,150.67,170.75,81.204,-11.613,False,False,-7.246,14.976,24.687,7,-8.968,11.325,9.133,False,False
TJX,universe,2026-10-07,138.8,1.292,134.05,133.304,139.667,151.557,False,False,2.876,2.072,0.907,1.911,-0.302,9588900.0,1.218,1205.958,0.643,137.24,122.78,169.465,122.78,-18.095,False,False,7.664,-7.728,-13.577,4,5.942,-11.379,-29.131,False,False
TKO,universe,2026-10-07,178.64,1.235,179.583,182.764,187.299,194.665,False,True,5.575,3.121,0.995,-0.74,-1.553,999900.0,0.887,213.845,0.934,197.003,171.19,224.234,171.19,-20.333,False,False,-8.165,-4.681,-8.617,6,-9.887,-8.331,-24.171,False,False
TMO,universe,2026-10-07,662.06,0.835,662.839,653.01,622.968,543.269,False,False,18.344,2.771,1.141,0.493,2.131,1825300.0,0.905,1543.427,0.532,694.33,594.364,694.33,434.501,-4.648,False,False,9.875,26.273,31.735,5,8.153,22.623,16.181,False,False
TMUS,universe,2026-10-07,167.65,1.037,165.808,168.668,175.093,188.983,False,False,4.169,2.486,0.777,-0.244,-1.786,3883400.0,0.826,869.6,0.266,185.58,160.81,226.241,160.81,-25.897,False,False,-7.727,-7.088,-14.217,6,-9.449,-10.738,-29.771,False,False
TPL,universe,2026-10-07,345.79,-2.638,344.103,348.905,361.737,396.894,False,False,13.468,3.895,0.836,-0.231,-1.184,285800.0,0.737,140.48,0.254,393.0,324.8,544.865,268.084,-36.537,False,False,-9.455,-11.369,-22.621,6,-11.177,-15.019,-38.175,False,False
TPR,universe,2026-10-07,113.42,-2.852,115.654,117.27,128.379,137.712,False,True,3.382,2.982,0.747,-1.139,-4.423,2283900.0,0.705,346.904,0.212,121.16,109.79,164.178,91.818,-30.916,False,False,-3.538,-18.638,-24.171,7,-5.26,-22.288,-39.726,False,False
TRGP,universe,2026-10-07,283.96,-0.616,282.415,283.252,282.145,248.35,False,False,7.461,2.628,0.945,0.095,0.243,1180900.0,0.965,345.181,0.733,298.18,267.0,307.94,141.106,-7.787,False,False,-3.51,4.494,17.509,5,-5.232,0.843,1.955,False,False
TRMB,universe,2026-10-07,60.06,-1.46,58.752,58.461,58.499,62.373,False,False,1.68,2.797,0.883,0.952,0.929,1880400.0,0.608,137.425,0.632,61.48,56.01,84.42,47.92,-28.856,True,False,2.178,13.944,-10.009,2,0.456,10.294,-25.563,False,False
TROW,universe,2026-10-07,104.07,0.454,104.347,105.131,108.273,101.611,False,False,2.05,1.97,0.85,-0.517,-2.05,1740900.0,1.059,170.631,0.884,108.273,101.45,120.501,83.175,-13.636,False,False,-3.706,-9.983,16.141,10,-5.428,-13.634,0.587,False,False
TRV,universe,2026-10-07,360.61,-0.008,362.007,364.369,369.0,319.209,False,False,6.291,1.745,0.834,-0.598,-1.334,1009500.0,0.648,482.293,0.486,383.99,353.79,397.341,248.463,-9.244,False,False,-1.044,7.219,20.48,5,-2.766,3.569,4.926,False,False
TSCO,universe,2026-10-07,32.52,0.712,32.004,32.425,33.473,39.117,False,False,1.003,3.084,0.931,0.094,-0.95,10333700.0,1.003,327.042,0.457,35.09,30.53,56.842,28.165,-42.788,False,False,-7.849,8.714,-27.097,7,-9.571,5.064,-42.651,False,False
TSN,universe,2026-10-07,51.7,-0.52,51.547,52.086,54.545,59.02,False,False,1.045,2.021,0.743,-0.369,-2.723,3322500.0,0.972,181.885,0.516,54.24,49.96,68.262,48.843,-24.262,False,False,-1.109,-9.578,-18.604,5,-2.831,-13.228,-34.158,False,False
TT,universe,2026-10-07,467.27,-1.914,459.925,453.16,453.435,447.2,False,False,11.111,2.378,0.89,1.27,1.245,1605100.0,1.378,557.521,0.467,480.39,413.97,504.677,345.619,-7.412,False,False,4.769,-0.768,4.442,4,3.047,-4.418,-11.112,False,False
TTWO,universe,2026-10-07,204.01,0.731,204.439,208.605,223.942,223.961,False,True,5.961,2.922,0.767,-0.771,-3.344,2207600.0,0.874,505.818,0.589,224.26,199.46,265.94,187.63,-23.287,False,False,-4.351,-17.103,0.93,7,-6.073,-20.753,-14.624,False,False
TXN,universe,2026-10-07,288.98,-2.776,285.345,278.439,271.385,248.981,True,False,8.113,2.807,0.821,1.299,2.169,4566900.0,0.756,1567.611,0.611,298.75,255.82,332.328,150.203,-13.044,False,False,11.61,-5.857,39.749,5,9.888,-9.507,24.195,False,False
TXT,universe,2026-10-07,73.03,-3.31,76.208,77.83,81.997,89.381,False,True,1.764,2.415,0.81,-2.721,-5.084,2424000.0,1.354,149.862,0.061,82.79,75.28,101.501,72.88,-28.05,False,False,-8.161,-19.221,-20.035,7,-9.883,-22.871,-35.589,False,False
TYL,universe,2026-10-07,332.34,0.432,329.041,333.05,337.035,343.651,False,False,11.226,3.378,0.817,-0.063,-0.418,351200.0,0.4,227.676,0.694,362.0,312.04,524.43,270.71,-36.628,False,True,-4.451,6.858,1.36,6,-6.173,3.208,-14.194,False,False
UAL,universe,2026-10-07,110.17,-1.52,111.234,111.452,115.245,109.105,False,False,3.895,3.535,0.929,-0.329,-1.303,5331700.0,1.498,472.555,0.709,118.26,104.59,138.77,84.64,-20.61,False,True,1.783,-14.63,14.403,7,0.061,-18.28,-1.151,False,False
UDR,universe,2026-10-07,33.32,-1.74,33.751,34.303,36.037,36.409,False,True,0.596,1.788,0.899,-1.65,-4.562,3323600.0,0.904,142.567,0.0,36.111,33.1,41.519,31.784,-19.748,False,False,-7.347,-15.077,-2.545,8,-9.069,-18.727,-18.099,False,False
UHS,universe,2026-10-07,174.62,-1.389,176.063,175.64,173.437,179.7,False,False,4.824,2.762,0.859,-0.211,0.245,540200.0,0.699,135.165,0.109,186.06,169.04,245.262,139.916,-28.803,False,False,1.588,12.645,-6.261,6,-0.134,8.995,-21.815,False,False
ULTA,universe,2026-10-07,545.48,-0.331,545.113,543.857,538.118,555.001,False,False,14.823,2.718,0.895,0.109,0.497,321700.0,0.547,248.819,0.426,566.1,529.01,714.97,443.6,-23.706,False,False,-0.683,18.521,2.376,9,-2.405,14.87,-13.178,False,False
UNH,universe,2026-10-07,375.98,-0.09,374.758,377.894,389.448,353.337,False,False,8.869,2.359,0.886,-0.216,-1.518,5628600.0,1.222,1838.053,0.346,404.042,362.6,458.795,252.959,-18.051,False,False,-5.624,-12.367,24.34,4,-7.346,-16.017,8.786,False,False
UNP,universe,2026-10-07,274.68,-0.698,275.842,278.891,288.469,263.336,False,False,4.747,1.728,0.797,-0.887,-2.905,1727500.0,0.68,708.236,0.039,289.02,268.26,314.53,211.081,-12.67,False,False,-4.774,-3.187,11.352,9,-6.496,-6.838,-4.202,False,False
UPS,universe,2026-10-07,92.29,-0.881,93.844,95.947,100.419,102.376,False,True,1.921,2.082,0.798,-1.903,-4.231,5163200.0,1.05,478.704,0.053,103.08,91.56,116.862,76.946,-21.026,False,False,-8.151,-15.332,-5.085,6,-9.873,-18.982,-20.639,False,False
URI,universe,2026-10-07,1037.44,-3.996,1046.52,1039.812,1061.121,949.233,False,False,34.351,3.311,1.038,-0.069,-0.689,493400.0,1.073,505.1,0.312,1101.41,968.51,1177.149,698.938,-11.868,False,False,2.194,-4.541,36.899,5,0.472,-8.192,21.345,False,False
USB,universe,2026-10-07,56.17,-1.955,57.625,58.74,61.198,56.686,False,False,1.084,1.931,0.966,-2.37,-4.637,9189600.0,1.286,496.035,0.239,62.772,56.04,65.466,43.352,-14.2,False,False,-9.271,-8.406,3.291,9,-10.993,-12.056,-12.263,False,False
VEEV,universe,2026-10-07,282.5,-0.353,278.993,273.295,256.085,202.209,True,False,9.0,3.186,0.983,1.023,2.935,1118500.0,0.636,407.3,0.376,291.4,257.87,310.5,148.05,-9.018,False,True,6.668,48.919,69.598,4,4.946,45.269,54.044,False,False
VICI,universe,2026-10-07,22.64,-0.396,22.979,23.524,24.793,26.448,False,True,0.376,1.659,0.832,-2.354,-5.732,10765700.0,1.052,247.043,0.583,24.875,22.425,30.212,22.425,-25.063,False,True,-8.695,-11.019,-15.397,8,-10.417,-14.67,-30.951,False,False
VLO,universe,2026-10-07,424.1,1.164,406.342,394.343,362.164,262.792,True,False,15.113,3.563,1.235,1.969,4.098,1830700.0,0.594,1519.848,0.369,422.99,364.96,428.99,152.066,-1.14,False,True,10.774,51.374,78.502,2,9.052,47.724,62.948,True,True
VLTO,universe,2026-10-07,95.73,-0.746,95.725,95.785,96.523,92.668,False,False,1.764,1.843,0.827,-0.031,-0.449,1317000.0,0.79,168.912,0.572,97.444,92.795,105.953,79.805,-9.649,False,False,0.344,4.081,6.113,5,-1.378,0.431,-9.441,False,False
VMC,universe,2026-10-07,244.13,-1.897,245.455,248.8,262.78,282.548,False,True,6.603,2.705,0.878,-0.707,-2.824,874900.0,0.774,310.637,0.506,254.55,237.03,329.197,237.03,-25.841,False,False,-5.486,-15.29,-16.238,6,-7.208,-18.94,-31.792,False,False
VMRK,universe,2026-10-07,59.29,-1.789,60.21,61.28,63.712,62.609,False,False,1.234,2.081,0.934,-1.613,-3.584,4029100.0,0.736,377.447,0.008,65.669,58.64,70.659,55.634,-16.09,False,False,-9.359,-11.888,-0.298,7,-11.081,-15.538,-15.852,False,False
VRSK,universe,2026-10-07,168.68,2.107,167.805,171.791,181.331,188.311,False,False,5.073,3.007,0.754,-0.613,-2.494,915700.0,0.674,214.263,0.765,186.969,161.51,245.749,155.1,-31.361,False,False,-3.623,-9.56,-3.327,6,-5.345,-13.21,-18.881,False,False
VRSN,universe,2026-10-07,294.22,0.382,290.63,290.741,289.902,265.484,False,False,7.089,2.409,0.846,0.491,0.609,1731900.0,2.297,242.234,0.207,310.0,275.23,311.565,206.926,-5.567,False,False,4.259,9.298,9.217,2,2.537,5.648,-6.337,False,False
VRT,universe,2026-10-07,246.49,-2.627,249.254,251.371,258.84,265.947,False,True,11.482,4.658,0.717,-0.425,-1.076,5472100.0,0.989,1263.487,0.947,290.159,226.94,379.763,147.718,-35.094,False,False,-15.225,-23.885,-12.251,8,-16.947,-27.536,-27.805,False,False
VRTX,universe,2026-10-07,505.64,0.663,511.009,515.948,519.498,474.416,False,False,11.607,2.295,0.853,-0.888,-1.194,806600.0,0.724,509.28,0.225,529.89,496.15,560.25,400.86,-9.747,False,False,-4.398,1.841,13.903,5,-6.12,-1.809,-1.651,False,False
VST,universe,2026-10-07,166.72,3.875,148.4,145.149,143.199,154.332,False,False,6.565,3.938,1.123,3.286,3.583,11979900.0,2.286,946.702,0.901,162.69,133.44,215.846,132.258,-22.76,False,False,10.067,5.705,7.272,5,8.345,2.055,-8.282,False,False
VTR,universe,2026-10-07,80.04,-2.223,83.537,85.556,89.118,84.941,False,False,1.772,2.214,0.855,-3.112,-5.122,4174900.0,1.167,345.34,0.046,91.539,80.77,100.992,65.321,-20.746,False,False,-10.402,-12.228,-3.637,11,-12.124,-15.879,-19.191,False,False
VTRS,universe,2026-10-07,17.49,-0.285,17.544,17.343,16.9,15.228,False,False,0.455,2.603,0.981,0.323,1.296,7543600.0,0.812,159.826,0.195,18.43,16.15,18.43,9.358,-5.1,True,False,5.298,7.841,30.808,8,3.576,4.19,15.253,False,False
VZ,universe,2026-10-07,45.77,-0.457,46.345,47.178,48.232,45.666,False,False,0.867,1.893,0.802,-1.624,-2.841,15876300.0,0.76,1038.794,0.024,51.67,45.29,51.67,36.553,-11.419,False,False,-9.205,10.204,-1.644,8,-10.927,6.554,-17.198,False,False
WAB,universe,2026-10-07,282.44,-2.995,287.775,287.254,289.626,262.193,False,False,6.293,2.228,0.936,-0.765,-1.142,891800.0,1.05,231.206,0.247,294.72,273.01,306.324,185.195,-7.797,False,False,-0.707,8.839,4.975,6,-2.429,5.189,-10.579,False,False
WAT,universe,2026-10-07,435.99,-0.101,433.056,427.284,413.839,364.448,True,False,12.863,2.95,1.061,0.677,1.722,770900.0,1.006,330.482,0.662,454.54,392.95,454.54,282.77,-4.081,False,False,8.21,15.607,36.876,6,6.488,11.957,21.322,False,False
WDAY,universe,2026-10-07,184.26,-1.228,187.852,188.919,188.231,156.794,False,False,7.43,4.032,0.784,-0.627,-0.534,1519200.0,0.395,448.752,0.082,201.0,181.47,247.4,110.36,-25.521,False,False,-1.084,33.194,54.619,4,-2.806,29.543,39.065,False,False
WDC,universe,2026-10-07,405.42,-1.367,433.562,443.045,461.61,403.544,False,False,28.508,7.032,0.743,-1.32,-1.971,7223200.0,0.913,3735.568,0.679,495.49,396.57,799.613,112.31,-49.298,False,True,-15.06,-29.842,19.74,9,-16.782,-33.492,4.186,False,False
WEC,universe,2026-10-07,103.18,-0.01,102.338,103.131,105.689,109.817,False,False,1.639,1.589,0.869,0.03,-1.531,2249200.0,0.863,300.624,0.495,107.43,99.8,118.874,99.8,-13.202,False,True,-3.624,-9.41,-10.495,5,-5.346,-13.06,-26.049,False,False
WELL,universe,2026-10-07,221.12,-2.064,227.37,230.18,234.027,213.491,False,False,4.929,2.229,0.963,-1.838,-2.618,2611500.0,0.921,613.217,0.041,240.31,222.22,254.24,161.374,-13.027,False,False,-6.799,-4.379,8.799,5,-8.521,-8.03,-6.755,False,False
WFC,universe,2026-10-07,80.26,-1.534,81.546,83.157,85.758,83.905,False,False,1.831,2.281,0.963,-1.583,-3.004,13572100.0,1.025,1180.065,0.68,91.99,78.0,96.177,72.365,-16.549,False,False,-8.754,-7.121,-4.108,7,-10.476,-10.772,-19.662,False,False
WM,universe,2026-10-07,208.94,0.51,207.202,209.704,217.369,222.965,False,False,3.393,1.624,0.812,-0.225,-2.484,2277500.0,1.045,472.884,0.127,219.64,200.58,246.063,190.922,-15.087,False,False,-3.635,-9.413,-8.926,7,-5.357,-13.063,-24.48,False,False
WMB,universe,2026-10-07,71.46,-1.285,70.692,71.014,71.777,70.457,False,False,1.846,2.583,0.945,0.241,-0.172,5173400.0,0.718,521.824,0.304,76.306,67.38,78.92,54.529,-9.452,False,False,-5.079,-4.6,-0.684,6,-6.801,-8.251,-16.238,False,False
WRB,universe,2026-10-07,69.73,0.115,68.996,68.973,69.655,68.414,False,False,1.294,1.855,0.908,0.585,0.058,2220300.0,0.861,262.497,0.129,71.358,66.26,77.339,62.219,-9.839,True,True,0.086,-2.771,4.819,4,-1.636,-6.421,-10.735,False,False
WSM,universe,2026-10-07,240.46,-0.739,234.744,232.156,234.137,208.817,False,False,6.842,2.845,0.941,1.214,0.924,963200.0,0.873,259.894,0.368,246.43,216.68,254.89,164.959,-5.661,False,True,5.544,9.78,29.166,3,3.822,6.129,13.611,False,False
WST,universe,2026-10-07,366.48,-1.653,369.413,365.112,354.219,303.622,False,False,8.955,2.443,1.039,0.153,1.369,438000.0,0.771,235.673,0.12,382.71,331.99,385.748,223.515,-4.995,False,False,8.506,2.533,38.005,5,6.784,-1.117,22.451,False,False
WTW,universe,2026-10-07,290.67,-0.449,292.89,300.816,321.685,296.173,False,False,6.702,2.306,0.837,-1.514,-4.628,435100.0,0.786,169.769,0.164,325.294,283.42,350.341,238.94,-17.032,False,False,-10.358,0.868,0.647,9,-12.08,-2.782,-14.907,False,False
WY,universe,2026-10-07,18.57,-0.161,19.216,20.268,22.608,23.707,False,True,0.514,2.77,0.87,-3.3,-7.849,12466300.0,1.963,165.93,0.5,22.83,18.26,27.029,18.26,-31.296,False,False,-18.158,-16.707,-24.09,10,-19.88,-20.358,-39.644,False,False
WYNN,universe,2026-10-07,74.97,-2.153,78.177,81.782,91.355,101.965,False,True,2.622,3.497,0.96,-2.598,-6.25,2404100.0,1.246,199.446,0.131,91.91,75.75,133.747,74.7,-43.946,False,True,-18.705,-23.957,-28.401,9,-20.427,-27.607,-43.955,False,False
XEL,universe,2026-10-07,72.42,-0.426,71.605,72.27,74.877,76.953,False,False,1.276,1.762,0.872,0.117,-1.926,4681700.0,0.852,439.753,0.453,76.444,68.72,82.557,68.72,-12.279,False,False,-5.042,-7.614,-9.705,5,-6.764,-11.264,-25.259,False,False
XYL,universe,2026-10-07,101.82,-2.63,102.969,104.827,110.891,119.723,False,True,2.538,2.493,0.877,-1.185,-3.574,2477700.0,1.092,277.104,0.092,109.84,98.58,152.137,98.58,-33.074,False,False,-6.424,-14.032,-19.819,5,-8.146,-17.682,-35.373,False,False
XYZ,universe,2026-10-07,76.07,-0.614,75.648,76.6,79.41,70.316,False,False,2.216,2.914,0.829,-0.239,-1.507,3005700.0,0.684,297.125,0.762,80.57,72.28,86.92,48.21,-12.483,False,False,-5.031,-1.744,21.073,10,-6.753,-5.394,5.519,False,False
YUM,universe,2026-10-07,140.35,0.365,138.588,140.27,145.629,152.515,False,False,3.073,2.189,0.745,0.026,-1.718,2335900.0,0.98,332.681,0.399,148.64,134.26,169.287,134.26,-17.093,False,True,-5.653,-13.137,-11.645,7,-7.375,-16.787,-27.199,False,False
ZBH,universe,2026-10-07,88.49,-1.327,90.182,91.921,95.67,90.848,False,False,2.526,2.854,0.881,-1.359,-2.843,1991400.0,0.911,201.056,0.101,98.919,87.11,105.748,78.703,-16.32,False,False,-5.834,-0.568,-4.356,7,-7.556,-4.218,-19.91,False,False
ZBRA,universe,2026-10-07,386.05,0.07,375.402,367.37,357.648,269.075,True,False,10.731,2.78,0.874,1.741,2.647,474000.0,0.691,201.039,0.845,390.8,336.4,390.8,199.05,-1.215,True,False,9.505,41.592,74.573,4,7.783,37.941,59.019,False,False
ZTS,universe,2026-10-07,71.55,0.308,71.03,71.836,74.087,96.786,False,False,1.84,2.571,0.758,-0.155,-1.379,4128100.0,0.759,321.513,0.443,74.82,68.77,145.505,68.77,-50.827,True,True,-2.732,-4.037,-39.572,8,-4.454,-7.688,-55.126,False,False
